<?xml version='1.0' encoding='UTF-8' standalone='no'?>
<doxygen xmlns:xsi="http://www.w3.org/2001/XMLSchema-instance" xsi:noNamespaceSchemaLocation="compound.xsd" version="1.8.20" xml:lang="fr">
  <compounddef id="affiche_8c" kind="file" language="C++">
    <compoundname>affiche.c</compoundname>
    <includes local="yes">../header/affiche.h</includes>
    <incdepgraph>
      <node id="1">
        <label>Cours/projet_final_algo/src/affiche.c</label>
        <link refid="affiche_8c"/>
        <childnode refid="2" relation="include">
        </childnode>
      </node>
      <node id="2">
        <label>../header/affiche.h</label>
      </node>
    </incdepgraph>
      <sectiondef kind="func">
      <memberdef kind="function" id="affiche_8c_1a3219855224c5c56861bf28ffacd8f4c2" prot="public" static="no" const="no" explicit="no" inline="no" virt="non-virtual">
        <type>int</type>
        <definition>int mini</definition>
        <argsstring>(int un, int deux)</argsstring>
        <name>mini</name>
        <param>
          <type>int</type>
          <declname>un</declname>
        </param>
        <param>
          <type>int</type>
          <declname>deux</declname>
        </param>
        <briefdescription>
        </briefdescription>
        <detaileddescription>
<para><ref refid="affiche_8h" kindref="compound">affiche.h</ref> Etienne Collet / Lyna Benaibouche</para>
<para>commencer le : 4/04/2021 fini le : ??</para>
<para>Projet final Algo des arbre Université Gustave Eiffel</para>
<para>permet de gere l&apos;affichage </para>
        </detaileddescription>
        <inbodydescription>
        </inbodydescription>
        <location file="Cours/projet_final_algo/src/affiche.c" line="16" column="5" bodyfile="Cours/projet_final_algo/src/affiche.c" bodystart="16" bodyend="20"/>
      </memberdef>
      <memberdef kind="function" id="affiche_8c_1a0159c751ef6262219b7d0d7b4b6d35e8" prot="public" static="no" const="no" explicit="no" inline="no" virt="non-virtual">
        <type>void</type>
        <definition>void affiche_usage</definition>
        <argsstring>()</argsstring>
        <name>affiche_usage</name>
        <briefdescription>
        </briefdescription>
        <detaileddescription>
<para>affiche dans le terminal les differents usage du programe </para>
        </detaileddescription>
        <inbodydescription>
        </inbodydescription>
        <location file="Cours/projet_final_algo/src/affiche.c" line="23" column="6" bodyfile="Cours/projet_final_algo/src/affiche.c" bodystart="23" bodyend="35"/>
      </memberdef>
      <memberdef kind="function" id="affiche_8c_1a096b849016c780063d344f3091d879f9" prot="public" static="no" const="no" explicit="no" inline="no" virt="non-virtual">
        <type>void</type>
        <definition>void ouvre_fenettre</definition>
        <argsstring>(unsigned int *longueur, unsigned int *largeur)</argsstring>
        <name>ouvre_fenettre</name>
        <param>
          <type>unsigned int *</type>
          <declname>longueur</declname>
        </param>
        <param>
          <type>unsigned int *</type>
          <declname>largeur</declname>
        </param>
        <briefdescription>
        </briefdescription>
        <detaileddescription>
<para>ouvre une fenetre graphique </para>
        </detaileddescription>
        <inbodydescription>
        </inbodydescription>
        <location file="Cours/projet_final_algo/src/affiche.c" line="38" column="6" bodyfile="Cours/projet_final_algo/src/affiche.c" bodystart="38" bodyend="46"/>
      </memberdef>
      <memberdef kind="function" id="affiche_8c_1a3ab04a28e24bfd0bac8c7080998a3486" prot="public" static="no" const="no" explicit="no" inline="no" virt="non-virtual">
        <type>void</type>
        <definition>void affiche_menu</definition>
        <argsstring>(char nom[][TMOTS], int nombre)</argsstring>
        <name>affiche_menu</name>
        <param>
          <type>char</type>
          <declname>nom</declname>
          <array>[][TMOTS]</array>
        </param>
        <param>
          <type>int</type>
          <declname>nombre</declname>
        </param>
        <briefdescription>
        </briefdescription>
        <detaileddescription>
<para>affiche le menu du jeu dans l&apos;aplication graphique </para>
        </detaileddescription>
        <inbodydescription>
        </inbodydescription>
        <location file="Cours/projet_final_algo/src/affiche.c" line="49" column="6" bodyfile="Cours/projet_final_algo/src/affiche.c" bodystart="49" bodyend="70"/>
      </memberdef>
      <memberdef kind="function" id="affiche_8c_1aa469059a5c28d190030b4bb40c8e4c2c" prot="public" static="no" const="no" explicit="no" inline="no" virt="non-virtual">
        <type>void</type>
        <definition>void affiche_graph_niv</definition>
        <argsstring>(unsigned int longueur, unsigned int largeur, Niveau niv, int grille)</argsstring>
        <name>affiche_graph_niv</name>
        <param>
          <type>unsigned int</type>
          <declname>longueur</declname>
        </param>
        <param>
          <type>unsigned int</type>
          <declname>largeur</declname>
        </param>
        <param>
          <type><ref refid="struct_niveau" kindref="compound">Niveau</ref></type>
          <declname>niv</declname>
        </param>
        <param>
          <type>int</type>
          <declname>grille</declname>
        </param>
        <briefdescription>
        </briefdescription>
        <detaileddescription>
<para>affiche graphiquement un niveaux </para>
        </detaileddescription>
        <inbodydescription>
        </inbodydescription>
        <location file="Cours/projet_final_algo/src/affiche.c" line="73" column="6" bodyfile="Cours/projet_final_algo/src/affiche.c" bodystart="73" bodyend="141"/>
      </memberdef>
      <memberdef kind="function" id="affiche_8c_1ae33f37392ac61298f75c3d4b846395a4" prot="public" static="no" const="no" explicit="no" inline="no" virt="non-virtual">
        <type>void</type>
        <definition>void affiche_bare_latterale</definition>
        <argsstring>(unsigned int longueur, unsigned int largeur, unsigned int choix)</argsstring>
        <name>affiche_bare_latterale</name>
        <param>
          <type>unsigned int</type>
          <declname>longueur</declname>
        </param>
        <param>
          <type>unsigned int</type>
          <declname>largeur</declname>
        </param>
        <param>
          <type>unsigned int</type>
          <declname>choix</declname>
        </param>
        <briefdescription>
        </briefdescription>
        <detaileddescription>
<para>Affiche la barre latterale de l&apos;affichage graphique </para>
        </detaileddescription>
        <inbodydescription>
        </inbodydescription>
        <location file="Cours/projet_final_algo/src/affiche.c" line="144" column="6" bodyfile="Cours/projet_final_algo/src/affiche.c" bodystart="144" bodyend="199"/>
      </memberdef>
      <memberdef kind="function" id="affiche_8c_1a6923b8b179c37be9caeb3f7579e28461" prot="public" static="no" const="no" explicit="no" inline="no" virt="non-virtual">
        <type>void</type>
        <definition>void affiche_choix_taille</definition>
        <argsstring>(unsigned int longueur, unsigned int largeur, int choix)</argsstring>
        <name>affiche_choix_taille</name>
        <param>
          <type>unsigned int</type>
          <declname>longueur</declname>
        </param>
        <param>
          <type>unsigned int</type>
          <declname>largeur</declname>
        </param>
        <param>
          <type>int</type>
          <declname>choix</declname>
        </param>
        <briefdescription>
        </briefdescription>
        <detaileddescription>
<para>Affiche le choix de la taille de chaque niveau graphiquement </para>
        </detaileddescription>
        <inbodydescription>
        </inbodydescription>
        <location file="Cours/projet_final_algo/src/affiche.c" line="202" column="6" bodyfile="Cours/projet_final_algo/src/affiche.c" bodystart="202" bodyend="212"/>
      </memberdef>
      <memberdef kind="function" id="affiche_8c_1ad9f9778e16322c3b44e8c44ed72ca0b6" prot="public" static="no" const="no" explicit="no" inline="no" virt="non-virtual">
        <type>void</type>
        <definition>void affiche_choix_fichier</definition>
        <argsstring>(unsigned int longueur, unsigned int largeur, int choix)</argsstring>
        <name>affiche_choix_fichier</name>
        <param>
          <type>unsigned int</type>
          <declname>longueur</declname>
        </param>
        <param>
          <type>unsigned int</type>
          <declname>largeur</declname>
        </param>
        <param>
          <type>int</type>
          <declname>choix</declname>
        </param>
        <briefdescription>
        </briefdescription>
        <detaileddescription>
<para>Affiche le choix d&apos;un fichier pour un niveu deja concu dedans graphiquement </para>
        </detaileddescription>
        <inbodydescription>
        </inbodydescription>
        <location file="Cours/projet_final_algo/src/affiche.c" line="215" column="6" bodyfile="Cours/projet_final_algo/src/affiche.c" bodystart="215" bodyend="225"/>
      </memberdef>
      <memberdef kind="function" id="affiche_8c_1aa4ca3ccabe2448f507b5061df19a47e2" prot="public" static="no" const="no" explicit="no" inline="no" virt="non-virtual">
        <type>void</type>
        <definition>void affiche_choix_nombre</definition>
        <argsstring>(int x, int y, int nombre)</argsstring>
        <name>affiche_choix_nombre</name>
        <param>
          <type>int</type>
          <declname>x</declname>
        </param>
        <param>
          <type>int</type>
          <declname>y</declname>
        </param>
        <param>
          <type>int</type>
          <declname>nombre</declname>
        </param>
        <briefdescription>
        </briefdescription>
        <detaileddescription>
        </detaileddescription>
        <inbodydescription>
        </inbodydescription>
        <location file="Cours/projet_final_algo/src/affiche.c" line="228" column="6" bodyfile="Cours/projet_final_algo/src/affiche.c" bodystart="228" bodyend="251"/>
      </memberdef>
      <memberdef kind="function" id="affiche_8c_1aef5c70356e8b378c173eb8186d2afdad" prot="public" static="no" const="no" explicit="no" inline="no" virt="non-virtual">
        <type>void</type>
        <definition>void affiche_choix_txt</definition>
        <argsstring>(int x, int y, char txt[])</argsstring>
        <name>affiche_choix_txt</name>
        <param>
          <type>int</type>
          <declname>x</declname>
        </param>
        <param>
          <type>int</type>
          <declname>y</declname>
        </param>
        <param>
          <type>char</type>
          <declname>txt</declname>
          <array>[]</array>
        </param>
        <briefdescription>
        </briefdescription>
        <detaileddescription>
        </detaileddescription>
        <inbodydescription>
        </inbodydescription>
        <location file="Cours/projet_final_algo/src/affiche.c" line="254" column="6" bodyfile="Cours/projet_final_algo/src/affiche.c" bodystart="254" bodyend="275"/>
      </memberdef>
      <memberdef kind="function" id="affiche_8c_1ae0bd5a4ef4bc4dad4723cc1c3b2d89a2" prot="public" static="no" const="no" explicit="no" inline="no" virt="non-virtual">
        <type>void</type>
        <definition>void affiche_niveau_hist</definition>
        <argsstring>(unsigned int longueur, unsigned int largeur, int choix)</argsstring>
        <name>affiche_niveau_hist</name>
        <param>
          <type>unsigned int</type>
          <declname>longueur</declname>
        </param>
        <param>
          <type>unsigned int</type>
          <declname>largeur</declname>
        </param>
        <param>
          <type>int</type>
          <declname>choix</declname>
        </param>
        <briefdescription>
        </briefdescription>
        <detaileddescription>
<para>Affiche le choix niveau des niveau deja existant dans histoire graphiquement </para>
        </detaileddescription>
        <inbodydescription>
        </inbodydescription>
        <location file="Cours/projet_final_algo/src/affiche.c" line="278" column="6" bodyfile="Cours/projet_final_algo/src/affiche.c" bodystart="278" bodyend="300"/>
      </memberdef>
      <memberdef kind="function" id="affiche_8c_1afeade6092f8c906be92d475a7a616abe" prot="public" static="no" const="no" explicit="no" inline="no" virt="non-virtual">
        <type>void</type>
        <definition>void affiche_paneaux_centre</definition>
        <argsstring>(unsigned int longueur, unsigned int largeur, char *texte)</argsstring>
        <name>affiche_paneaux_centre</name>
        <param>
          <type>unsigned int</type>
          <declname>longueur</declname>
        </param>
        <param>
          <type>unsigned int</type>
          <declname>largeur</declname>
        </param>
        <param>
          <type>char *</type>
          <declname>texte</declname>
        </param>
        <briefdescription>
        </briefdescription>
        <detaileddescription>
<para>affiche un texte dans une boite au millieux de l&apos;ecran </para>
        </detaileddescription>
        <inbodydescription>
        </inbodydescription>
        <location file="Cours/projet_final_algo/src/affiche.c" line="303" column="6" bodyfile="Cours/projet_final_algo/src/affiche.c" bodystart="303" bodyend="313"/>
      </memberdef>
      <memberdef kind="function" id="affiche_8c_1a35ce5334801f31fbb254cce8f4643e1b" prot="public" static="no" const="no" explicit="no" inline="no" virt="non-virtual">
        <type>void</type>
        <definition>void affiche_exit</definition>
        <argsstring>(unsigned int longueur, unsigned int largeur, int *x, int *y)</argsstring>
        <name>affiche_exit</name>
        <param>
          <type>unsigned int</type>
          <declname>longueur</declname>
        </param>
        <param>
          <type>unsigned int</type>
          <declname>largeur</declname>
        </param>
        <param>
          <type>int *</type>
          <declname>x</declname>
        </param>
        <param>
          <type>int *</type>
          <declname>y</declname>
        </param>
        <briefdescription>
        </briefdescription>
        <detaileddescription>
<para>affiche la validation pour quitter le jeux </para>
        </detaileddescription>
        <inbodydescription>
        </inbodydescription>
        <location file="Cours/projet_final_algo/src/affiche.c" line="316" column="6" bodyfile="Cours/projet_final_algo/src/affiche.c" bodystart="316" bodyend="329"/>
      </memberdef>
      </sectiondef>
    <briefdescription>
    </briefdescription>
    <detaileddescription>
    </detaileddescription>
    <programlisting>
<codeline lineno="1"></codeline>
<codeline lineno="13"><highlight class="preprocessor">#include<sp/>&quot;../header/affiche.h&quot;</highlight><highlight class="normal"></highlight></codeline>
<codeline lineno="14"><highlight class="normal"></highlight></codeline>
<codeline lineno="15"><highlight class="normal"></highlight></codeline>
<codeline lineno="16" refid="affiche_8h_1a3219855224c5c56861bf28ffacd8f4c2" refkind="member"><highlight class="normal"></highlight><highlight class="keywordtype">int</highlight><highlight class="normal"><sp/><ref refid="affiche_8c_1a3219855224c5c56861bf28ffacd8f4c2" kindref="member">mini</ref>(</highlight><highlight class="keywordtype">int</highlight><highlight class="normal"><sp/>un,<sp/></highlight><highlight class="keywordtype">int</highlight><highlight class="normal"><sp/>deux){</highlight></codeline>
<codeline lineno="17"><highlight class="normal"><sp/><sp/><sp/><sp/></highlight><highlight class="keywordflow">if</highlight><highlight class="normal">(un<sp/>&lt;=<sp/>deux)</highlight></codeline>
<codeline lineno="18"><highlight class="normal"><sp/><sp/><sp/><sp/><sp/><sp/><sp/><sp/></highlight><highlight class="keywordflow">return</highlight><highlight class="normal"><sp/>un;</highlight></codeline>
<codeline lineno="19"><highlight class="normal"><sp/><sp/><sp/><sp/></highlight><highlight class="keywordflow">return</highlight><highlight class="normal"><sp/>deux;</highlight></codeline>
<codeline lineno="20"><highlight class="normal">}</highlight></codeline>
<codeline lineno="21"><highlight class="normal"></highlight></codeline>
<codeline lineno="22"><highlight class="normal"></highlight></codeline>
<codeline lineno="23" refid="affiche_8h_1a0159c751ef6262219b7d0d7b4b6d35e8" refkind="member"><highlight class="normal"></highlight><highlight class="keywordtype">void</highlight><highlight class="normal"><sp/><ref refid="affiche_8c_1a0159c751ef6262219b7d0d7b4b6d35e8" kindref="member">affiche_usage</ref>(){</highlight></codeline>
<codeline lineno="24"><highlight class="normal"><sp/><sp/><sp/><sp/>system(</highlight><highlight class="stringliteral">&quot;clear&quot;</highlight><highlight class="normal">);</highlight></codeline>
<codeline lineno="25"><highlight class="normal"><sp/><sp/><sp/><sp/>fprintf(stderr,<sp/></highlight><highlight class="stringliteral">&quot;\n\t\t---<sp/>tempsreel<sp/>---\n\n\n\tSYNOPSIS<sp/>:\n\nUsage<sp/>1:<sp/>./tempreels<sp/>--test=&lt;int&gt;\n&quot;</highlight><highlight class="normal">);</highlight></codeline>
<codeline lineno="26"><highlight class="normal"><sp/><sp/><sp/><sp/>fprintf(stderr,<sp/></highlight><highlight class="stringliteral">&quot;\tLance<sp/>le<sp/>programme<sp/>avec<sp/>un<sp/>niveau<sp/>exemple.\n\t<sp/>&lt;int&gt;<sp/>comprie<sp/>entre<sp/>0<sp/>et<sp/>1\n&quot;</highlight><highlight class="normal">);</highlight></codeline>
<codeline lineno="27"><highlight class="normal"><sp/><sp/><sp/><sp/>fprintf(stderr,<sp/></highlight><highlight class="stringliteral">&quot;\nUsage<sp/>2:<sp/>./tempreels<sp/>--usage\n&quot;</highlight><highlight class="normal">);</highlight></codeline>
<codeline lineno="28"><highlight class="normal"><sp/><sp/><sp/><sp/>fprintf(stderr,<sp/></highlight><highlight class="stringliteral">&quot;\taffiche<sp/>les<sp/>diferents<sp/>argumuments<sp/>possible<sp/>du<sp/>programme<sp/>et<sp/>leurs<sp/>fonctionnement\n&quot;</highlight><highlight class="normal">);</highlight></codeline>
<codeline lineno="29"><highlight class="normal"><sp/><sp/><sp/><sp/>fprintf(stderr,<sp/></highlight><highlight class="stringliteral">&quot;\nUsage<sp/>3:<sp/>./tempreels<sp/>--f<sp/>nom_fichier\n&quot;</highlight><highlight class="normal">);</highlight></codeline>
<codeline lineno="30"><highlight class="normal"><sp/><sp/><sp/><sp/>fprintf(stderr,<sp/></highlight><highlight class="stringliteral">&quot;\tOuvre<sp/>le<sp/>niveau<sp/>du<sp/>fichier<sp/>dans<sp/>le<sp/>terminal\n\n&quot;</highlight><highlight class="normal">);</highlight></codeline>
<codeline lineno="31"><highlight class="normal"><sp/><sp/><sp/><sp/>fprintf(stderr,<sp/></highlight><highlight class="stringliteral">&quot;\n\tDESCRIPTION<sp/>:\n\n\tCeci<sp/>est<sp/>un<sp/>petit<sp/>jeux&quot;</highlight><highlight class="normal">);</highlight></codeline>
<codeline lineno="32"><highlight class="normal"><sp/><sp/><sp/><sp/>fprintf(stderr,<sp/></highlight><highlight class="stringliteral">&quot;\nL&apos;objectif<sp/>est<sp/>d&apos;emener<sp/>notre<sp/>personnage<sp/>a<sp/>l&apos;arriver&quot;</highlight><highlight class="normal">);</highlight></codeline>
<codeline lineno="33"><highlight class="normal"><sp/><sp/><sp/><sp/>fprintf(stderr,<sp/></highlight><highlight class="stringliteral">&quot;\nPour<sp/>cela<sp/>nous<sp/>utilisons<sp/>les<sp/>touche<sp/>:&apos;q&apos;,<sp/>&apos;s&apos;,<sp/>&apos;d&apos;,<sp/>&apos;z&apos;<sp/>pour<sp/>nous<sp/>deplacer\n\n&quot;</highlight><highlight class="normal">);</highlight></codeline>
<codeline lineno="34"><highlight class="normal"><sp/><sp/><sp/><sp/>fprintf(stderr,<sp/></highlight><highlight class="stringliteral">&quot;\n23/04/2021\tEtienne<sp/>Collet<sp/>/<sp/>Lyna<sp/>Benaibouche\t<sp/>V<sp/>:<sp/>1.2\n\n&quot;</highlight><highlight class="normal">);</highlight></codeline>
<codeline lineno="35"><highlight class="normal">}</highlight></codeline>
<codeline lineno="36"><highlight class="normal"></highlight></codeline>
<codeline lineno="37"><highlight class="normal"></highlight></codeline>
<codeline lineno="38" refid="affiche_8h_1a096b849016c780063d344f3091d879f9" refkind="member"><highlight class="normal"></highlight><highlight class="keywordtype">void</highlight><highlight class="normal"><sp/><ref refid="affiche_8c_1a096b849016c780063d344f3091d879f9" kindref="member">ouvre_fenettre</ref>(</highlight><highlight class="keywordtype">unsigned</highlight><highlight class="normal"><sp/></highlight><highlight class="keywordtype">int</highlight><highlight class="normal"><sp/>*longueur,<sp/></highlight><highlight class="keywordtype">unsigned</highlight><highlight class="normal"><sp/></highlight><highlight class="keywordtype">int</highlight><highlight class="normal"><sp/>*largeur){</highlight></codeline>
<codeline lineno="39"><highlight class="normal"><sp/><sp/><sp/><sp/>assert(longueur<sp/>!=<sp/>NULL);</highlight></codeline>
<codeline lineno="40"><highlight class="normal"><sp/><sp/><sp/><sp/>assert(largeur<sp/>!=<sp/>NULL);</highlight></codeline>
<codeline lineno="41"><highlight class="normal"><sp/><sp/><sp/><sp/>MLV_get_desktop_size(longueur,<sp/>largeur);</highlight></codeline>
<codeline lineno="42"><highlight class="normal"><sp/><sp/><sp/><sp/>(*largeur)<sp/>-=<sp/>60;</highlight></codeline>
<codeline lineno="43"><highlight class="normal"><sp/><sp/><sp/><sp/>MLV_create_window_with_default_font(<sp/></highlight><highlight class="stringliteral">&quot;tempsreel&quot;</highlight><highlight class="normal">,<sp/>NULL,<sp/>(*longueur),<sp/>(*largeur),<sp/></highlight><highlight class="stringliteral">&quot;../ttf/run.ttf&quot;</highlight><highlight class="normal">,<sp/>40);</highlight></codeline>
<codeline lineno="44"><highlight class="normal"><sp/><sp/><sp/><sp/>MLV_clear_window(MLV_COLOR_WHITE);</highlight></codeline>
<codeline lineno="45"><highlight class="normal"><sp/><sp/><sp/><sp/>MLV_update_window();</highlight></codeline>
<codeline lineno="46"><highlight class="normal">}</highlight></codeline>
<codeline lineno="47"><highlight class="normal"></highlight></codeline>
<codeline lineno="48"><highlight class="normal"></highlight></codeline>
<codeline lineno="49" refid="affiche_8h_1a3ab04a28e24bfd0bac8c7080998a3486" refkind="member"><highlight class="normal"></highlight><highlight class="keywordtype">void</highlight><highlight class="normal"><sp/><ref refid="affiche_8c_1a3ab04a28e24bfd0bac8c7080998a3486" kindref="member">affiche_menu</ref>(</highlight><highlight class="keywordtype">char</highlight><highlight class="normal"><sp/>nom[][<ref refid="affiche_8h_1a26e9cb457fdb1b82b145f2e4a69e871d" kindref="member">TMOTS</ref>],<sp/></highlight><highlight class="keywordtype">int</highlight><highlight class="normal"><sp/>nombre){</highlight></codeline>
<codeline lineno="50"><highlight class="normal"><sp/><sp/><sp/><sp/></highlight><highlight class="keywordtype">int</highlight><highlight class="normal"><sp/>i,<sp/>ptx[4],<sp/>pty[4],<sp/>txt_lo,<sp/>txt_la;</highlight></codeline>
<codeline lineno="51"><highlight class="normal"><sp/><sp/><sp/><sp/></highlight><highlight class="keywordflow">for</highlight><highlight class="normal">(i<sp/>=<sp/>0;<sp/>i<sp/>&lt;<sp/>nombre;<sp/>i++){</highlight></codeline>
<codeline lineno="52"><highlight class="normal"><sp/><sp/><sp/><sp/><sp/><sp/><sp/><sp/>MLV_get_size_of_text(nom[i],<sp/>&amp;txt_lo,<sp/>&amp;txt_la);</highlight></codeline>
<codeline lineno="53"><highlight class="normal"><sp/><sp/><sp/><sp/><sp/><sp/><sp/><sp/>MLV_draw_filled_rectangle(i<sp/>*<sp/>250,<sp/>0,<sp/>250,<sp/>75,<sp/>MLV_COLOR_GREY);</highlight></codeline>
<codeline lineno="54"><highlight class="normal"><sp/><sp/><sp/><sp/><sp/><sp/><sp/><sp/>MLV_draw_rectangle(i<sp/>*<sp/>250,<sp/>0,<sp/>250,<sp/>75,<sp/>MLV_COLOR_BLACK);</highlight></codeline>
<codeline lineno="55"><highlight class="normal"><sp/><sp/><sp/><sp/><sp/><sp/><sp/><sp/>MLV_draw_text((i<sp/>*<sp/>250)<sp/>+<sp/>125<sp/>-<sp/>(txt_lo<sp/>/<sp/>2),<sp/>20,<sp/>nom[i],<sp/>MLV_COLOR_BLACK);</highlight></codeline>
<codeline lineno="56"><highlight class="normal"><sp/><sp/><sp/><sp/>}</highlight></codeline>
<codeline lineno="57"><highlight class="normal"><sp/><sp/><sp/><sp/>ptx[0]<sp/>=<sp/>i<sp/>*<sp/>250;</highlight></codeline>
<codeline lineno="58"><highlight class="normal"><sp/><sp/><sp/><sp/>ptx[1]<sp/>=<sp/>i<sp/>*<sp/>250;</highlight></codeline>
<codeline lineno="59"><highlight class="normal"><sp/><sp/><sp/><sp/>ptx[2]<sp/>=<sp/>(i<sp/>*<sp/>250)<sp/>+<sp/>100;</highlight></codeline>
<codeline lineno="60"><highlight class="normal"><sp/><sp/><sp/><sp/>ptx[3]<sp/>=<sp/>(i<sp/>*<sp/>250)<sp/>+<sp/>150;</highlight></codeline>
<codeline lineno="61"><highlight class="normal"></highlight></codeline>
<codeline lineno="62"><highlight class="normal"><sp/><sp/><sp/><sp/>pty[0]<sp/>=<sp/>0;</highlight></codeline>
<codeline lineno="63"><highlight class="normal"><sp/><sp/><sp/><sp/>pty[1]<sp/>=<sp/>74;</highlight></codeline>
<codeline lineno="64"><highlight class="normal"><sp/><sp/><sp/><sp/>pty[2]<sp/>=<sp/>74;</highlight></codeline>
<codeline lineno="65"><highlight class="normal"><sp/><sp/><sp/><sp/>pty[3]<sp/>=<sp/>0;</highlight></codeline>
<codeline lineno="66"><highlight class="normal"><sp/><sp/><sp/><sp/>MLV_draw_line((i<sp/>*<sp/>250)<sp/>+<sp/>160,<sp/>0,<sp/>(i<sp/>*<sp/>250)<sp/>+<sp/>110,<sp/>74,<sp/>MLV_COLOR_BLACK);</highlight></codeline>
<codeline lineno="67"><highlight class="normal"><sp/><sp/><sp/><sp/>MLV_draw_filled_polygon(ptx,<sp/>pty,<sp/>4,<sp/>MLV_COLOR_GREY);</highlight></codeline>
<codeline lineno="68"><highlight class="normal"><sp/><sp/><sp/><sp/>MLV_draw_polygon(ptx,<sp/>pty,<sp/>4,<sp/>MLV_COLOR_BLACK);</highlight></codeline>
<codeline lineno="69"><highlight class="normal"><sp/><sp/><sp/><sp/>MLV_update_window();</highlight></codeline>
<codeline lineno="70"><highlight class="normal">}</highlight></codeline>
<codeline lineno="71"><highlight class="normal"></highlight></codeline>
<codeline lineno="72"><highlight class="normal"></highlight></codeline>
<codeline lineno="73" refid="affiche_8h_1aa469059a5c28d190030b4bb40c8e4c2c" refkind="member"><highlight class="normal"></highlight><highlight class="keywordtype">void</highlight><highlight class="normal"><sp/><ref refid="affiche_8c_1aa469059a5c28d190030b4bb40c8e4c2c" kindref="member">affiche_graph_niv</ref>(</highlight><highlight class="keywordtype">unsigned</highlight><highlight class="normal"><sp/></highlight><highlight class="keywordtype">int</highlight><highlight class="normal"><sp/>longueur,<sp/></highlight><highlight class="keywordtype">unsigned</highlight><highlight class="normal"><sp/></highlight><highlight class="keywordtype">int</highlight><highlight class="normal"><sp/>largeur,<sp/><ref refid="struct_niveau" kindref="compound">Niveau</ref><sp/>niv,<sp/></highlight><highlight class="keywordtype">int</highlight><highlight class="normal"><sp/>grille){</highlight></codeline>
<codeline lineno="74"><highlight class="normal"><sp/><sp/><sp/><sp/></highlight><highlight class="keywordtype">unsigned</highlight><highlight class="normal"><sp/></highlight><highlight class="keywordtype">int</highlight><highlight class="normal"><sp/>max,<sp/>i,<sp/>j;</highlight></codeline>
<codeline lineno="75"><highlight class="normal"><sp/><sp/><sp/><sp/>MLV_Image<sp/>*mur,<sp/>*perso,<sp/>*lance,<sp/>*arrive,<sp/>*dh,<sp/>*dd,<sp/>*db,<sp/>*dg;</highlight></codeline>
<codeline lineno="76"><highlight class="normal"><sp/><sp/><sp/><sp/>max<sp/>=<sp/><ref refid="affiche_8c_1a3219855224c5c56861bf28ffacd8f4c2" kindref="member">mini</ref>((largeur<sp/>-<sp/>150)<sp/>/<sp/>niv.<ref refid="struct_niveau_1af076646aa742df2ddb6ee9a55c4d1522" kindref="member">taille</ref>.<ref refid="struct_coordonnees_1ac30de26db5f6d1c18c63913729adca7d" kindref="member">y</ref>,<sp/>(longueur<sp/>-<sp/>200)<sp/>/<sp/>niv.<ref refid="struct_niveau_1af076646aa742df2ddb6ee9a55c4d1522" kindref="member">taille</ref>.<ref refid="struct_coordonnees_1a676e0da0ef83bbbdf42538e54b97506b" kindref="member">x</ref>);</highlight></codeline>
<codeline lineno="77"><highlight class="normal"></highlight></codeline>
<codeline lineno="78"><highlight class="normal"><sp/><sp/><sp/><sp/>perso<sp/>=<sp/>MLV_load_image(</highlight><highlight class="stringliteral">&quot;../image/perso_sf.png&quot;</highlight><highlight class="normal">);</highlight></codeline>
<codeline lineno="79"><highlight class="normal"><sp/><sp/><sp/><sp/>MLV_resize_image(perso,<sp/>max,<sp/>max);</highlight></codeline>
<codeline lineno="80"><highlight class="normal"></highlight></codeline>
<codeline lineno="81"><highlight class="normal"><sp/><sp/><sp/><sp/>lance<sp/>=<sp/>MLV_load_image(</highlight><highlight class="stringliteral">&quot;../image/canon_sf.png&quot;</highlight><highlight class="normal">);</highlight></codeline>
<codeline lineno="82"><highlight class="normal"><sp/><sp/><sp/><sp/>MLV_resize_image(lance,<sp/>max,<sp/>max);</highlight></codeline>
<codeline lineno="83"><highlight class="normal"></highlight></codeline>
<codeline lineno="84"><highlight class="normal"><sp/><sp/><sp/><sp/>mur<sp/>=<sp/>MLV_load_image(</highlight><highlight class="stringliteral">&quot;../image/mur_sf.png&quot;</highlight><highlight class="normal">);</highlight></codeline>
<codeline lineno="85"><highlight class="normal"><sp/><sp/><sp/><sp/>MLV_resize_image(mur,<sp/>max,<sp/>max);</highlight></codeline>
<codeline lineno="86"><highlight class="normal"></highlight></codeline>
<codeline lineno="87"><highlight class="normal"><sp/><sp/><sp/><sp/>arrive<sp/>=<sp/>MLV_load_image(</highlight><highlight class="stringliteral">&quot;../image/arriver.png&quot;</highlight><highlight class="normal">);</highlight></codeline>
<codeline lineno="88"><highlight class="normal"><sp/><sp/><sp/><sp/>MLV_resize_image(arrive,<sp/>max,<sp/>max);</highlight></codeline>
<codeline lineno="89"><highlight class="normal"></highlight></codeline>
<codeline lineno="90"><highlight class="normal"><sp/><sp/><sp/><sp/>dh<sp/>=<sp/>MLV_load_image(</highlight><highlight class="stringliteral">&quot;../image/haut_sf.png&quot;</highlight><highlight class="normal">);</highlight></codeline>
<codeline lineno="91"><highlight class="normal"><sp/><sp/><sp/><sp/>MLV_resize_image(dh,<sp/>max,<sp/>max);</highlight></codeline>
<codeline lineno="92"><highlight class="normal"></highlight></codeline>
<codeline lineno="93"><highlight class="normal"><sp/><sp/><sp/><sp/>dd<sp/>=<sp/>MLV_load_image(</highlight><highlight class="stringliteral">&quot;../image/droite_sf.png&quot;</highlight><highlight class="normal">);</highlight></codeline>
<codeline lineno="94"><highlight class="normal"><sp/><sp/><sp/><sp/>MLV_resize_image(dd,<sp/>max,<sp/>max);</highlight></codeline>
<codeline lineno="95"><highlight class="normal"></highlight></codeline>
<codeline lineno="96"><highlight class="normal"><sp/><sp/><sp/><sp/>db<sp/>=<sp/>MLV_load_image(</highlight><highlight class="stringliteral">&quot;../image/bas_sf.png&quot;</highlight><highlight class="normal">);</highlight></codeline>
<codeline lineno="97"><highlight class="normal"><sp/><sp/><sp/><sp/>MLV_resize_image(db,<sp/>max,<sp/>max);</highlight></codeline>
<codeline lineno="98"><highlight class="normal"></highlight></codeline>
<codeline lineno="99"><highlight class="normal"><sp/><sp/><sp/><sp/>dg<sp/>=<sp/>MLV_load_image(</highlight><highlight class="stringliteral">&quot;../image/gauche_sf.png&quot;</highlight><highlight class="normal">);</highlight></codeline>
<codeline lineno="100"><highlight class="normal"><sp/><sp/><sp/><sp/>MLV_resize_image(dg,<sp/>max,<sp/>max);</highlight></codeline>
<codeline lineno="101"><highlight class="normal"></highlight></codeline>
<codeline lineno="102"><highlight class="normal"><sp/><sp/><sp/><sp/></highlight><highlight class="keywordflow">for</highlight><highlight class="normal">(i<sp/>=<sp/>0;<sp/>i<sp/>&lt;<sp/>niv.<ref refid="struct_niveau_1af076646aa742df2ddb6ee9a55c4d1522" kindref="member">taille</ref>.<ref refid="struct_coordonnees_1ac30de26db5f6d1c18c63913729adca7d" kindref="member">y</ref>;<sp/>i++){</highlight></codeline>
<codeline lineno="103"><highlight class="normal"><sp/><sp/><sp/><sp/><sp/><sp/><sp/><sp/></highlight><highlight class="keywordflow">for</highlight><highlight class="normal">(j<sp/>=<sp/>0;<sp/>j<sp/>&lt;<sp/>niv.<ref refid="struct_niveau_1af076646aa742df2ddb6ee9a55c4d1522" kindref="member">taille</ref>.<ref refid="struct_coordonnees_1a676e0da0ef83bbbdf42538e54b97506b" kindref="member">x</ref>;<sp/>j++){</highlight></codeline>
<codeline lineno="104"><highlight class="normal"><sp/><sp/><sp/><sp/><sp/><sp/><sp/><sp/><sp/><sp/><sp/><sp/>MLV_draw_filled_rectangle(<ref refid="affiche_8h_1aa8d177041ed63e23e77e431f9de60d3a" kindref="member">DEBUTX</ref><sp/>+<sp/>(j<sp/>*<sp/>max),<sp/><ref refid="affiche_8h_1a0c8a6c78f96b789d1478544dff37f770" kindref="member">DEBUTY</ref><sp/>+<sp/>((i)<sp/>*<sp/>max),<sp/>max,<sp/>max,<sp/>MLV_COLOR_GREY);</highlight></codeline>
<codeline lineno="105"><highlight class="normal"><sp/><sp/><sp/><sp/><sp/><sp/><sp/><sp/><sp/><sp/><sp/><sp/></highlight><highlight class="keywordflow">if</highlight><highlight class="normal">(grille){</highlight></codeline>
<codeline lineno="106"><highlight class="normal"><sp/><sp/><sp/><sp/><sp/><sp/><sp/><sp/><sp/><sp/><sp/><sp/><sp/><sp/><sp/><sp/>MLV_draw_rectangle(<ref refid="affiche_8h_1aa8d177041ed63e23e77e431f9de60d3a" kindref="member">DEBUTX</ref><sp/>+<sp/>(j<sp/>*<sp/>max),<sp/><ref refid="affiche_8h_1a0c8a6c78f96b789d1478544dff37f770" kindref="member">DEBUTY</ref><sp/>+<sp/>((i)<sp/>*<sp/>max),<sp/>max,<sp/>max,<sp/>MLV_COLOR_BLACK);</highlight></codeline>
<codeline lineno="107"><highlight class="normal"><sp/><sp/><sp/><sp/><sp/><sp/><sp/><sp/><sp/><sp/><sp/><sp/>}</highlight></codeline>
<codeline lineno="108"><highlight class="normal"><sp/><sp/><sp/><sp/><sp/><sp/><sp/><sp/><sp/><sp/><sp/><sp/></highlight><highlight class="keywordflow">if</highlight><highlight class="normal">(niv.<ref refid="struct_niveau_1aaf59e865ecf0b7be17e7fc514867c05e" kindref="member">objets</ref>[j][niv.<ref refid="struct_niveau_1af076646aa742df2ddb6ee9a55c4d1522" kindref="member">taille</ref>.<ref refid="struct_coordonnees_1ac30de26db5f6d1c18c63913729adca7d" kindref="member">y</ref><sp/>-<sp/>i<sp/>-<sp/>1].<ref refid="struct_objet_1ad2ede1665c8f37de9d2be68e8b0da293" kindref="member">type</ref><sp/>==<sp/><ref refid="objet_8h_1a7f600ba87e874afa41c988ce5c0975eea8801cf11e9d369feeb5db84413660623" kindref="member">PROJECTILE</ref>){</highlight></codeline>
<codeline lineno="109"><highlight class="normal"><sp/><sp/><sp/><sp/><sp/><sp/><sp/><sp/><sp/><sp/><sp/><sp/><sp/><sp/><sp/><sp/></highlight><highlight class="keywordflow">if</highlight><highlight class="normal">(((<ref refid="struct_deplacement" kindref="compound">Deplacement</ref>*)niv.<ref refid="struct_niveau_1aaf59e865ecf0b7be17e7fc514867c05e" kindref="member">objets</ref>[j][niv.<ref refid="struct_niveau_1af076646aa742df2ddb6ee9a55c4d1522" kindref="member">taille</ref>.<ref refid="struct_coordonnees_1ac30de26db5f6d1c18c63913729adca7d" kindref="member">y</ref><sp/>-<sp/>i<sp/>-<sp/>1].<ref refid="struct_objet_1a0e1a9bacfc74dd710f07b7e6eab6837d" kindref="member">donnee_suppl</ref>)<sp/>-&gt;<sp/>direction<sp/>==<sp/><ref refid="coordonne_8h_1a224b9163917ac32fc95a60d8c1eec3aaa5c97701a87d36c8f2c0de80c5865b8e2" kindref="member">HAUT</ref>){</highlight></codeline>
<codeline lineno="110"><highlight class="normal"><sp/><sp/><sp/><sp/><sp/><sp/><sp/><sp/><sp/><sp/><sp/><sp/><sp/><sp/><sp/><sp/><sp/><sp/><sp/><sp/>MLV_draw_image(dh,<sp/><ref refid="affiche_8h_1aa8d177041ed63e23e77e431f9de60d3a" kindref="member">DEBUTX</ref><sp/>+<sp/>(j<sp/>*<sp/>max),<sp/><ref refid="affiche_8h_1a0c8a6c78f96b789d1478544dff37f770" kindref="member">DEBUTY</ref><sp/>+<sp/>((i)<sp/>*<sp/>max));</highlight></codeline>
<codeline lineno="111"><highlight class="normal"><sp/><sp/><sp/><sp/><sp/><sp/><sp/><sp/><sp/><sp/><sp/><sp/><sp/><sp/><sp/><sp/>}</highlight><highlight class="keywordflow">else</highlight><highlight class="normal"><sp/></highlight><highlight class="keywordflow">if</highlight><highlight class="normal">(((<ref refid="struct_deplacement" kindref="compound">Deplacement</ref>*)niv.<ref refid="struct_niveau_1aaf59e865ecf0b7be17e7fc514867c05e" kindref="member">objets</ref>[j][niv.<ref refid="struct_niveau_1af076646aa742df2ddb6ee9a55c4d1522" kindref="member">taille</ref>.<ref refid="struct_coordonnees_1ac30de26db5f6d1c18c63913729adca7d" kindref="member">y</ref><sp/>-<sp/>i<sp/>-<sp/>1].<ref refid="struct_objet_1a0e1a9bacfc74dd710f07b7e6eab6837d" kindref="member">donnee_suppl</ref>)<sp/>-&gt;<sp/>direction<sp/>==<sp/><ref refid="coordonne_8h_1a224b9163917ac32fc95a60d8c1eec3aaa4b07baad9e862178efeac3e522475caa" kindref="member">BAS</ref>){</highlight></codeline>
<codeline lineno="112"><highlight class="normal"><sp/><sp/><sp/><sp/><sp/><sp/><sp/><sp/><sp/><sp/><sp/><sp/><sp/><sp/><sp/><sp/><sp/><sp/><sp/><sp/>MLV_draw_image(db,<sp/><ref refid="affiche_8h_1aa8d177041ed63e23e77e431f9de60d3a" kindref="member">DEBUTX</ref><sp/>+<sp/>(j<sp/>*<sp/>max),<sp/><ref refid="affiche_8h_1a0c8a6c78f96b789d1478544dff37f770" kindref="member">DEBUTY</ref><sp/>+<sp/>((i)<sp/>*<sp/>max));</highlight></codeline>
<codeline lineno="113"><highlight class="normal"><sp/><sp/><sp/><sp/><sp/><sp/><sp/><sp/><sp/><sp/><sp/><sp/><sp/><sp/><sp/><sp/>}</highlight><highlight class="keywordflow">else</highlight><highlight class="normal"><sp/></highlight><highlight class="keywordflow">if</highlight><highlight class="normal">(((<ref refid="struct_deplacement" kindref="compound">Deplacement</ref>*)niv.<ref refid="struct_niveau_1aaf59e865ecf0b7be17e7fc514867c05e" kindref="member">objets</ref>[j][niv.<ref refid="struct_niveau_1af076646aa742df2ddb6ee9a55c4d1522" kindref="member">taille</ref>.<ref refid="struct_coordonnees_1ac30de26db5f6d1c18c63913729adca7d" kindref="member">y</ref><sp/>-<sp/>i<sp/>-<sp/>1].<ref refid="struct_objet_1a0e1a9bacfc74dd710f07b7e6eab6837d" kindref="member">donnee_suppl</ref>)<sp/>-&gt;<sp/>direction<sp/>==<sp/><ref refid="coordonne_8h_1a224b9163917ac32fc95a60d8c1eec3aaa4ee960d97b04a1f22ed7ff81c7aa2e86" kindref="member">GAUCHE</ref>){</highlight></codeline>
<codeline lineno="114"><highlight class="normal"><sp/><sp/><sp/><sp/><sp/><sp/><sp/><sp/><sp/><sp/><sp/><sp/><sp/><sp/><sp/><sp/><sp/><sp/><sp/><sp/>MLV_draw_image(dg,<sp/><ref refid="affiche_8h_1aa8d177041ed63e23e77e431f9de60d3a" kindref="member">DEBUTX</ref><sp/>+<sp/>(j<sp/>*<sp/>max),<sp/><ref refid="affiche_8h_1a0c8a6c78f96b789d1478544dff37f770" kindref="member">DEBUTY</ref><sp/>+<sp/>((i)<sp/>*<sp/>max));</highlight></codeline>
<codeline lineno="115"><highlight class="normal"><sp/><sp/><sp/><sp/><sp/><sp/><sp/><sp/><sp/><sp/><sp/><sp/><sp/><sp/><sp/><sp/>}</highlight><highlight class="keywordflow">else</highlight><highlight class="normal"><sp/></highlight><highlight class="keywordflow">if</highlight><highlight class="normal">(((<ref refid="struct_deplacement" kindref="compound">Deplacement</ref>*)niv.<ref refid="struct_niveau_1aaf59e865ecf0b7be17e7fc514867c05e" kindref="member">objets</ref>[j][niv.<ref refid="struct_niveau_1af076646aa742df2ddb6ee9a55c4d1522" kindref="member">taille</ref>.<ref refid="struct_coordonnees_1ac30de26db5f6d1c18c63913729adca7d" kindref="member">y</ref><sp/>-<sp/>i<sp/>-<sp/>1].<ref refid="struct_objet_1a0e1a9bacfc74dd710f07b7e6eab6837d" kindref="member">donnee_suppl</ref>)<sp/>-&gt;<sp/>direction<sp/>==<sp/><ref refid="coordonne_8h_1a224b9163917ac32fc95a60d8c1eec3aaa79f680205087956546ae263797bd1343" kindref="member">DROITE</ref>){</highlight></codeline>
<codeline lineno="116"><highlight class="normal"><sp/><sp/><sp/><sp/><sp/><sp/><sp/><sp/><sp/><sp/><sp/><sp/><sp/><sp/><sp/><sp/><sp/><sp/><sp/><sp/>MLV_draw_image(dd,<sp/><ref refid="affiche_8h_1aa8d177041ed63e23e77e431f9de60d3a" kindref="member">DEBUTX</ref><sp/>+<sp/>(j<sp/>*<sp/>max),<sp/><ref refid="affiche_8h_1a0c8a6c78f96b789d1478544dff37f770" kindref="member">DEBUTY</ref><sp/>+<sp/>((i)<sp/>*<sp/>max));</highlight></codeline>
<codeline lineno="117"><highlight class="normal"><sp/><sp/><sp/><sp/><sp/><sp/><sp/><sp/><sp/><sp/><sp/><sp/><sp/><sp/><sp/><sp/>}</highlight></codeline>
<codeline lineno="118"><highlight class="normal"><sp/><sp/><sp/><sp/><sp/><sp/><sp/><sp/><sp/><sp/><sp/><sp/><sp/><sp/><sp/><sp/></highlight><highlight class="comment">/*MLV_draw_filled_rectangle(DEBUTX<sp/>+<sp/>(j<sp/>*<sp/>max),<sp/>DEBUTY<sp/>+<sp/>((i)<sp/>*<sp/>max),<sp/>max,<sp/>max,<sp/>MLV_COLOR_RED);*/</highlight><highlight class="normal"></highlight></codeline>
<codeline lineno="119"><highlight class="normal"><sp/><sp/><sp/><sp/><sp/><sp/><sp/><sp/><sp/><sp/><sp/><sp/>}</highlight><highlight class="keywordflow">else</highlight><highlight class="normal"><sp/></highlight><highlight class="keywordflow">if</highlight><highlight class="normal">(niv.<ref refid="struct_niveau_1aaf59e865ecf0b7be17e7fc514867c05e" kindref="member">objets</ref>[j][niv.<ref refid="struct_niveau_1af076646aa742df2ddb6ee9a55c4d1522" kindref="member">taille</ref>.<ref refid="struct_coordonnees_1ac30de26db5f6d1c18c63913729adca7d" kindref="member">y</ref><sp/>-<sp/>i<sp/>-<sp/>1].<ref refid="struct_objet_1ad2ede1665c8f37de9d2be68e8b0da293" kindref="member">type</ref><sp/>==<sp/><ref refid="objet_8h_1a7f600ba87e874afa41c988ce5c0975eea85a3f6184e69ac3ab469706b61cd5d6c" kindref="member">LANCEUR</ref>){</highlight></codeline>
<codeline lineno="120"><highlight class="normal"><sp/><sp/><sp/><sp/><sp/><sp/><sp/><sp/><sp/><sp/><sp/><sp/><sp/><sp/><sp/><sp/>MLV_draw_image(lance,<sp/><ref refid="affiche_8h_1aa8d177041ed63e23e77e431f9de60d3a" kindref="member">DEBUTX</ref><sp/>+<sp/>(j<sp/>*<sp/>max),<sp/><ref refid="affiche_8h_1a0c8a6c78f96b789d1478544dff37f770" kindref="member">DEBUTY</ref><sp/>+<sp/>((i)<sp/>*<sp/>max));</highlight></codeline>
<codeline lineno="121"><highlight class="normal"><sp/><sp/><sp/><sp/><sp/><sp/><sp/><sp/><sp/><sp/><sp/><sp/>}</highlight><highlight class="keywordflow">else</highlight><highlight class="normal"><sp/></highlight><highlight class="keywordflow">if</highlight><highlight class="normal">(niv.<ref refid="struct_niveau_1aaf59e865ecf0b7be17e7fc514867c05e" kindref="member">objets</ref>[j][niv.<ref refid="struct_niveau_1af076646aa742df2ddb6ee9a55c4d1522" kindref="member">taille</ref>.<ref refid="struct_coordonnees_1ac30de26db5f6d1c18c63913729adca7d" kindref="member">y</ref><sp/>-<sp/>i<sp/>-<sp/>1].<ref refid="struct_objet_1ad2ede1665c8f37de9d2be68e8b0da293" kindref="member">type</ref><sp/>==<sp/><ref refid="objet_8h_1a7f600ba87e874afa41c988ce5c0975eeaf3da1e376b1042f00a07a21637eff63c" kindref="member">PERSONNAGE</ref>){</highlight></codeline>
<codeline lineno="122"><highlight class="normal"><sp/><sp/><sp/><sp/><sp/><sp/><sp/><sp/><sp/><sp/><sp/><sp/><sp/><sp/><sp/><sp/>MLV_draw_image(perso,<sp/><ref refid="affiche_8h_1aa8d177041ed63e23e77e431f9de60d3a" kindref="member">DEBUTX</ref><sp/>+<sp/>(j<sp/>*<sp/>max),<sp/><ref refid="affiche_8h_1a0c8a6c78f96b789d1478544dff37f770" kindref="member">DEBUTY</ref><sp/>+<sp/>((i)<sp/>*<sp/>max));</highlight></codeline>
<codeline lineno="123"><highlight class="normal"><sp/><sp/><sp/><sp/><sp/><sp/><sp/><sp/><sp/><sp/><sp/><sp/>}</highlight><highlight class="keywordflow">else</highlight><highlight class="normal"><sp/></highlight><highlight class="keywordflow">if</highlight><highlight class="normal">(niv.<ref refid="struct_niveau_1aaf59e865ecf0b7be17e7fc514867c05e" kindref="member">objets</ref>[j][niv.<ref refid="struct_niveau_1af076646aa742df2ddb6ee9a55c4d1522" kindref="member">taille</ref>.<ref refid="struct_coordonnees_1ac30de26db5f6d1c18c63913729adca7d" kindref="member">y</ref><sp/>-<sp/>i<sp/>-<sp/>1].<ref refid="struct_objet_1ad2ede1665c8f37de9d2be68e8b0da293" kindref="member">type</ref><sp/>==<sp/><ref refid="objet_8h_1a7f600ba87e874afa41c988ce5c0975eea22f853bba9ebb23d90508dc6496b746c" kindref="member">DESTINATION</ref>){</highlight></codeline>
<codeline lineno="124"><highlight class="normal"><sp/><sp/><sp/><sp/><sp/><sp/><sp/><sp/><sp/><sp/><sp/><sp/><sp/><sp/><sp/><sp/>MLV_draw_image(arrive,<sp/><ref refid="affiche_8h_1aa8d177041ed63e23e77e431f9de60d3a" kindref="member">DEBUTX</ref><sp/>+<sp/>(j<sp/>*<sp/>max),<sp/><ref refid="affiche_8h_1a0c8a6c78f96b789d1478544dff37f770" kindref="member">DEBUTY</ref><sp/>+<sp/>((i)<sp/>*<sp/>max));</highlight></codeline>
<codeline lineno="125"><highlight class="normal"><sp/><sp/><sp/><sp/><sp/><sp/><sp/><sp/><sp/><sp/><sp/><sp/><sp/><sp/><sp/><sp/></highlight><highlight class="comment">/*MLV_draw_filled_rectangle(DEBUTX<sp/>+<sp/>(j<sp/>*<sp/>max),<sp/>DEBUTY<sp/>+<sp/>((i)<sp/>*<sp/>max),<sp/>max,<sp/>max,<sp/>MLV_COLOR_GREEN);*/</highlight><highlight class="normal"></highlight></codeline>
<codeline lineno="126"><highlight class="normal"><sp/><sp/><sp/><sp/><sp/><sp/><sp/><sp/><sp/><sp/><sp/><sp/>}</highlight><highlight class="keywordflow">else</highlight><highlight class="normal"><sp/></highlight><highlight class="keywordflow">if</highlight><highlight class="normal">(niv.<ref refid="struct_niveau_1aaf59e865ecf0b7be17e7fc514867c05e" kindref="member">objets</ref>[j][niv.<ref refid="struct_niveau_1af076646aa742df2ddb6ee9a55c4d1522" kindref="member">taille</ref>.<ref refid="struct_coordonnees_1ac30de26db5f6d1c18c63913729adca7d" kindref="member">y</ref><sp/>-<sp/>i<sp/>-<sp/>1].<ref refid="struct_objet_1ad2ede1665c8f37de9d2be68e8b0da293" kindref="member">type</ref><sp/>==<sp/><ref refid="objet_8h_1a7f600ba87e874afa41c988ce5c0975eea4812eae6f742a8f18779779eeeffd570" kindref="member">MUR</ref>){</highlight></codeline>
<codeline lineno="127"><highlight class="normal"><sp/><sp/><sp/><sp/><sp/><sp/><sp/><sp/><sp/><sp/><sp/><sp/><sp/><sp/><sp/><sp/>MLV_draw_image(mur,<sp/><ref refid="affiche_8h_1aa8d177041ed63e23e77e431f9de60d3a" kindref="member">DEBUTX</ref><sp/>+<sp/>(j<sp/>*<sp/>max),<sp/><ref refid="affiche_8h_1a0c8a6c78f96b789d1478544dff37f770" kindref="member">DEBUTY</ref><sp/>+<sp/>(i<sp/>*<sp/>max));</highlight></codeline>
<codeline lineno="128"><highlight class="normal"><sp/><sp/><sp/><sp/><sp/><sp/><sp/><sp/><sp/><sp/><sp/><sp/>}</highlight></codeline>
<codeline lineno="129"><highlight class="normal"><sp/><sp/><sp/><sp/><sp/><sp/><sp/><sp/>}</highlight></codeline>
<codeline lineno="130"><highlight class="normal"><sp/><sp/><sp/><sp/>}</highlight></codeline>
<codeline lineno="131"><highlight class="normal"><sp/><sp/><sp/><sp/>MLV_draw_rectangle(<ref refid="affiche_8h_1aa8d177041ed63e23e77e431f9de60d3a" kindref="member">DEBUTX</ref><sp/>-<sp/>10,<sp/><ref refid="affiche_8h_1a0c8a6c78f96b789d1478544dff37f770" kindref="member">DEBUTY</ref><sp/>-<sp/>10,<sp/>(j<sp/>*<sp/>max)<sp/>+<sp/>20,<sp/>(i<sp/>*<sp/>max)<sp/>+<sp/>20,<sp/>MLV_COLOR_BLACK);</highlight></codeline>
<codeline lineno="132"><highlight class="normal"><sp/><sp/><sp/><sp/>MLV_update_window();</highlight></codeline>
<codeline lineno="133"><highlight class="normal"><sp/><sp/><sp/><sp/>MLV_free_image(perso);</highlight></codeline>
<codeline lineno="134"><highlight class="normal"><sp/><sp/><sp/><sp/>MLV_free_image(mur);</highlight></codeline>
<codeline lineno="135"><highlight class="normal"><sp/><sp/><sp/><sp/>MLV_free_image(lance);</highlight></codeline>
<codeline lineno="136"><highlight class="normal"><sp/><sp/><sp/><sp/>MLV_free_image(arrive);</highlight></codeline>
<codeline lineno="137"><highlight class="normal"><sp/><sp/><sp/><sp/>MLV_free_image(dh);</highlight></codeline>
<codeline lineno="138"><highlight class="normal"><sp/><sp/><sp/><sp/>MLV_free_image(dd);</highlight></codeline>
<codeline lineno="139"><highlight class="normal"><sp/><sp/><sp/><sp/>MLV_free_image(db);</highlight></codeline>
<codeline lineno="140"><highlight class="normal"><sp/><sp/><sp/><sp/>MLV_free_image(dg);</highlight></codeline>
<codeline lineno="141"><highlight class="normal">}</highlight></codeline>
<codeline lineno="142"><highlight class="normal"></highlight></codeline>
<codeline lineno="143"><highlight class="normal"></highlight></codeline>
<codeline lineno="144" refid="affiche_8h_1ae33f37392ac61298f75c3d4b846395a4" refkind="member"><highlight class="normal"></highlight><highlight class="keywordtype">void</highlight><highlight class="normal"><sp/><ref refid="affiche_8c_1ae33f37392ac61298f75c3d4b846395a4" kindref="member">affiche_bare_latterale</ref>(</highlight><highlight class="keywordtype">unsigned</highlight><highlight class="normal"><sp/></highlight><highlight class="keywordtype">int</highlight><highlight class="normal"><sp/>longueur,<sp/></highlight><highlight class="keywordtype">unsigned</highlight><highlight class="normal"><sp/></highlight><highlight class="keywordtype">int</highlight><highlight class="normal"><sp/>largeur,<sp/></highlight><highlight class="keywordtype">unsigned</highlight><highlight class="normal"><sp/></highlight><highlight class="keywordtype">int</highlight><highlight class="normal"><sp/>choix){</highlight></codeline>
<codeline lineno="145"><highlight class="normal"><sp/><sp/><sp/><sp/></highlight><highlight class="keywordtype">unsigned</highlight><highlight class="normal"><sp/></highlight><highlight class="keywordtype">int</highlight><highlight class="normal"><sp/>cas<sp/>=<sp/>(largeur<sp/>-<sp/>150)<sp/>/<sp/>6,<sp/>i,<sp/>max<sp/>=<sp/>3<sp/>*<sp/>(cas<sp/>/<sp/>5);</highlight></codeline>
<codeline lineno="146"><highlight class="normal"><sp/><sp/><sp/><sp/></highlight><highlight class="keywordtype">int</highlight><highlight class="normal"><sp/>ptx[4],<sp/>pty[4],<sp/>txt_long,<sp/>txt_haut;</highlight></codeline>
<codeline lineno="147"><highlight class="normal"><sp/><sp/><sp/><sp/>MLV_Image<sp/>*liste[5];</highlight></codeline>
<codeline lineno="148"><highlight class="normal"><sp/><sp/><sp/><sp/></highlight><highlight class="keywordtype">char</highlight><highlight class="normal"><sp/>nom[5][15]<sp/>=<sp/>{</highlight><highlight class="stringliteral">&quot;VIDE&quot;</highlight><highlight class="normal">,<sp/></highlight><highlight class="stringliteral">&quot;PERSONNAGE&quot;</highlight><highlight class="normal">,<sp/></highlight><highlight class="stringliteral">&quot;DESTINATION&quot;</highlight><highlight class="normal">,<sp/></highlight><highlight class="stringliteral">&quot;MUR&quot;</highlight><highlight class="normal">,<sp/></highlight><highlight class="stringliteral">&quot;LANCEUR&quot;</highlight><highlight class="normal">};</highlight></codeline>
<codeline lineno="149"><highlight class="normal"><sp/><sp/><sp/><sp/>MLV_Font*<sp/>font<sp/>=<sp/>MLV_load_font(<sp/></highlight><highlight class="stringliteral">&quot;../ttf/run.ttf&quot;</highlight><highlight class="normal"><sp/>,<sp/>17);</highlight></codeline>
<codeline lineno="150"><highlight class="normal"></highlight></codeline>
<codeline lineno="151"><highlight class="normal"><sp/><sp/><sp/><sp/>assert(choix<sp/>&lt;<sp/>6);</highlight></codeline>
<codeline lineno="152"><highlight class="normal"></highlight></codeline>
<codeline lineno="153"><highlight class="normal"><sp/><sp/><sp/><sp/>liste[1]<sp/>=<sp/>MLV_load_image(</highlight><highlight class="stringliteral">&quot;../image/perso_sf.png&quot;</highlight><highlight class="normal">);</highlight></codeline>
<codeline lineno="154"><highlight class="normal"><sp/><sp/><sp/><sp/>MLV_resize_image(liste[1],<sp/>max,<sp/>max);</highlight></codeline>
<codeline lineno="155"><highlight class="normal"></highlight></codeline>
<codeline lineno="156"><highlight class="normal"><sp/><sp/><sp/><sp/>liste[4]<sp/>=<sp/>MLV_load_image(</highlight><highlight class="stringliteral">&quot;../image/canon_sf.png&quot;</highlight><highlight class="normal">);</highlight></codeline>
<codeline lineno="157"><highlight class="normal"><sp/><sp/><sp/><sp/>MLV_resize_image(liste[4],<sp/>max,<sp/>max);</highlight></codeline>
<codeline lineno="158"><highlight class="normal"></highlight></codeline>
<codeline lineno="159"><highlight class="normal"><sp/><sp/><sp/><sp/>liste[3]<sp/>=<sp/>MLV_load_image(</highlight><highlight class="stringliteral">&quot;../image/mur_sf.png&quot;</highlight><highlight class="normal">);</highlight></codeline>
<codeline lineno="160"><highlight class="normal"><sp/><sp/><sp/><sp/>MLV_resize_image(liste[3],<sp/>max,<sp/>max);</highlight></codeline>
<codeline lineno="161"><highlight class="normal"></highlight></codeline>
<codeline lineno="162"><highlight class="normal"><sp/><sp/><sp/><sp/>liste[2]<sp/>=<sp/>MLV_load_image(</highlight><highlight class="stringliteral">&quot;../image/arriver.png&quot;</highlight><highlight class="normal">);</highlight></codeline>
<codeline lineno="163"><highlight class="normal"><sp/><sp/><sp/><sp/>MLV_resize_image(liste[2],<sp/>max,<sp/>max);</highlight></codeline>
<codeline lineno="164"><highlight class="normal"></highlight></codeline>
<codeline lineno="165"><highlight class="normal"><sp/><sp/><sp/><sp/></highlight><highlight class="keywordflow">for</highlight><highlight class="normal">(i<sp/>=<sp/>0;<sp/>i<sp/>&lt;<sp/>5;<sp/>i++){</highlight></codeline>
<codeline lineno="166"><highlight class="normal"><sp/><sp/><sp/><sp/><sp/><sp/><sp/><sp/></highlight><highlight class="keywordflow">if</highlight><highlight class="normal">(i<sp/>==<sp/>choix){</highlight></codeline>
<codeline lineno="167"><highlight class="normal"><sp/><sp/><sp/><sp/><sp/><sp/><sp/><sp/><sp/><sp/><sp/><sp/>MLV_draw_filled_rectangle(longueur<sp/>-<sp/>cas,<sp/>largeur<sp/>-<sp/>((i<sp/>+<sp/>1)<sp/>*<sp/>cas),<sp/>cas,<sp/>cas,<sp/>MLV_COLOR_GREY50);</highlight></codeline>
<codeline lineno="168"><highlight class="normal"><sp/><sp/><sp/><sp/><sp/><sp/><sp/><sp/><sp/><sp/><sp/><sp/>MLV_draw_rectangle(longueur<sp/>-<sp/>cas,<sp/>largeur<sp/>-<sp/>((i<sp/>+<sp/>1)<sp/>*<sp/>cas),<sp/>cas,<sp/>cas,<sp/>MLV_COLOR_BLACK);</highlight></codeline>
<codeline lineno="169"><highlight class="normal"><sp/><sp/><sp/><sp/><sp/><sp/><sp/><sp/>}</highlight><highlight class="keywordflow">else</highlight><highlight class="normal">{</highlight></codeline>
<codeline lineno="170"><highlight class="normal"><sp/><sp/><sp/><sp/><sp/><sp/><sp/><sp/><sp/><sp/><sp/><sp/>MLV_draw_filled_rectangle(longueur<sp/>-<sp/>cas,<sp/>largeur<sp/>-<sp/>((i<sp/>+<sp/>1)<sp/>*<sp/>cas),<sp/>cas,<sp/>cas,<sp/>MLV_COLOR_GREY);</highlight></codeline>
<codeline lineno="171"><highlight class="normal"><sp/><sp/><sp/><sp/><sp/><sp/><sp/><sp/><sp/><sp/><sp/><sp/>MLV_draw_rectangle(longueur<sp/>-<sp/>cas,<sp/>largeur<sp/>-<sp/>((i<sp/>+<sp/>1)<sp/>*<sp/>cas),<sp/>cas,<sp/>cas,<sp/>MLV_COLOR_BLACK);</highlight></codeline>
<codeline lineno="172"><highlight class="normal"><sp/><sp/><sp/><sp/><sp/><sp/><sp/><sp/>}</highlight></codeline>
<codeline lineno="173"><highlight class="normal"><sp/><sp/><sp/><sp/><sp/><sp/><sp/><sp/>MLV_get_size_of_text_with_font(nom[i],<sp/>&amp;txt_long,<sp/>&amp;txt_haut,<sp/>font);</highlight></codeline>
<codeline lineno="174"><highlight class="normal"><sp/><sp/><sp/><sp/><sp/><sp/><sp/><sp/>MLV_draw_text_with_font(longueur<sp/>-<sp/>(cas/2)<sp/>-<sp/>(txt_long/2),<sp/>largeur<sp/>-<sp/>((i<sp/>+<sp/>1)<sp/>*<sp/>cas)<sp/>+<sp/>5,<sp/>nom[i],<sp/>font,<sp/>MLV_COLOR_BLACK);</highlight></codeline>
<codeline lineno="175"><highlight class="normal"><sp/><sp/><sp/><sp/><sp/><sp/><sp/><sp/>MLV_draw_filled_rectangle((longueur<sp/>-<sp/>cas)<sp/>+<sp/>(cas<sp/>/<sp/>5),<sp/>largeur<sp/>-<sp/>((i<sp/>+<sp/>1)<sp/>*<sp/>cas)<sp/>+<sp/>(cas<sp/>/<sp/>5)<sp/>+<sp/>3,<sp/>3<sp/>*<sp/>(cas<sp/>/<sp/>5),<sp/>3<sp/>*<sp/>(cas<sp/>/<sp/>5),<sp/>MLV_COLOR_GREY);</highlight></codeline>
<codeline lineno="176"><highlight class="normal"><sp/><sp/><sp/><sp/><sp/><sp/><sp/><sp/></highlight><highlight class="keywordflow">if</highlight><highlight class="normal">(i<sp/>!=<sp/>0){</highlight></codeline>
<codeline lineno="177"><highlight class="normal"><sp/><sp/><sp/><sp/><sp/><sp/><sp/><sp/><sp/><sp/><sp/><sp/>MLV_draw_image(liste[i],<sp/>(longueur<sp/>-<sp/>cas)<sp/>+<sp/>(cas<sp/>/<sp/>5),<sp/>largeur<sp/>-<sp/>((i<sp/>+<sp/>1)<sp/>*<sp/>cas)<sp/>+<sp/>(cas<sp/>/<sp/>5)<sp/>+<sp/>3);</highlight></codeline>
<codeline lineno="178"><highlight class="normal"><sp/><sp/><sp/><sp/><sp/><sp/><sp/><sp/>}</highlight></codeline>
<codeline lineno="179"><highlight class="normal"></highlight></codeline>
<codeline lineno="180"><highlight class="normal"><sp/><sp/><sp/><sp/><sp/><sp/><sp/><sp/>MLV_draw_rectangle((longueur<sp/>-<sp/>cas)<sp/>+<sp/>(cas<sp/>/<sp/>5),<sp/>largeur<sp/>-<sp/>((i<sp/>+<sp/>1)<sp/>*<sp/>cas)<sp/>+<sp/>(cas<sp/>/<sp/>5)<sp/>+<sp/>3,<sp/>3<sp/>*<sp/>(cas<sp/>/<sp/>5),<sp/>3<sp/>*<sp/>(cas<sp/>/<sp/>5),<sp/>MLV_COLOR_BLACK);</highlight></codeline>
<codeline lineno="181"><highlight class="normal"><sp/><sp/><sp/><sp/>}</highlight></codeline>
<codeline lineno="182"><highlight class="normal"><sp/><sp/><sp/><sp/>ptx[0]<sp/>=<sp/>longueur<sp/>-<sp/>cas;</highlight></codeline>
<codeline lineno="183"><highlight class="normal"><sp/><sp/><sp/><sp/>ptx[1]<sp/>=<sp/>longueur<sp/>-<sp/>cas;</highlight></codeline>
<codeline lineno="184"><highlight class="normal"><sp/><sp/><sp/><sp/>ptx[2]<sp/>=<sp/>longueur<sp/>-<sp/>1;</highlight></codeline>
<codeline lineno="185"><highlight class="normal"><sp/><sp/><sp/><sp/>ptx[3]<sp/>=<sp/>longueur<sp/>-<sp/>1<sp/>;</highlight></codeline>
<codeline lineno="186"><highlight class="normal"></highlight></codeline>
<codeline lineno="187"><highlight class="normal"><sp/><sp/><sp/><sp/>pty[0]<sp/>=<sp/>largeur<sp/>-<sp/>(i<sp/>*<sp/>cas);</highlight></codeline>
<codeline lineno="188"><highlight class="normal"><sp/><sp/><sp/><sp/>pty[1]<sp/>=<sp/>largeur<sp/>-<sp/>(i<sp/>*<sp/>cas)<sp/>-<sp/>50;</highlight></codeline>
<codeline lineno="189"><highlight class="normal"><sp/><sp/><sp/><sp/>pty[2]<sp/>=<sp/>largeur<sp/>-<sp/>(i<sp/>*<sp/>cas)<sp/>-<sp/>100;</highlight></codeline>
<codeline lineno="190"><highlight class="normal"><sp/><sp/><sp/><sp/>pty[3]<sp/>=<sp/>largeur<sp/>-<sp/>(i<sp/>*<sp/>cas);</highlight></codeline>
<codeline lineno="191"><highlight class="normal"><sp/><sp/><sp/><sp/>MLV_draw_filled_polygon(ptx,<sp/>pty,<sp/>4,<sp/>MLV_COLOR_GREY);</highlight></codeline>
<codeline lineno="192"><highlight class="normal"><sp/><sp/><sp/><sp/>MLV_draw_polygon(ptx,<sp/>pty,<sp/>4,<sp/>MLV_COLOR_BLACK);</highlight></codeline>
<codeline lineno="193"><highlight class="normal"><sp/><sp/><sp/><sp/>MLV_update_window();</highlight></codeline>
<codeline lineno="194"><highlight class="normal"><sp/><sp/><sp/><sp/>MLV_free_font(font);</highlight></codeline>
<codeline lineno="195"><highlight class="normal"><sp/><sp/><sp/><sp/>MLV_free_image(liste[1]);</highlight></codeline>
<codeline lineno="196"><highlight class="normal"><sp/><sp/><sp/><sp/>MLV_free_image(liste[2]);</highlight></codeline>
<codeline lineno="197"><highlight class="normal"><sp/><sp/><sp/><sp/>MLV_free_image(liste[3]);</highlight></codeline>
<codeline lineno="198"><highlight class="normal"><sp/><sp/><sp/><sp/>MLV_free_image(liste[4]);</highlight></codeline>
<codeline lineno="199"><highlight class="normal">}</highlight></codeline>
<codeline lineno="200"><highlight class="normal"></highlight></codeline>
<codeline lineno="201"><highlight class="normal"></highlight></codeline>
<codeline lineno="202" refid="affiche_8h_1a6923b8b179c37be9caeb3f7579e28461" refkind="member"><highlight class="normal"></highlight><highlight class="keywordtype">void</highlight><highlight class="normal"><sp/><ref refid="affiche_8c_1a6923b8b179c37be9caeb3f7579e28461" kindref="member">affiche_choix_taille</ref>(</highlight><highlight class="keywordtype">unsigned</highlight><highlight class="normal"><sp/></highlight><highlight class="keywordtype">int</highlight><highlight class="normal"><sp/>longueur,<sp/></highlight><highlight class="keywordtype">unsigned</highlight><highlight class="normal"><sp/></highlight><highlight class="keywordtype">int</highlight><highlight class="normal"><sp/>largeur,<sp/></highlight><highlight class="keywordtype">int</highlight><highlight class="normal"><sp/>choix){</highlight></codeline>
<codeline lineno="203"><highlight class="normal"><sp/><sp/><sp/><sp/></highlight><highlight class="keywordtype">int</highlight><highlight class="normal"><sp/>taillex<sp/>=<sp/>(longueur<sp/>-<sp/>200)<sp/>/<sp/>2,<sp/>tailley<sp/>=<sp/>(largeur<sp/>-<sp/>200);</highlight></codeline>
<codeline lineno="204"><highlight class="normal"><sp/><sp/><sp/><sp/></highlight><highlight class="keywordtype">int</highlight><highlight class="normal"><sp/>lon,<sp/>lar;</highlight></codeline>
<codeline lineno="205"><highlight class="normal"></highlight></codeline>
<codeline lineno="206"><highlight class="normal"><sp/><sp/><sp/><sp/>MLV_draw_filled_rectangle(100,<sp/>100,<sp/>taillex,<sp/>tailley,<sp/>MLV_COLOR_GREY);</highlight></codeline>
<codeline lineno="207"><highlight class="normal"><sp/><sp/><sp/><sp/>MLV_draw_rectangle(100,<sp/>100,<sp/>taillex,<sp/>tailley,<sp/>MLV_COLOR_BLACK);</highlight></codeline>
<codeline lineno="208"><highlight class="normal"><sp/><sp/><sp/><sp/></highlight><highlight class="keywordflow">if</highlight><highlight class="normal">(choix){</highlight></codeline>
<codeline lineno="209"><highlight class="normal"><sp/><sp/><sp/><sp/><sp/><sp/><sp/><sp/>MLV_get_size_of_text(</highlight><highlight class="stringliteral">&quot;SANS<sp/>BASE&quot;</highlight><highlight class="normal">,<sp/>&amp;lon,<sp/>&amp;lar);</highlight></codeline>
<codeline lineno="210"><highlight class="normal"><sp/><sp/><sp/><sp/><sp/><sp/><sp/><sp/>MLV_draw_text(100<sp/>+<sp/>(taillex<sp/>/<sp/>2)<sp/>-<sp/>(lon<sp/>/<sp/>2),<sp/>120,<sp/></highlight><highlight class="stringliteral">&quot;SANS<sp/>BASE&quot;</highlight><highlight class="normal">,<sp/>MLV_COLOR_BLACK);</highlight></codeline>
<codeline lineno="211"><highlight class="normal"><sp/><sp/><sp/><sp/>}</highlight></codeline>
<codeline lineno="212"><highlight class="normal">}</highlight></codeline>
<codeline lineno="213"><highlight class="normal"></highlight></codeline>
<codeline lineno="214"><highlight class="normal"></highlight></codeline>
<codeline lineno="215" refid="affiche_8h_1ad9f9778e16322c3b44e8c44ed72ca0b6" refkind="member"><highlight class="normal"></highlight><highlight class="keywordtype">void</highlight><highlight class="normal"><sp/><ref refid="affiche_8c_1ad9f9778e16322c3b44e8c44ed72ca0b6" kindref="member">affiche_choix_fichier</ref>(</highlight><highlight class="keywordtype">unsigned</highlight><highlight class="normal"><sp/></highlight><highlight class="keywordtype">int</highlight><highlight class="normal"><sp/>longueur,<sp/></highlight><highlight class="keywordtype">unsigned</highlight><highlight class="normal"><sp/></highlight><highlight class="keywordtype">int</highlight><highlight class="normal"><sp/>largeur,<sp/></highlight><highlight class="keywordtype">int</highlight><highlight class="normal"><sp/>choix){</highlight></codeline>
<codeline lineno="216"><highlight class="normal"><sp/><sp/><sp/><sp/></highlight><highlight class="keywordtype">int</highlight><highlight class="normal"><sp/>taillex<sp/>=<sp/>(longueur<sp/>-<sp/>200)<sp/>/<sp/>2,<sp/>tailley<sp/>=<sp/>(largeur<sp/>-<sp/>200);</highlight></codeline>
<codeline lineno="217"><highlight class="normal"><sp/><sp/><sp/><sp/></highlight><highlight class="keywordtype">int</highlight><highlight class="normal"><sp/>lon,<sp/>lar;</highlight></codeline>
<codeline lineno="218"><highlight class="normal"></highlight></codeline>
<codeline lineno="219"><highlight class="normal"><sp/><sp/><sp/><sp/>MLV_get_size_of_text(</highlight><highlight class="stringliteral">&quot;AVEC<sp/>BASE&quot;</highlight><highlight class="normal">,<sp/>&amp;lon,<sp/>&amp;lar);</highlight></codeline>
<codeline lineno="220"><highlight class="normal"><sp/><sp/><sp/><sp/>MLV_draw_filled_rectangle(100<sp/>+<sp/>taillex,<sp/>100,<sp/>taillex,<sp/>tailley,<sp/>MLV_COLOR_GREY);</highlight></codeline>
<codeline lineno="221"><highlight class="normal"><sp/><sp/><sp/><sp/>MLV_draw_rectangle(100<sp/>+<sp/>taillex,<sp/>100,<sp/>taillex,<sp/>tailley,<sp/>MLV_COLOR_BLACK);</highlight></codeline>
<codeline lineno="222"><highlight class="normal"><sp/><sp/><sp/><sp/></highlight><highlight class="keywordflow">if</highlight><highlight class="normal">(choix){</highlight></codeline>
<codeline lineno="223"><highlight class="normal"><sp/><sp/><sp/><sp/><sp/><sp/><sp/><sp/>MLV_draw_text(100<sp/>+<sp/>taillex<sp/>+<sp/>(taillex<sp/>/<sp/>2)<sp/>-<sp/>(lon<sp/>/<sp/>2),<sp/>120,<sp/></highlight><highlight class="stringliteral">&quot;AVEC<sp/>BASE&quot;</highlight><highlight class="normal">,<sp/>MLV_COLOR_BLACK);</highlight></codeline>
<codeline lineno="224"><highlight class="normal"><sp/><sp/><sp/><sp/>}</highlight></codeline>
<codeline lineno="225"><highlight class="normal">}</highlight></codeline>
<codeline lineno="226"><highlight class="normal"></highlight></codeline>
<codeline lineno="227"><highlight class="normal"></highlight></codeline>
<codeline lineno="228" refid="affiche_8h_1aa4ca3ccabe2448f507b5061df19a47e2" refkind="member"><highlight class="normal"></highlight><highlight class="keywordtype">void</highlight><highlight class="normal"><sp/><ref refid="affiche_8c_1aa4ca3ccabe2448f507b5061df19a47e2" kindref="member">affiche_choix_nombre</ref>(</highlight><highlight class="keywordtype">int</highlight><highlight class="normal"><sp/>x,<sp/></highlight><highlight class="keywordtype">int</highlight><highlight class="normal"><sp/>y,<sp/></highlight><highlight class="keywordtype">int</highlight><highlight class="normal"><sp/>nombre){</highlight></codeline>
<codeline lineno="229"><highlight class="normal"><sp/><sp/><sp/><sp/></highlight><highlight class="keywordtype">int</highlight><highlight class="normal"><sp/>lon,<sp/>lar;</highlight></codeline>
<codeline lineno="230"><highlight class="normal"><sp/><sp/><sp/><sp/></highlight><highlight class="keywordtype">char</highlight><highlight class="normal"><sp/>nbr[5];</highlight></codeline>
<codeline lineno="231"><highlight class="normal"><sp/><sp/><sp/><sp/>MLV_Font<sp/>*font<sp/>=<sp/>MLV_load_font(</highlight><highlight class="stringliteral">&quot;../ttf/coolvetica.ttf&quot;</highlight><highlight class="normal">,<sp/>30);</highlight></codeline>
<codeline lineno="232"><highlight class="normal"><sp/><sp/><sp/><sp/>MLV_draw_filled_rectangle(x,<sp/>y,<sp/>150,<sp/>75,<sp/>MLV_COLOR_WHITE);</highlight></codeline>
<codeline lineno="233"><highlight class="normal"><sp/><sp/><sp/><sp/>MLV_draw_rectangle(x,<sp/>y,<sp/>150,<sp/>75,<sp/>MLV_COLOR_BLACK);</highlight></codeline>
<codeline lineno="234"><highlight class="normal"><sp/><sp/><sp/><sp/>MLV_draw_filled_rectangle(x<sp/>-<sp/>75,<sp/>y,<sp/>75,<sp/>75,<sp/>MLV_COLOR_GREY80);</highlight></codeline>
<codeline lineno="235"><highlight class="normal"><sp/><sp/><sp/><sp/>MLV_draw_filled_rectangle(x<sp/>+<sp/>150,<sp/>y,<sp/>75,<sp/>75,<sp/>MLV_COLOR_GREY80);</highlight></codeline>
<codeline lineno="236"><highlight class="normal"><sp/><sp/><sp/><sp/>MLV_draw_rectangle(x<sp/>-<sp/>75,<sp/>y,<sp/>75,<sp/>75,<sp/>MLV_COLOR_BLACK);</highlight></codeline>
<codeline lineno="237"><highlight class="normal"><sp/><sp/><sp/><sp/>MLV_draw_rectangle(x<sp/>+<sp/>150,<sp/>y,<sp/>75,<sp/>75,<sp/>MLV_COLOR_BLACK);</highlight></codeline>
<codeline lineno="238"><highlight class="normal"></highlight></codeline>
<codeline lineno="239"><highlight class="normal"><sp/><sp/><sp/><sp/>MLV_get_size_of_text_with_font(</highlight><highlight class="stringliteral">&quot;&lt;&quot;</highlight><highlight class="normal">,<sp/>&amp;lon,<sp/>&amp;lar,<sp/>font);</highlight></codeline>
<codeline lineno="240"><highlight class="normal"><sp/><sp/><sp/><sp/>MLV_draw_text_with_font(x<sp/>-<sp/>37<sp/>-<sp/>(lon<sp/>/<sp/>2),<sp/>y<sp/>+<sp/>37<sp/>-<sp/>(lar<sp/>/<sp/>2),<sp/></highlight><highlight class="stringliteral">&quot;&lt;&quot;</highlight><highlight class="normal">,<sp/>font,<sp/>MLV_COLOR_BLACK);</highlight></codeline>
<codeline lineno="241"><highlight class="normal"></highlight></codeline>
<codeline lineno="242"><highlight class="normal"><sp/><sp/><sp/><sp/>MLV_get_size_of_text_with_font(</highlight><highlight class="stringliteral">&quot;&gt;&quot;</highlight><highlight class="normal">,<sp/>&amp;lon,<sp/>&amp;lar,<sp/>font);</highlight></codeline>
<codeline lineno="243"><highlight class="normal"><sp/><sp/><sp/><sp/>MLV_draw_text_with_font(x<sp/>+<sp/>187<sp/>-<sp/>(lon<sp/>/<sp/>2),<sp/>y<sp/>+<sp/>37<sp/>-<sp/>(lar<sp/>/<sp/>2),<sp/></highlight><highlight class="stringliteral">&quot;&gt;&quot;</highlight><highlight class="normal">,<sp/>font,<sp/>MLV_COLOR_BLACK);</highlight></codeline>
<codeline lineno="244"><highlight class="normal"></highlight></codeline>
<codeline lineno="245"><highlight class="normal"><sp/><sp/><sp/><sp/>sprintf(nbr,<sp/></highlight><highlight class="stringliteral">&quot;%d&quot;</highlight><highlight class="normal">,<sp/>nombre);</highlight></codeline>
<codeline lineno="246"><highlight class="normal"><sp/><sp/><sp/><sp/>MLV_get_size_of_text_with_font(nbr,<sp/>&amp;lon,<sp/>&amp;lar,<sp/>font);</highlight></codeline>
<codeline lineno="247"><highlight class="normal"><sp/><sp/><sp/><sp/>MLV_draw_text_with_font(x<sp/>+<sp/>75<sp/>-<sp/>(lon<sp/>/<sp/>2),<sp/>y<sp/>+<sp/>37<sp/>-<sp/>(lar<sp/>/<sp/>2),<sp/>nbr,<sp/>font,<sp/>MLV_COLOR_BLACK);</highlight></codeline>
<codeline lineno="248"><highlight class="normal"></highlight></codeline>
<codeline lineno="249"><highlight class="normal"><sp/><sp/><sp/><sp/>MLV_update_window();</highlight></codeline>
<codeline lineno="250"><highlight class="normal"><sp/><sp/><sp/><sp/>MLV_free_font(font);</highlight></codeline>
<codeline lineno="251"><highlight class="normal">}</highlight></codeline>
<codeline lineno="252"><highlight class="normal"></highlight></codeline>
<codeline lineno="253"><highlight class="normal"></highlight></codeline>
<codeline lineno="254" refid="affiche_8h_1aef5c70356e8b378c173eb8186d2afdad" refkind="member"><highlight class="normal"></highlight><highlight class="keywordtype">void</highlight><highlight class="normal"><sp/><ref refid="affiche_8c_1aef5c70356e8b378c173eb8186d2afdad" kindref="member">affiche_choix_txt</ref>(</highlight><highlight class="keywordtype">int</highlight><highlight class="normal"><sp/>x,<sp/></highlight><highlight class="keywordtype">int</highlight><highlight class="normal"><sp/>y,<sp/></highlight><highlight class="keywordtype">char</highlight><highlight class="normal"><sp/>txt[]){</highlight></codeline>
<codeline lineno="255"><highlight class="normal"><sp/><sp/><sp/><sp/></highlight><highlight class="keywordtype">int</highlight><highlight class="normal"><sp/>lon,<sp/>lar;</highlight></codeline>
<codeline lineno="256"><highlight class="normal"><sp/><sp/><sp/><sp/>MLV_Font<sp/>*font<sp/>=<sp/>MLV_load_font(</highlight><highlight class="stringliteral">&quot;../ttf/coolvetica.ttf&quot;</highlight><highlight class="normal">,<sp/>30);</highlight></codeline>
<codeline lineno="257"><highlight class="normal"><sp/><sp/><sp/><sp/>MLV_draw_filled_rectangle(x,<sp/>y,<sp/>300,<sp/>75,<sp/>MLV_COLOR_WHITE);</highlight></codeline>
<codeline lineno="258"><highlight class="normal"><sp/><sp/><sp/><sp/>MLV_draw_rectangle(x,<sp/>y,<sp/>300,<sp/>75,<sp/>MLV_COLOR_BLACK);</highlight></codeline>
<codeline lineno="259"><highlight class="normal"><sp/><sp/><sp/><sp/>MLV_draw_filled_rectangle(x<sp/>-<sp/>75,<sp/>y,<sp/>75,<sp/>75,<sp/>MLV_COLOR_GREY80);</highlight></codeline>
<codeline lineno="260"><highlight class="normal"><sp/><sp/><sp/><sp/>MLV_draw_filled_rectangle(x<sp/>+<sp/>300,<sp/>y,<sp/>75,<sp/>75,<sp/>MLV_COLOR_GREY80);</highlight></codeline>
<codeline lineno="261"><highlight class="normal"><sp/><sp/><sp/><sp/>MLV_draw_rectangle(x<sp/>-<sp/>75,<sp/>y,<sp/>75,<sp/>75,<sp/>MLV_COLOR_BLACK);</highlight></codeline>
<codeline lineno="262"><highlight class="normal"><sp/><sp/><sp/><sp/>MLV_draw_rectangle(x<sp/>+<sp/>300,<sp/>y,<sp/>75,<sp/>75,<sp/>MLV_COLOR_BLACK);</highlight></codeline>
<codeline lineno="263"><highlight class="normal"></highlight></codeline>
<codeline lineno="264"><highlight class="normal"><sp/><sp/><sp/><sp/>MLV_get_size_of_text_with_font(</highlight><highlight class="stringliteral">&quot;&lt;&quot;</highlight><highlight class="normal">,<sp/>&amp;lon,<sp/>&amp;lar,<sp/>font);</highlight></codeline>
<codeline lineno="265"><highlight class="normal"><sp/><sp/><sp/><sp/>MLV_draw_text_with_font(x<sp/>-<sp/>37<sp/>-<sp/>(lon<sp/>/<sp/>2),<sp/>y<sp/>+<sp/>37<sp/>-<sp/>(lar<sp/>/<sp/>2),<sp/></highlight><highlight class="stringliteral">&quot;&lt;&quot;</highlight><highlight class="normal">,<sp/>font,<sp/>MLV_COLOR_BLACK);</highlight></codeline>
<codeline lineno="266"><highlight class="normal"></highlight></codeline>
<codeline lineno="267"><highlight class="normal"><sp/><sp/><sp/><sp/>MLV_get_size_of_text_with_font(</highlight><highlight class="stringliteral">&quot;&gt;&quot;</highlight><highlight class="normal">,<sp/>&amp;lon,<sp/>&amp;lar,<sp/>font);</highlight></codeline>
<codeline lineno="268"><highlight class="normal"><sp/><sp/><sp/><sp/>MLV_draw_text_with_font(x<sp/>+<sp/>337<sp/>-<sp/>(lon<sp/>/<sp/>2),<sp/>y<sp/>+<sp/>37<sp/>-<sp/>(lar<sp/>/<sp/>2),<sp/></highlight><highlight class="stringliteral">&quot;&gt;&quot;</highlight><highlight class="normal">,<sp/>font,<sp/>MLV_COLOR_BLACK);</highlight></codeline>
<codeline lineno="269"><highlight class="normal"></highlight></codeline>
<codeline lineno="270"><highlight class="normal"><sp/><sp/><sp/><sp/>MLV_get_size_of_text_with_font(txt,<sp/>&amp;lon,<sp/>&amp;lar,<sp/>font);</highlight></codeline>
<codeline lineno="271"><highlight class="normal"><sp/><sp/><sp/><sp/>MLV_draw_text_with_font(x<sp/>+<sp/>150<sp/>-<sp/>(lon<sp/>/<sp/>2),<sp/>y<sp/>+<sp/>37<sp/>-<sp/>(lar<sp/>/<sp/>2),<sp/>txt,<sp/>font,<sp/>MLV_COLOR_BLACK);</highlight></codeline>
<codeline lineno="272"><highlight class="normal"></highlight></codeline>
<codeline lineno="273"><highlight class="normal"><sp/><sp/><sp/><sp/>MLV_update_window();</highlight></codeline>
<codeline lineno="274"><highlight class="normal"><sp/><sp/><sp/><sp/>MLV_free_font(font);</highlight></codeline>
<codeline lineno="275"><highlight class="normal">}</highlight></codeline>
<codeline lineno="276"><highlight class="normal"></highlight></codeline>
<codeline lineno="277"><highlight class="normal"></highlight></codeline>
<codeline lineno="278" refid="affiche_8h_1ae0bd5a4ef4bc4dad4723cc1c3b2d89a2" refkind="member"><highlight class="normal"></highlight><highlight class="keywordtype">void</highlight><highlight class="normal"><sp/><ref refid="affiche_8c_1ae0bd5a4ef4bc4dad4723cc1c3b2d89a2" kindref="member">affiche_niveau_hist</ref>(</highlight><highlight class="keywordtype">unsigned</highlight><highlight class="normal"><sp/></highlight><highlight class="keywordtype">int</highlight><highlight class="normal"><sp/>longueur,<sp/></highlight><highlight class="keywordtype">unsigned</highlight><highlight class="normal"><sp/></highlight><highlight class="keywordtype">int</highlight><highlight class="normal"><sp/>largeur,<sp/></highlight><highlight class="keywordtype">int</highlight><highlight class="normal"><sp/>choix){</highlight></codeline>
<codeline lineno="279"><highlight class="normal"><sp/><sp/><sp/><sp/></highlight><highlight class="keywordtype">int</highlight><highlight class="normal"><sp/>lon<sp/>=<sp/>(longueur<sp/>-<sp/>250)<sp/>/<sp/>2,<sp/>lar<sp/>=<sp/>(largeur<sp/>-<sp/>280)<sp/>/<sp/>4;</highlight></codeline>
<codeline lineno="280"><highlight class="normal"><sp/><sp/><sp/><sp/></highlight><highlight class="keywordtype">int</highlight><highlight class="normal"><sp/>lon_txt,<sp/>lar_txt;</highlight></codeline>
<codeline lineno="281"><highlight class="normal"><sp/><sp/><sp/><sp/></highlight><highlight class="keywordtype">char</highlight><highlight class="normal"><sp/>niv[12];</highlight></codeline>
<codeline lineno="282"><highlight class="normal"><sp/><sp/><sp/><sp/></highlight><highlight class="keywordtype">int</highlight><highlight class="normal"><sp/>i,<sp/>j;</highlight></codeline>
<codeline lineno="283"><highlight class="normal"><sp/><sp/><sp/><sp/>MLV_Font<sp/>*font<sp/>=<sp/>MLV_load_font(</highlight><highlight class="stringliteral">&quot;../ttf/coolvetica.ttf&quot;</highlight><highlight class="normal">,<sp/>30);</highlight></codeline>
<codeline lineno="284"><highlight class="normal"><sp/><sp/><sp/><sp/></highlight><highlight class="keywordflow">for</highlight><highlight class="normal">(i<sp/>=<sp/>0;<sp/>i<sp/>&lt;<sp/>2;<sp/>i++){</highlight></codeline>
<codeline lineno="285"><highlight class="normal"><sp/><sp/><sp/><sp/><sp/><sp/><sp/><sp/></highlight><highlight class="keywordflow">for</highlight><highlight class="normal">(j<sp/>=<sp/>0;<sp/>j<sp/>&lt;<sp/>4;<sp/>j++){</highlight></codeline>
<codeline lineno="286"><highlight class="normal"><sp/><sp/><sp/><sp/><sp/><sp/><sp/><sp/><sp/><sp/><sp/><sp/>MLV_get_size_of_text_with_font(</highlight><highlight class="stringliteral">&quot;NIVEAU<sp/><sp/>&quot;</highlight><highlight class="normal">,<sp/>&amp;lon_txt,<sp/>&amp;lar_txt,<sp/>font);</highlight></codeline>
<codeline lineno="287"><highlight class="normal"><sp/><sp/><sp/><sp/><sp/><sp/><sp/><sp/><sp/><sp/><sp/><sp/></highlight><highlight class="keywordflow">if</highlight><highlight class="normal">(<sp/>(i<sp/>*<sp/>4)<sp/>+<sp/>j<sp/>==<sp/>choix){</highlight></codeline>
<codeline lineno="288"><highlight class="normal"><sp/><sp/><sp/><sp/><sp/><sp/><sp/><sp/><sp/><sp/><sp/><sp/><sp/><sp/><sp/><sp/>MLV_draw_filled_rectangle(100<sp/>+<sp/>(i<sp/>*<sp/>lon)<sp/>+<sp/>(i<sp/>*<sp/>50),<sp/>100<sp/>+<sp/>(j<sp/>*<sp/>lar)<sp/>+<sp/>(j<sp/>*<sp/>20),<sp/>lon,<sp/>lar,<sp/>MLV_COLOR_GREY50);</highlight></codeline>
<codeline lineno="289"><highlight class="normal"><sp/><sp/><sp/><sp/><sp/><sp/><sp/><sp/><sp/><sp/><sp/><sp/><sp/><sp/><sp/><sp/>MLV_draw_rectangle(100<sp/>+<sp/>(i<sp/>*<sp/>lon)<sp/>+<sp/>(i<sp/>*<sp/>50),<sp/>100<sp/>+<sp/>(j<sp/>*<sp/>lar)<sp/>+<sp/>(j<sp/>*<sp/>20),<sp/>lon,<sp/>lar,<sp/>MLV_COLOR_RED);</highlight></codeline>
<codeline lineno="290"><highlight class="normal"><sp/><sp/><sp/><sp/><sp/><sp/><sp/><sp/><sp/><sp/><sp/><sp/>}</highlight><highlight class="keywordflow">else</highlight><highlight class="normal">{</highlight></codeline>
<codeline lineno="291"><highlight class="normal"><sp/><sp/><sp/><sp/><sp/><sp/><sp/><sp/><sp/><sp/><sp/><sp/><sp/><sp/><sp/><sp/>MLV_draw_filled_rectangle(100<sp/>+<sp/>(i<sp/>*<sp/>lon)<sp/>+<sp/>(i<sp/>*<sp/>50),<sp/>100<sp/>+<sp/>(j<sp/>*<sp/>lar)<sp/>+<sp/>(j<sp/>*<sp/>20),<sp/>lon,<sp/>lar,<sp/>MLV_COLOR_GREY);</highlight></codeline>
<codeline lineno="292"><highlight class="normal"><sp/><sp/><sp/><sp/><sp/><sp/><sp/><sp/><sp/><sp/><sp/><sp/><sp/><sp/><sp/><sp/>MLV_draw_rectangle(100<sp/>+<sp/>(i<sp/>*<sp/>lon)<sp/>+<sp/>(i<sp/>*<sp/>50),<sp/>100<sp/>+<sp/>(j<sp/>*<sp/>lar)<sp/>+<sp/>(j<sp/>*<sp/>20),<sp/>lon,<sp/>lar,<sp/>MLV_COLOR_BLACK);</highlight></codeline>
<codeline lineno="293"><highlight class="normal"><sp/><sp/><sp/><sp/><sp/><sp/><sp/><sp/><sp/><sp/><sp/><sp/>}</highlight></codeline>
<codeline lineno="294"><highlight class="normal"><sp/><sp/><sp/><sp/><sp/><sp/><sp/><sp/><sp/><sp/><sp/><sp/>sprintf(niv,<sp/></highlight><highlight class="stringliteral">&quot;NIVEAU<sp/>%d&quot;</highlight><highlight class="normal">,<sp/>(i<sp/>*<sp/>4)<sp/>+<sp/>j);</highlight></codeline>
<codeline lineno="295"><highlight class="normal"><sp/><sp/><sp/><sp/><sp/><sp/><sp/><sp/><sp/><sp/><sp/><sp/>MLV_draw_text_with_font((100<sp/>+<sp/>(i<sp/>*<sp/>lon)<sp/>+<sp/>(i<sp/>*<sp/>50))<sp/>+<sp/>(lon/2)<sp/>-<sp/>(lon_txt/2),<sp/>100<sp/>+<sp/>(j<sp/>*<sp/>lar)<sp/>+<sp/>(j<sp/>*<sp/>20)<sp/>+<sp/>(lar/2)<sp/>-<sp/>(lar_txt/2),<sp/>niv,<sp/>font,<sp/>MLV_COLOR_BLACK);</highlight></codeline>
<codeline lineno="296"><highlight class="normal"><sp/><sp/><sp/><sp/><sp/><sp/><sp/><sp/>}</highlight></codeline>
<codeline lineno="297"><highlight class="normal"><sp/><sp/><sp/><sp/>}</highlight></codeline>
<codeline lineno="298"><highlight class="normal"><sp/><sp/><sp/><sp/>MLV_free_font(font);</highlight></codeline>
<codeline lineno="299"><highlight class="normal"><sp/><sp/><sp/><sp/>MLV_update_window();</highlight></codeline>
<codeline lineno="300"><highlight class="normal">}</highlight></codeline>
<codeline lineno="301"><highlight class="normal"></highlight></codeline>
<codeline lineno="302"><highlight class="normal"></highlight></codeline>
<codeline lineno="303" refid="affiche_8h_1afeade6092f8c906be92d475a7a616abe" refkind="member"><highlight class="normal"></highlight><highlight class="keywordtype">void</highlight><highlight class="normal"><sp/><ref refid="affiche_8c_1afeade6092f8c906be92d475a7a616abe" kindref="member">affiche_paneaux_centre</ref>(</highlight><highlight class="keywordtype">unsigned</highlight><highlight class="normal"><sp/></highlight><highlight class="keywordtype">int</highlight><highlight class="normal"><sp/>longueur,<sp/></highlight><highlight class="keywordtype">unsigned</highlight><highlight class="normal"><sp/></highlight><highlight class="keywordtype">int</highlight><highlight class="normal"><sp/>largeur,<sp/></highlight><highlight class="keywordtype">char</highlight><highlight class="normal"><sp/>*texte){</highlight></codeline>
<codeline lineno="304"><highlight class="normal"><sp/><sp/><sp/><sp/></highlight><highlight class="keywordtype">int</highlight><highlight class="normal"><sp/>x,<sp/>y;</highlight></codeline>
<codeline lineno="305"><highlight class="normal"><sp/><sp/><sp/><sp/>MLV_Font*<sp/>font<sp/>=<sp/>MLV_load_font(</highlight><highlight class="stringliteral">&quot;../ttf/run.ttf&quot;</highlight><highlight class="normal">,<sp/>100);</highlight></codeline>
<codeline lineno="306"><highlight class="normal"><sp/><sp/><sp/><sp/>MLV_get_size_of_text_with_font(texte,<sp/>&amp;x,<sp/>&amp;y,<sp/>font);</highlight></codeline>
<codeline lineno="307"><highlight class="normal"><sp/><sp/><sp/><sp/>MLV_draw_filled_rectangle((longueur<sp/>/<sp/>2)<sp/>-<sp/>(x<sp/>/<sp/>2)<sp/>-<sp/>50,<sp/>(largeur<sp/>/<sp/>2)<sp/>-<sp/>(y<sp/>/<sp/>2)<sp/>-<sp/>50,<sp/>x<sp/>+<sp/>100,<sp/>y<sp/>+<sp/>100,<sp/>MLV_COLOR_GREY);</highlight></codeline>
<codeline lineno="308"><highlight class="normal"><sp/><sp/><sp/><sp/>MLV_draw_rectangle((longueur<sp/>/<sp/>2)<sp/>-<sp/>(x<sp/>/<sp/>2)<sp/>-<sp/>50,<sp/>(largeur<sp/>/<sp/>2)<sp/>-<sp/>(y<sp/>/<sp/>2)<sp/>-<sp/>50,<sp/>x<sp/>+<sp/>100,<sp/>y<sp/>+<sp/>100,<sp/>MLV_COLOR_BLACK);</highlight></codeline>
<codeline lineno="309"><highlight class="normal"><sp/><sp/><sp/><sp/>MLV_draw_text_with_font((longueur<sp/>/<sp/>2)<sp/>-<sp/>(x<sp/>/<sp/>2),<sp/>(largeur<sp/>/<sp/>2)<sp/>-<sp/>(y<sp/>/<sp/>2),<sp/>texte,<sp/>font,<sp/>MLV_COLOR_LIGHTCORAL);</highlight></codeline>
<codeline lineno="310"><highlight class="normal"><sp/><sp/><sp/><sp/>MLV_actualise_window();</highlight></codeline>
<codeline lineno="311"><highlight class="normal"><sp/><sp/><sp/><sp/>MLV_wait_seconds(2);</highlight></codeline>
<codeline lineno="312"><highlight class="normal"><sp/><sp/><sp/><sp/>MLV_free_font(font);</highlight></codeline>
<codeline lineno="313"><highlight class="normal">}</highlight></codeline>
<codeline lineno="314"><highlight class="normal"></highlight></codeline>
<codeline lineno="315"><highlight class="normal"></highlight></codeline>
<codeline lineno="316" refid="affiche_8h_1a35ce5334801f31fbb254cce8f4643e1b" refkind="member"><highlight class="normal"></highlight><highlight class="keywordtype">void</highlight><highlight class="normal"><sp/><ref refid="affiche_8c_1a35ce5334801f31fbb254cce8f4643e1b" kindref="member">affiche_exit</ref>(</highlight><highlight class="keywordtype">unsigned</highlight><highlight class="normal"><sp/></highlight><highlight class="keywordtype">int</highlight><highlight class="normal"><sp/>longueur,<sp/></highlight><highlight class="keywordtype">unsigned</highlight><highlight class="normal"><sp/></highlight><highlight class="keywordtype">int</highlight><highlight class="normal"><sp/>largeur,<sp/></highlight><highlight class="keywordtype">int</highlight><highlight class="normal"><sp/>*x,<sp/></highlight><highlight class="keywordtype">int</highlight><highlight class="normal"><sp/>*y){</highlight></codeline>
<codeline lineno="317"><highlight class="normal"><sp/><sp/><sp/><sp/>MLV_Font*<sp/>font<sp/>=<sp/>MLV_load_font(</highlight><highlight class="stringliteral">&quot;../ttf/run.ttf&quot;</highlight><highlight class="normal">,<sp/>70);</highlight></codeline>
<codeline lineno="318"><highlight class="normal"><sp/><sp/><sp/><sp/>MLV_get_size_of_text_with_font(</highlight><highlight class="stringliteral">&quot;Voulez-vous<sp/>vraiment<sp/>partir<sp/>?&quot;</highlight><highlight class="normal">,<sp/>x,<sp/>y,<sp/>font);</highlight></codeline>
<codeline lineno="319"><highlight class="normal"><sp/><sp/><sp/><sp/>MLV_draw_filled_rectangle((longueur<sp/>/<sp/>2)<sp/>-<sp/>((*x)<sp/>/<sp/>2)<sp/>-<sp/>50,<sp/>(largeur<sp/>/<sp/>2)<sp/>-<sp/>((*y)<sp/>/<sp/>2)<sp/>-<sp/>50,<sp/>(*x)<sp/>+<sp/>100,<sp/>(*y)<sp/>+<sp/>250,<sp/>MLV_COLOR_GREY);</highlight></codeline>
<codeline lineno="320"><highlight class="normal"><sp/><sp/><sp/><sp/>MLV_draw_rectangle((longueur<sp/>/<sp/>2)<sp/>-<sp/>((*x)<sp/>/<sp/>2)<sp/>-<sp/>50,<sp/>(largeur<sp/>/<sp/>2)<sp/>-<sp/>((*y)<sp/>/<sp/>2)<sp/>-<sp/>50,<sp/>(*x)<sp/>+<sp/>100,<sp/>(*y)<sp/>+<sp/>250,<sp/>MLV_COLOR_BLACK);</highlight></codeline>
<codeline lineno="321"><highlight class="normal"><sp/><sp/><sp/><sp/>MLV_draw_text_with_font((longueur<sp/>/<sp/>2)<sp/>-<sp/>((*x)<sp/>/<sp/>2),<sp/>(largeur<sp/>/<sp/>2)<sp/>-<sp/>((*y)<sp/>/<sp/>2),<sp/></highlight><highlight class="stringliteral">&quot;Voulez-vous<sp/>vraiment<sp/>partir<sp/>?&quot;</highlight><highlight class="normal">,<sp/>font,<sp/>MLV_COLOR_BLACK);</highlight></codeline>
<codeline lineno="322"><highlight class="normal"></highlight></codeline>
<codeline lineno="323"><highlight class="normal"><sp/><sp/><sp/><sp/>MLV_get_size_of_text_with_font(</highlight><highlight class="stringliteral">&quot;OUI&quot;</highlight><highlight class="normal">,<sp/>x,<sp/>y,<sp/>font);</highlight></codeline>
<codeline lineno="324"><highlight class="normal"><sp/><sp/><sp/><sp/>MLV_draw_filled_rectangle((longueur<sp/>/<sp/>2)<sp/>-<sp/>((*x)<sp/>/<sp/>2)<sp/>-<sp/>60,<sp/>(largeur<sp/>/<sp/>2)<sp/>-<sp/>((*y)<sp/>/<sp/>2)<sp/>+<sp/>130,<sp/>(*x)<sp/>+<sp/>120,<sp/>(*y)<sp/>+<sp/>40,<sp/>MLV_COLOR_GREY);</highlight></codeline>
<codeline lineno="325"><highlight class="normal"><sp/><sp/><sp/><sp/>MLV_draw_rectangle((longueur<sp/>/<sp/>2)<sp/>-<sp/>((*x)<sp/>/<sp/>2)<sp/>-<sp/>60,<sp/>(largeur<sp/>/<sp/>2)<sp/>-<sp/>((*y)<sp/>/<sp/>2)<sp/>+<sp/>130,<sp/>(*x)<sp/>+<sp/>120,<sp/>(*y)<sp/>+<sp/>40,<sp/>MLV_COLOR_BLACK);</highlight></codeline>
<codeline lineno="326"><highlight class="normal"><sp/><sp/><sp/><sp/>MLV_draw_text_with_font((longueur<sp/>/<sp/>2)<sp/>-<sp/>((*x)<sp/>/<sp/>2),<sp/>(largeur<sp/>/<sp/>2)<sp/>-<sp/>((*y)<sp/>/<sp/>2)<sp/>+<sp/>150,<sp/></highlight><highlight class="stringliteral">&quot;OUI&quot;</highlight><highlight class="normal">,<sp/>font,<sp/>MLV_COLOR_BLACK);</highlight></codeline>
<codeline lineno="327"><highlight class="normal"><sp/><sp/><sp/><sp/>MLV_actualise_window();</highlight></codeline>
<codeline lineno="328"><highlight class="normal"><sp/><sp/><sp/><sp/>MLV_free_font(font);</highlight></codeline>
<codeline lineno="329"><highlight class="normal">}</highlight></codeline>
<codeline lineno="330"><highlight class="normal"></highlight></codeline>
    </programlisting>
    <location file="Cours/projet_final_algo/src/affiche.c"/>
  </compounddef>
</doxygen>
