<?xml version='1.0' encoding='UTF-8' standalone='no'?>
<doxygen xmlns:xsi="http://www.w3.org/2001/XMLSchema-instance" xsi:noNamespaceSchemaLocation="compound.xsd" version="1.8.20" xml:lang="fr">
  <compounddef id="affiche_8h" kind="file" language="C++">
    <compoundname>affiche.h</compoundname>
    <includes local="no">assert.h</includes>
    <includes local="no">stdlib.h</includes>
    <includes local="no">stdio.h</includes>
    <includes local="no">MLV/MLV_all.h</includes>
    <includes refid="niveau_8h" local="yes">niveau.h</includes>
    <includedby refid="moteur_8h" local="yes">Cours/projet_final_algo/src/header/moteur.h</includedby>
    <incdepgraph>
      <node id="7">
        <label>stdbool.h</label>
      </node>
      <node id="11">
        <label>sys/select.h</label>
      </node>
      <node id="10">
        <label>temps.h</label>
        <link refid="temps_8h"/>
        <childnode refid="2" relation="include">
        </childnode>
        <childnode refid="3" relation="include">
        </childnode>
        <childnode refid="4" relation="include">
        </childnode>
        <childnode refid="11" relation="include">
        </childnode>
        <childnode refid="12" relation="include">
        </childnode>
      </node>
      <node id="2">
        <label>assert.h</label>
      </node>
      <node id="9">
        <label>objet.h</label>
        <link refid="objet_8h"/>
        <childnode refid="2" relation="include">
        </childnode>
        <childnode refid="3" relation="include">
        </childnode>
        <childnode refid="4" relation="include">
        </childnode>
        <childnode refid="7" relation="include">
        </childnode>
        <childnode refid="10" relation="include">
        </childnode>
        <childnode refid="8" relation="include">
        </childnode>
      </node>
      <node id="3">
        <label>stdlib.h</label>
      </node>
      <node id="13">
        <label>tas.h</label>
        <link refid="tas_8h"/>
        <childnode refid="2" relation="include">
        </childnode>
        <childnode refid="3" relation="include">
        </childnode>
        <childnode refid="4" relation="include">
        </childnode>
        <childnode refid="7" relation="include">
        </childnode>
        <childnode refid="8" relation="include">
        </childnode>
        <childnode refid="10" relation="include">
        </childnode>
      </node>
      <node id="6">
        <label>niveau.h</label>
        <link refid="niveau_8h"/>
        <childnode refid="2" relation="include">
        </childnode>
        <childnode refid="3" relation="include">
        </childnode>
        <childnode refid="4" relation="include">
        </childnode>
        <childnode refid="7" relation="include">
        </childnode>
        <childnode refid="8" relation="include">
        </childnode>
        <childnode refid="9" relation="include">
        </childnode>
        <childnode refid="10" relation="include">
        </childnode>
        <childnode refid="13" relation="include">
        </childnode>
      </node>
      <node id="8">
        <label>coordonne.h</label>
        <link refid="coordonne_8h"/>
        <childnode refid="2" relation="include">
        </childnode>
        <childnode refid="3" relation="include">
        </childnode>
        <childnode refid="4" relation="include">
        </childnode>
      </node>
      <node id="5">
        <label>MLV/MLV_all.h</label>
      </node>
      <node id="1">
        <label>Cours/projet_final_algo/src/header/affiche.h</label>
        <link refid="affiche_8h"/>
        <childnode refid="2" relation="include">
        </childnode>
        <childnode refid="3" relation="include">
        </childnode>
        <childnode refid="4" relation="include">
        </childnode>
        <childnode refid="5" relation="include">
        </childnode>
        <childnode refid="6" relation="include">
        </childnode>
      </node>
      <node id="12">
        <label>time.h</label>
      </node>
      <node id="4">
        <label>stdio.h</label>
      </node>
    </incdepgraph>
    <invincdepgraph>
      <node id="2">
        <label>Cours/projet_final_algo/src/header/moteur.h</label>
        <link refid="moteur_8h"/>
      </node>
      <node id="1">
        <label>Cours/projet_final_algo/src/header/affiche.h</label>
        <link refid="affiche_8h"/>
        <childnode refid="2" relation="include">
        </childnode>
      </node>
    </invincdepgraph>
      <sectiondef kind="define">
      <memberdef kind="define" id="affiche_8h_1a26e9cb457fdb1b82b145f2e4a69e871d" prot="public" static="no">
        <name>TMOTS</name>
        <initializer>20</initializer>
        <briefdescription>
        </briefdescription>
        <detaileddescription>
<para>Taille max des mots des fonction </para>
        </detaileddescription>
        <inbodydescription>
        </inbodydescription>
        <location file="Cours/projet_final_algo/src/header/affiche.h" line="25" column="9" bodyfile="Cours/projet_final_algo/src/header/affiche.h" bodystart="25" bodyend="-1"/>
      </memberdef>
      <memberdef kind="define" id="affiche_8h_1aa8d177041ed63e23e77e431f9de60d3a" prot="public" static="no">
        <name>DEBUTX</name>
        <initializer>50</initializer>
        <briefdescription>
        </briefdescription>
        <detaileddescription>
<para>Abscisse du debut de la grille de jeu </para>
        </detaileddescription>
        <inbodydescription>
        </inbodydescription>
        <location file="Cours/projet_final_algo/src/header/affiche.h" line="30" column="9" bodyfile="Cours/projet_final_algo/src/header/affiche.h" bodystart="30" bodyend="-1"/>
      </memberdef>
      <memberdef kind="define" id="affiche_8h_1a0c8a6c78f96b789d1478544dff37f770" prot="public" static="no">
        <name>DEBUTY</name>
        <initializer>100</initializer>
        <briefdescription>
        </briefdescription>
        <detaileddescription>
<para>Ordonnée du debut de la grille de jeu </para>
        </detaileddescription>
        <inbodydescription>
        </inbodydescription>
        <location file="Cours/projet_final_algo/src/header/affiche.h" line="35" column="9" bodyfile="Cours/projet_final_algo/src/header/affiche.h" bodystart="35" bodyend="-1"/>
      </memberdef>
      </sectiondef>
      <sectiondef kind="func">
      <memberdef kind="function" id="affiche_8h_1a3219855224c5c56861bf28ffacd8f4c2" prot="public" static="no" const="no" explicit="no" inline="no" virt="non-virtual">
        <type>int</type>
        <definition>int mini</definition>
        <argsstring>(int un, int deux)</argsstring>
        <name>mini</name>
        <param>
          <type>int</type>
          <declname>un</declname>
        </param>
        <param>
          <type>int</type>
          <declname>deux</declname>
        </param>
        <briefdescription>
        </briefdescription>
        <detaileddescription>
<para>Prend deux entier et renvoie le plus grand des deux </para>
        </detaileddescription>
        <inbodydescription>
        </inbodydescription>
        <location file="Cours/projet_final_algo/src/header/affiche.h" line="41" column="5" declfile="Cours/projet_final_algo/src/header/affiche.h" declline="41" declcolumn="5"/>
      </memberdef>
      <memberdef kind="function" id="affiche_8h_1a0159c751ef6262219b7d0d7b4b6d35e8" prot="public" static="no" const="no" explicit="no" inline="no" virt="non-virtual">
        <type>void</type>
        <definition>void affiche_usage</definition>
        <argsstring>()</argsstring>
        <name>affiche_usage</name>
        <briefdescription>
        </briefdescription>
        <detaileddescription>
<para>Affiche dans le terminal les differents usage du programe </para>
        </detaileddescription>
        <inbodydescription>
        </inbodydescription>
        <location file="Cours/projet_final_algo/src/header/affiche.h" line="47" column="6" declfile="Cours/projet_final_algo/src/header/affiche.h" declline="47" declcolumn="6"/>
      </memberdef>
      <memberdef kind="function" id="affiche_8h_1a096b849016c780063d344f3091d879f9" prot="public" static="no" const="no" explicit="no" inline="no" virt="non-virtual">
        <type>void</type>
        <definition>void ouvre_fenettre</definition>
        <argsstring>(unsigned int *longueur, unsigned int *largeur)</argsstring>
        <name>ouvre_fenettre</name>
        <param>
          <type>unsigned int *</type>
          <declname>longueur</declname>
        </param>
        <param>
          <type>unsigned int *</type>
          <declname>largeur</declname>
        </param>
        <briefdescription>
        </briefdescription>
        <detaileddescription>
<para>Ouvre une fenetre graphique </para>
        </detaileddescription>
        <inbodydescription>
        </inbodydescription>
        <location file="Cours/projet_final_algo/src/header/affiche.h" line="53" column="6" declfile="Cours/projet_final_algo/src/header/affiche.h" declline="53" declcolumn="6"/>
      </memberdef>
      <memberdef kind="function" id="affiche_8h_1a3ab04a28e24bfd0bac8c7080998a3486" prot="public" static="no" const="no" explicit="no" inline="no" virt="non-virtual">
        <type>void</type>
        <definition>void affiche_menu</definition>
        <argsstring>(char nom[][TMOTS], int nombre)</argsstring>
        <name>affiche_menu</name>
        <param>
          <type>char</type>
          <declname>nom</declname>
          <array>[][TMOTS]</array>
        </param>
        <param>
          <type>int</type>
          <declname>nombre</declname>
        </param>
        <briefdescription>
        </briefdescription>
        <detaileddescription>
<para>Affiche le menu du jeu dans l&apos;aplication graphique </para>
        </detaileddescription>
        <inbodydescription>
        </inbodydescription>
        <location file="Cours/projet_final_algo/src/header/affiche.h" line="59" column="6" declfile="Cours/projet_final_algo/src/header/affiche.h" declline="59" declcolumn="6"/>
      </memberdef>
      <memberdef kind="function" id="affiche_8h_1aa469059a5c28d190030b4bb40c8e4c2c" prot="public" static="no" const="no" explicit="no" inline="no" virt="non-virtual">
        <type>void</type>
        <definition>void affiche_graph_niv</definition>
        <argsstring>(unsigned int longueur, unsigned int largeur, Niveau niv, int grille)</argsstring>
        <name>affiche_graph_niv</name>
        <param>
          <type>unsigned int</type>
          <declname>longueur</declname>
        </param>
        <param>
          <type>unsigned int</type>
          <declname>largeur</declname>
        </param>
        <param>
          <type><ref refid="struct_niveau" kindref="compound">Niveau</ref></type>
          <declname>niv</declname>
        </param>
        <param>
          <type>int</type>
          <declname>grille</declname>
        </param>
        <briefdescription>
        </briefdescription>
        <detaileddescription>
<para>Affiche graphiquement un niveaux </para>
        </detaileddescription>
        <inbodydescription>
        </inbodydescription>
        <location file="Cours/projet_final_algo/src/header/affiche.h" line="65" column="6" declfile="Cours/projet_final_algo/src/header/affiche.h" declline="65" declcolumn="6"/>
      </memberdef>
      <memberdef kind="function" id="affiche_8h_1ae33f37392ac61298f75c3d4b846395a4" prot="public" static="no" const="no" explicit="no" inline="no" virt="non-virtual">
        <type>void</type>
        <definition>void affiche_bare_latterale</definition>
        <argsstring>(unsigned int longueur, unsigned int largeur, unsigned int choix)</argsstring>
        <name>affiche_bare_latterale</name>
        <param>
          <type>unsigned int</type>
          <declname>longueur</declname>
        </param>
        <param>
          <type>unsigned int</type>
          <declname>largeur</declname>
        </param>
        <param>
          <type>unsigned int</type>
          <declname>choix</declname>
        </param>
        <briefdescription>
        </briefdescription>
        <detaileddescription>
<para>Affiche la barre latterale de l&apos;affichage graphique </para>
        </detaileddescription>
        <inbodydescription>
        </inbodydescription>
        <location file="Cours/projet_final_algo/src/header/affiche.h" line="70" column="6" declfile="Cours/projet_final_algo/src/header/affiche.h" declline="70" declcolumn="6"/>
      </memberdef>
      <memberdef kind="function" id="affiche_8h_1a6923b8b179c37be9caeb3f7579e28461" prot="public" static="no" const="no" explicit="no" inline="no" virt="non-virtual">
        <type>void</type>
        <definition>void affiche_choix_taille</definition>
        <argsstring>(unsigned int longueur, unsigned int largeur, int choix)</argsstring>
        <name>affiche_choix_taille</name>
        <param>
          <type>unsigned int</type>
          <declname>longueur</declname>
        </param>
        <param>
          <type>unsigned int</type>
          <declname>largeur</declname>
        </param>
        <param>
          <type>int</type>
          <declname>choix</declname>
        </param>
        <briefdescription>
        </briefdescription>
        <detaileddescription>
<para>Affiche le choix de la taille de chaque niveau graphiquement </para>
        </detaileddescription>
        <inbodydescription>
        </inbodydescription>
        <location file="Cours/projet_final_algo/src/header/affiche.h" line="75" column="6" declfile="Cours/projet_final_algo/src/header/affiche.h" declline="75" declcolumn="6"/>
      </memberdef>
      <memberdef kind="function" id="affiche_8h_1ad9f9778e16322c3b44e8c44ed72ca0b6" prot="public" static="no" const="no" explicit="no" inline="no" virt="non-virtual">
        <type>void</type>
        <definition>void affiche_choix_fichier</definition>
        <argsstring>(unsigned int longueur, unsigned int largeur, int choix)</argsstring>
        <name>affiche_choix_fichier</name>
        <param>
          <type>unsigned int</type>
          <declname>longueur</declname>
        </param>
        <param>
          <type>unsigned int</type>
          <declname>largeur</declname>
        </param>
        <param>
          <type>int</type>
          <declname>choix</declname>
        </param>
        <briefdescription>
        </briefdescription>
        <detaileddescription>
<para>Affiche le choix d&apos;un fichier pour un niveu deja concu dedans graphiquement </para>
        </detaileddescription>
        <inbodydescription>
        </inbodydescription>
        <location file="Cours/projet_final_algo/src/header/affiche.h" line="80" column="6" declfile="Cours/projet_final_algo/src/header/affiche.h" declline="80" declcolumn="6"/>
      </memberdef>
      <memberdef kind="function" id="affiche_8h_1aef5c70356e8b378c173eb8186d2afdad" prot="public" static="no" const="no" explicit="no" inline="no" virt="non-virtual">
        <type>void</type>
        <definition>void affiche_choix_txt</definition>
        <argsstring>(int x, int y, char txt[])</argsstring>
        <name>affiche_choix_txt</name>
        <param>
          <type>int</type>
          <declname>x</declname>
        </param>
        <param>
          <type>int</type>
          <declname>y</declname>
        </param>
        <param>
          <type>char</type>
          <declname>txt</declname>
          <array>[]</array>
        </param>
        <briefdescription>
        </briefdescription>
        <detaileddescription>
<para>Permet de faire une case pour choissire un mot x, y sont les coordonnée en haut a gauche </para>
        </detaileddescription>
        <inbodydescription>
        </inbodydescription>
        <location file="Cours/projet_final_algo/src/header/affiche.h" line="87" column="6" declfile="Cours/projet_final_algo/src/header/affiche.h" declline="87" declcolumn="6"/>
      </memberdef>
      <memberdef kind="function" id="affiche_8h_1aa4ca3ccabe2448f507b5061df19a47e2" prot="public" static="no" const="no" explicit="no" inline="no" virt="non-virtual">
        <type>void</type>
        <definition>void affiche_choix_nombre</definition>
        <argsstring>(int x, int y, int nombre)</argsstring>
        <name>affiche_choix_nombre</name>
        <param>
          <type>int</type>
          <declname>x</declname>
        </param>
        <param>
          <type>int</type>
          <declname>y</declname>
        </param>
        <param>
          <type>int</type>
          <declname>nombre</declname>
        </param>
        <briefdescription>
        </briefdescription>
        <detaileddescription>
<para>Permet de faire une case pour choissire un nombre x, y sont les coordonnée en haut a gauche </para>
        </detaileddescription>
        <inbodydescription>
        </inbodydescription>
        <location file="Cours/projet_final_algo/src/header/affiche.h" line="94" column="6" declfile="Cours/projet_final_algo/src/header/affiche.h" declline="94" declcolumn="6"/>
      </memberdef>
      <memberdef kind="function" id="affiche_8h_1ae0bd5a4ef4bc4dad4723cc1c3b2d89a2" prot="public" static="no" const="no" explicit="no" inline="no" virt="non-virtual">
        <type>void</type>
        <definition>void affiche_niveau_hist</definition>
        <argsstring>(unsigned int longueur, unsigned int largeur, int choix)</argsstring>
        <name>affiche_niveau_hist</name>
        <param>
          <type>unsigned int</type>
          <declname>longueur</declname>
        </param>
        <param>
          <type>unsigned int</type>
          <declname>largeur</declname>
        </param>
        <param>
          <type>int</type>
          <declname>choix</declname>
        </param>
        <briefdescription>
        </briefdescription>
        <detaileddescription>
<para>Affiche le choix niveau des niveau deja existant dans histoire graphiquement </para>
        </detaileddescription>
        <inbodydescription>
        </inbodydescription>
        <location file="Cours/projet_final_algo/src/header/affiche.h" line="99" column="6" declfile="Cours/projet_final_algo/src/header/affiche.h" declline="99" declcolumn="6"/>
      </memberdef>
      <memberdef kind="function" id="affiche_8h_1afeade6092f8c906be92d475a7a616abe" prot="public" static="no" const="no" explicit="no" inline="no" virt="non-virtual">
        <type>void</type>
        <definition>void affiche_paneaux_centre</definition>
        <argsstring>(unsigned int longueur, unsigned int largeur, char *texte)</argsstring>
        <name>affiche_paneaux_centre</name>
        <param>
          <type>unsigned int</type>
          <declname>longueur</declname>
        </param>
        <param>
          <type>unsigned int</type>
          <declname>largeur</declname>
        </param>
        <param>
          <type>char *</type>
          <declname>texte</declname>
        </param>
        <briefdescription>
        </briefdescription>
        <detaileddescription>
<para>Affiche un texte dans une boite au millieux de l&apos;ecran </para>
        </detaileddescription>
        <inbodydescription>
        </inbodydescription>
        <location file="Cours/projet_final_algo/src/header/affiche.h" line="105" column="6" declfile="Cours/projet_final_algo/src/header/affiche.h" declline="105" declcolumn="6"/>
      </memberdef>
      <memberdef kind="function" id="affiche_8h_1a35ce5334801f31fbb254cce8f4643e1b" prot="public" static="no" const="no" explicit="no" inline="no" virt="non-virtual">
        <type>void</type>
        <definition>void affiche_exit</definition>
        <argsstring>(unsigned int longueur, unsigned int largeur, int *x, int *y)</argsstring>
        <name>affiche_exit</name>
        <param>
          <type>unsigned int</type>
          <declname>longueur</declname>
        </param>
        <param>
          <type>unsigned int</type>
          <declname>largeur</declname>
        </param>
        <param>
          <type>int *</type>
          <declname>x</declname>
        </param>
        <param>
          <type>int *</type>
          <declname>y</declname>
        </param>
        <briefdescription>
        </briefdescription>
        <detaileddescription>
<para>Affiche la validation pour quitter le jeux </para>
        </detaileddescription>
        <inbodydescription>
        </inbodydescription>
        <location file="Cours/projet_final_algo/src/header/affiche.h" line="111" column="6" declfile="Cours/projet_final_algo/src/header/affiche.h" declline="111" declcolumn="6"/>
      </memberdef>
      </sectiondef>
    <briefdescription>
<para>Projet final Algo des arbre Université Gustave Eiffel. </para>
    </briefdescription>
    <detaileddescription>
<para><simplesect kind="author"><para>Etienne Collet / Lyna Benaibouche</para>
</simplesect>
<simplesect kind="date"><para>4/04/2021 - 16/05/2021</para>
</simplesect>
Permet de géré l&apos;affichage </para>
    </detaileddescription>
    <programlisting>
<codeline lineno="1"></codeline>
<codeline lineno="12"><highlight class="preprocessor">#ifndef<sp/>__A__</highlight><highlight class="normal"></highlight></codeline>
<codeline lineno="13"><highlight class="normal"></highlight><highlight class="preprocessor">#define<sp/>__A__</highlight><highlight class="normal"></highlight></codeline>
<codeline lineno="14"><highlight class="normal"></highlight></codeline>
<codeline lineno="15"><highlight class="normal"></highlight><highlight class="preprocessor">#include<sp/>&lt;assert.h&gt;</highlight><highlight class="normal"></highlight></codeline>
<codeline lineno="16"><highlight class="normal"></highlight><highlight class="preprocessor">#include<sp/>&lt;stdlib.h&gt;</highlight><highlight class="normal"></highlight></codeline>
<codeline lineno="17"><highlight class="normal"></highlight><highlight class="preprocessor">#include<sp/>&lt;stdio.h&gt;</highlight><highlight class="normal"></highlight></codeline>
<codeline lineno="18"><highlight class="normal"></highlight><highlight class="preprocessor">#include<sp/>&lt;MLV/MLV_all.h&gt;</highlight><highlight class="normal"></highlight></codeline>
<codeline lineno="19"><highlight class="normal"></highlight><highlight class="preprocessor">#include<sp/>&quot;<ref refid="niveau_8h" kindref="compound">niveau.h</ref>&quot;</highlight><highlight class="normal"></highlight></codeline>
<codeline lineno="20"><highlight class="normal"></highlight></codeline>
<codeline lineno="25" refid="affiche_8h_1a26e9cb457fdb1b82b145f2e4a69e871d" refkind="member"><highlight class="preprocessor">#define<sp/>TMOTS<sp/>20</highlight><highlight class="normal"></highlight></codeline>
<codeline lineno="26"><highlight class="normal"></highlight></codeline>
<codeline lineno="30" refid="affiche_8h_1aa8d177041ed63e23e77e431f9de60d3a" refkind="member"><highlight class="preprocessor">#define<sp/>DEBUTX<sp/>50</highlight><highlight class="normal"></highlight></codeline>
<codeline lineno="31"><highlight class="normal"></highlight></codeline>
<codeline lineno="35" refid="affiche_8h_1a0c8a6c78f96b789d1478544dff37f770" refkind="member"><highlight class="preprocessor">#define<sp/>DEBUTY<sp/>100</highlight><highlight class="normal"></highlight></codeline>
<codeline lineno="36"><highlight class="normal"></highlight></codeline>
<codeline lineno="37"><highlight class="normal"></highlight></codeline>
<codeline lineno="41" refid="affiche_8h_1a3219855224c5c56861bf28ffacd8f4c2" refkind="member"><highlight class="keywordtype">int</highlight><highlight class="normal"><sp/><ref refid="affiche_8h_1a3219855224c5c56861bf28ffacd8f4c2" kindref="member">mini</ref>(</highlight><highlight class="keywordtype">int</highlight><highlight class="normal"><sp/>un,<sp/></highlight><highlight class="keywordtype">int</highlight><highlight class="normal"><sp/>deux);</highlight></codeline>
<codeline lineno="42"><highlight class="normal"></highlight></codeline>
<codeline lineno="43"><highlight class="normal"></highlight></codeline>
<codeline lineno="47" refid="affiche_8h_1a0159c751ef6262219b7d0d7b4b6d35e8" refkind="member"><highlight class="keywordtype">void</highlight><highlight class="normal"><sp/><ref refid="affiche_8h_1a0159c751ef6262219b7d0d7b4b6d35e8" kindref="member">affiche_usage</ref>();</highlight></codeline>
<codeline lineno="48"><highlight class="normal"></highlight></codeline>
<codeline lineno="49"><highlight class="normal"></highlight></codeline>
<codeline lineno="53" refid="affiche_8h_1a096b849016c780063d344f3091d879f9" refkind="member"><highlight class="keywordtype">void</highlight><highlight class="normal"><sp/><ref refid="affiche_8h_1a096b849016c780063d344f3091d879f9" kindref="member">ouvre_fenettre</ref>(</highlight><highlight class="keywordtype">unsigned</highlight><highlight class="normal"><sp/></highlight><highlight class="keywordtype">int</highlight><highlight class="normal"><sp/>*longueur,<sp/></highlight><highlight class="keywordtype">unsigned</highlight><highlight class="normal"><sp/></highlight><highlight class="keywordtype">int</highlight><highlight class="normal"><sp/>*largeur);</highlight></codeline>
<codeline lineno="54"><highlight class="normal"></highlight></codeline>
<codeline lineno="55"><highlight class="normal"></highlight></codeline>
<codeline lineno="59" refid="affiche_8h_1a3ab04a28e24bfd0bac8c7080998a3486" refkind="member"><highlight class="keywordtype">void</highlight><highlight class="normal"><sp/><ref refid="affiche_8h_1a3ab04a28e24bfd0bac8c7080998a3486" kindref="member">affiche_menu</ref>(</highlight><highlight class="keywordtype">char</highlight><highlight class="normal"><sp/>nom[][<ref refid="affiche_8h_1a26e9cb457fdb1b82b145f2e4a69e871d" kindref="member">TMOTS</ref>],<sp/></highlight><highlight class="keywordtype">int</highlight><highlight class="normal"><sp/>nombre);</highlight></codeline>
<codeline lineno="60"><highlight class="normal"></highlight></codeline>
<codeline lineno="61"><highlight class="normal"></highlight></codeline>
<codeline lineno="65" refid="affiche_8h_1aa469059a5c28d190030b4bb40c8e4c2c" refkind="member"><highlight class="keywordtype">void</highlight><highlight class="normal"><sp/><ref refid="affiche_8h_1aa469059a5c28d190030b4bb40c8e4c2c" kindref="member">affiche_graph_niv</ref>(</highlight><highlight class="keywordtype">unsigned</highlight><highlight class="normal"><sp/></highlight><highlight class="keywordtype">int</highlight><highlight class="normal"><sp/>longueur,<sp/></highlight><highlight class="keywordtype">unsigned</highlight><highlight class="normal"><sp/></highlight><highlight class="keywordtype">int</highlight><highlight class="normal"><sp/>largeur,<sp/><ref refid="struct_niveau" kindref="compound">Niveau</ref><sp/>niv,<sp/></highlight><highlight class="keywordtype">int</highlight><highlight class="normal"><sp/>grille);</highlight></codeline>
<codeline lineno="66"><highlight class="normal"></highlight></codeline>
<codeline lineno="70" refid="affiche_8h_1ae33f37392ac61298f75c3d4b846395a4" refkind="member"><highlight class="keywordtype">void</highlight><highlight class="normal"><sp/><ref refid="affiche_8h_1ae33f37392ac61298f75c3d4b846395a4" kindref="member">affiche_bare_latterale</ref>(</highlight><highlight class="keywordtype">unsigned</highlight><highlight class="normal"><sp/></highlight><highlight class="keywordtype">int</highlight><highlight class="normal"><sp/>longueur,<sp/></highlight><highlight class="keywordtype">unsigned</highlight><highlight class="normal"><sp/></highlight><highlight class="keywordtype">int</highlight><highlight class="normal"><sp/>largeur,<sp/></highlight><highlight class="keywordtype">unsigned</highlight><highlight class="normal"><sp/></highlight><highlight class="keywordtype">int</highlight><highlight class="normal"><sp/>choix);</highlight></codeline>
<codeline lineno="71"><highlight class="normal"></highlight></codeline>
<codeline lineno="75" refid="affiche_8h_1a6923b8b179c37be9caeb3f7579e28461" refkind="member"><highlight class="keywordtype">void</highlight><highlight class="normal"><sp/><ref refid="affiche_8h_1a6923b8b179c37be9caeb3f7579e28461" kindref="member">affiche_choix_taille</ref>(</highlight><highlight class="keywordtype">unsigned</highlight><highlight class="normal"><sp/></highlight><highlight class="keywordtype">int</highlight><highlight class="normal"><sp/>longueur,<sp/></highlight><highlight class="keywordtype">unsigned</highlight><highlight class="normal"><sp/></highlight><highlight class="keywordtype">int</highlight><highlight class="normal"><sp/>largeur,<sp/></highlight><highlight class="keywordtype">int</highlight><highlight class="normal"><sp/>choix);</highlight></codeline>
<codeline lineno="76"><highlight class="normal"></highlight></codeline>
<codeline lineno="80" refid="affiche_8h_1ad9f9778e16322c3b44e8c44ed72ca0b6" refkind="member"><highlight class="keywordtype">void</highlight><highlight class="normal"><sp/><ref refid="affiche_8h_1ad9f9778e16322c3b44e8c44ed72ca0b6" kindref="member">affiche_choix_fichier</ref>(</highlight><highlight class="keywordtype">unsigned</highlight><highlight class="normal"><sp/></highlight><highlight class="keywordtype">int</highlight><highlight class="normal"><sp/>longueur,<sp/></highlight><highlight class="keywordtype">unsigned</highlight><highlight class="normal"><sp/></highlight><highlight class="keywordtype">int</highlight><highlight class="normal"><sp/>largeur,<sp/></highlight><highlight class="keywordtype">int</highlight><highlight class="normal"><sp/>choix);</highlight></codeline>
<codeline lineno="81"><highlight class="normal"></highlight></codeline>
<codeline lineno="82"><highlight class="normal"></highlight></codeline>
<codeline lineno="87" refid="affiche_8h_1aef5c70356e8b378c173eb8186d2afdad" refkind="member"><highlight class="keywordtype">void</highlight><highlight class="normal"><sp/><ref refid="affiche_8h_1aef5c70356e8b378c173eb8186d2afdad" kindref="member">affiche_choix_txt</ref>(</highlight><highlight class="keywordtype">int</highlight><highlight class="normal"><sp/>x,<sp/></highlight><highlight class="keywordtype">int</highlight><highlight class="normal"><sp/>y,<sp/></highlight><highlight class="keywordtype">char</highlight><highlight class="normal"><sp/>txt[]);</highlight></codeline>
<codeline lineno="88"><highlight class="normal"></highlight></codeline>
<codeline lineno="89"><highlight class="normal"></highlight></codeline>
<codeline lineno="94" refid="affiche_8h_1aa4ca3ccabe2448f507b5061df19a47e2" refkind="member"><highlight class="keywordtype">void</highlight><highlight class="normal"><sp/><ref refid="affiche_8h_1aa4ca3ccabe2448f507b5061df19a47e2" kindref="member">affiche_choix_nombre</ref>(</highlight><highlight class="keywordtype">int</highlight><highlight class="normal"><sp/>x,<sp/></highlight><highlight class="keywordtype">int</highlight><highlight class="normal"><sp/>y,<sp/></highlight><highlight class="keywordtype">int</highlight><highlight class="normal"><sp/>nombre);</highlight></codeline>
<codeline lineno="95"><highlight class="normal"></highlight></codeline>
<codeline lineno="99" refid="affiche_8h_1ae0bd5a4ef4bc4dad4723cc1c3b2d89a2" refkind="member"><highlight class="keywordtype">void</highlight><highlight class="normal"><sp/><ref refid="affiche_8h_1ae0bd5a4ef4bc4dad4723cc1c3b2d89a2" kindref="member">affiche_niveau_hist</ref>(</highlight><highlight class="keywordtype">unsigned</highlight><highlight class="normal"><sp/></highlight><highlight class="keywordtype">int</highlight><highlight class="normal"><sp/>longueur,<sp/></highlight><highlight class="keywordtype">unsigned</highlight><highlight class="normal"><sp/></highlight><highlight class="keywordtype">int</highlight><highlight class="normal"><sp/>largeur,<sp/></highlight><highlight class="keywordtype">int</highlight><highlight class="normal"><sp/>choix);</highlight></codeline>
<codeline lineno="100"><highlight class="normal"></highlight></codeline>
<codeline lineno="101"><highlight class="normal"></highlight></codeline>
<codeline lineno="105" refid="affiche_8h_1afeade6092f8c906be92d475a7a616abe" refkind="member"><highlight class="keywordtype">void</highlight><highlight class="normal"><sp/><ref refid="affiche_8h_1afeade6092f8c906be92d475a7a616abe" kindref="member">affiche_paneaux_centre</ref>(</highlight><highlight class="keywordtype">unsigned</highlight><highlight class="normal"><sp/></highlight><highlight class="keywordtype">int</highlight><highlight class="normal"><sp/>longueur,<sp/></highlight><highlight class="keywordtype">unsigned</highlight><highlight class="normal"><sp/></highlight><highlight class="keywordtype">int</highlight><highlight class="normal"><sp/>largeur,<sp/></highlight><highlight class="keywordtype">char</highlight><highlight class="normal"><sp/>*texte);</highlight></codeline>
<codeline lineno="106"><highlight class="normal"></highlight></codeline>
<codeline lineno="107"><highlight class="normal"></highlight></codeline>
<codeline lineno="111" refid="affiche_8h_1a35ce5334801f31fbb254cce8f4643e1b" refkind="member"><highlight class="keywordtype">void</highlight><highlight class="normal"><sp/><ref refid="affiche_8h_1a35ce5334801f31fbb254cce8f4643e1b" kindref="member">affiche_exit</ref>(</highlight><highlight class="keywordtype">unsigned</highlight><highlight class="normal"><sp/></highlight><highlight class="keywordtype">int</highlight><highlight class="normal"><sp/>longueur,<sp/></highlight><highlight class="keywordtype">unsigned</highlight><highlight class="normal"><sp/></highlight><highlight class="keywordtype">int</highlight><highlight class="normal"><sp/>largeur,<sp/></highlight><highlight class="keywordtype">int</highlight><highlight class="normal"><sp/>*x,<sp/></highlight><highlight class="keywordtype">int</highlight><highlight class="normal"><sp/>*y);</highlight></codeline>
<codeline lineno="112"><highlight class="normal"></highlight></codeline>
<codeline lineno="113"><highlight class="normal"></highlight></codeline>
<codeline lineno="114"><highlight class="normal"></highlight><highlight class="preprocessor">#endif</highlight></codeline>
    </programlisting>
    <location file="Cours/projet_final_algo/src/header/affiche.h"/>
  </compounddef>
</doxygen>
