<?xml version='1.0' encoding='UTF-8' standalone='no'?>
<doxygen xmlns:xsi="http://www.w3.org/2001/XMLSchema-instance" xsi:noNamespaceSchemaLocation="compound.xsd" version="1.8.20" xml:lang="fr">
  <compounddef id="config__stdin_8h" kind="file" language="C++">
    <compoundname>config_stdin.h</compoundname>
      <sectiondef kind="func">
      <memberdef kind="function" id="config__stdin_8h_1a0c6981837f3f56a4c290ab766b74a9cf" prot="public" static="no" const="no" explicit="no" inline="no" virt="non-virtual">
        <type>void</type>
        <definition>void init_stdin</definition>
        <argsstring>()</argsstring>
        <name>init_stdin</name>
        <briefdescription>
        </briefdescription>
        <detaileddescription>
        </detaileddescription>
        <inbodydescription>
        </inbodydescription>
        <location file="Cours/projet_final_algo/src/header/config_stdin.h" line="7" column="6" declfile="Cours/projet_final_algo/src/header/config_stdin.h" declline="7" declcolumn="6"/>
      </memberdef>
      <memberdef kind="function" id="config__stdin_8h_1adf3fd6bfa1163b015ab586849794f90a" prot="public" static="no" const="no" explicit="no" inline="no" virt="non-virtual">
        <type>void</type>
        <definition>void restaure_stdin</definition>
        <argsstring>()</argsstring>
        <name>restaure_stdin</name>
        <briefdescription>
        </briefdescription>
        <detaileddescription>
        </detaileddescription>
        <inbodydescription>
        </inbodydescription>
        <location file="Cours/projet_final_algo/src/header/config_stdin.h" line="13" column="6" declfile="Cours/projet_final_algo/src/header/config_stdin.h" declline="13" declcolumn="6"/>
      </memberdef>
      </sectiondef>
    <briefdescription>
    </briefdescription>
    <detaileddescription>
    </detaileddescription>
    <programlisting>
<codeline lineno="1"><highlight class="preprocessor">#ifndef<sp/>__CONFIG__</highlight><highlight class="normal"></highlight></codeline>
<codeline lineno="2"><highlight class="normal"></highlight><highlight class="preprocessor">#define<sp/>__CONFIG__</highlight><highlight class="normal"></highlight></codeline>
<codeline lineno="3"><highlight class="normal"></highlight></codeline>
<codeline lineno="4"><highlight class="normal"></highlight><highlight class="comment">/*<sp/>Il<sp/>faut<sp/>appeler<sp/>cette<sp/>fonction<sp/>avant<sp/>de<sp/>lancer<sp/>le<sp/>jeu<sp/>en<sp/>mode<sp/>texte.<sp/></highlight></codeline>
<codeline lineno="5"><highlight class="comment"><sp/>*<sp/>NB:<sp/>il<sp/>ne<sp/>faut<sp/>appeler<sp/>cette<sp/>fonction<sp/>qu&apos;une<sp/>seule<sp/>fois.</highlight></codeline>
<codeline lineno="6"><highlight class="comment"><sp/>*<sp/>*/</highlight><highlight class="normal"></highlight></codeline>
<codeline lineno="7"><highlight class="normal"></highlight><highlight class="keywordtype">void</highlight><highlight class="normal"><sp/>init_stdin();</highlight></codeline>
<codeline lineno="8"><highlight class="normal"></highlight></codeline>
<codeline lineno="9"><highlight class="normal"></highlight></codeline>
<codeline lineno="10"><highlight class="normal"></highlight><highlight class="comment">/*<sp/>Si<sp/>`init_stdin()`<sp/>a<sp/>ete<sp/>appelee,<sp/>il<sp/>faut<sp/>appeler<sp/>`restaure_stdin()`</highlight></codeline>
<codeline lineno="11"><highlight class="comment"><sp/>*<sp/>juste<sp/>avant<sp/>la<sp/>fin<sp/>du<sp/>programme,<sp/>pour<sp/>restaurer<sp/>les<sp/>parametres</highlight></codeline>
<codeline lineno="12"><highlight class="comment"><sp/>*<sp/>d&apos;orine<sp/>du<sp/>terminal.<sp/>*/</highlight><highlight class="normal"></highlight></codeline>
<codeline lineno="13"><highlight class="normal"></highlight><highlight class="keywordtype">void</highlight><highlight class="normal"><sp/>restaure_stdin();</highlight></codeline>
<codeline lineno="14"><highlight class="normal"></highlight></codeline>
<codeline lineno="15"><highlight class="normal"></highlight><highlight class="preprocessor">#endif</highlight></codeline>
    </programlisting>
    <location file="Cours/projet_final_algo/src/header/config_stdin.h"/>
  </compounddef>
</doxygen>
