<?xml version='1.0' encoding='UTF-8' standalone='no'?>
<doxygen xmlns:xsi="http://www.w3.org/2001/XMLSchema-instance" xsi:noNamespaceSchemaLocation="compound.xsd" version="1.8.20" xml:lang="fr">
  <compounddef id="config__stdin_8c" kind="file" language="C++">
    <compoundname>config_stdin.c</compoundname>
    <includes local="no">stdio.h</includes>
    <includes local="no">termios.h</includes>
    <includes local="no">fcntl.h</includes>
    <includes local="yes">../header/config_stdin.h</includes>
    <incdepgraph>
      <node id="1">
        <label>Cours/projet_final_algo/src/config_stdin.c</label>
        <link refid="config__stdin_8c"/>
        <childnode refid="2" relation="include">
        </childnode>
        <childnode refid="3" relation="include">
        </childnode>
        <childnode refid="4" relation="include">
        </childnode>
        <childnode refid="5" relation="include">
        </childnode>
      </node>
      <node id="4">
        <label>fcntl.h</label>
      </node>
      <node id="3">
        <label>termios.h</label>
      </node>
      <node id="5">
        <label>../header/config_stdin.h</label>
      </node>
      <node id="2">
        <label>stdio.h</label>
      </node>
    </incdepgraph>
      <sectiondef kind="var">
      <memberdef kind="variable" id="config__stdin_8c_1a71ddbce4588b1cf6f89fb19a18406af3" prot="public" static="no" mutable="no">
        <type>struct termios</type>
        <definition>struct termios old_tio</definition>
        <argsstring></argsstring>
        <name>old_tio</name>
        <briefdescription>
        </briefdescription>
        <detaileddescription>
        </detaileddescription>
        <inbodydescription>
        </inbodydescription>
        <location file="Cours/projet_final_algo/src/config_stdin.c" line="1" column="0" bodyfile="Cours/projet_final_algo/src/config_stdin.c" bodystart="9" bodyend="-1"/>
      </memberdef>
      </sectiondef>
      <sectiondef kind="func">
      <memberdef kind="function" id="config__stdin_8c_1a0c6981837f3f56a4c290ab766b74a9cf" prot="public" static="no" const="no" explicit="no" inline="no" virt="non-virtual">
        <type>void</type>
        <definition>void init_stdin</definition>
        <argsstring>()</argsstring>
        <name>init_stdin</name>
        <briefdescription>
        </briefdescription>
        <detaileddescription>
        </detaileddescription>
        <inbodydescription>
        </inbodydescription>
        <location file="Cours/projet_final_algo/src/config_stdin.c" line="12" column="6" bodyfile="Cours/projet_final_algo/src/config_stdin.c" bodystart="12" bodyend="32"/>
      </memberdef>
      <memberdef kind="function" id="config__stdin_8c_1adf3fd6bfa1163b015ab586849794f90a" prot="public" static="no" const="no" explicit="no" inline="no" virt="non-virtual">
        <type>void</type>
        <definition>void restaure_stdin</definition>
        <argsstring>()</argsstring>
        <name>restaure_stdin</name>
        <briefdescription>
        </briefdescription>
        <detaileddescription>
        </detaileddescription>
        <inbodydescription>
        </inbodydescription>
        <location file="Cours/projet_final_algo/src/config_stdin.c" line="35" column="6" bodyfile="Cours/projet_final_algo/src/config_stdin.c" bodystart="35" bodyend="40"/>
      </memberdef>
      </sectiondef>
    <briefdescription>
    </briefdescription>
    <detaileddescription>
    </detaileddescription>
    <programlisting>
<codeline lineno="1" refid="config__stdin_8c_1a71ddbce4588b1cf6f89fb19a18406af3" refkind="member"><highlight class="preprocessor">#include<sp/>&lt;stdio.h&gt;</highlight><highlight class="normal"></highlight></codeline>
<codeline lineno="2"><highlight class="normal"></highlight><highlight class="preprocessor">#include<sp/>&lt;termios.h&gt;</highlight><highlight class="normal"></highlight></codeline>
<codeline lineno="3"><highlight class="normal"></highlight><highlight class="preprocessor">#include<sp/>&lt;fcntl.h&gt;</highlight><highlight class="normal"></highlight></codeline>
<codeline lineno="4"><highlight class="normal"></highlight></codeline>
<codeline lineno="5"><highlight class="normal"></highlight><highlight class="preprocessor">#include<sp/>&quot;../header/config_stdin.h&quot;</highlight><highlight class="normal"></highlight></codeline>
<codeline lineno="6"><highlight class="normal"></highlight></codeline>
<codeline lineno="7"><highlight class="normal"></highlight></codeline>
<codeline lineno="8"><highlight class="normal"></highlight><highlight class="comment">/*<sp/>Emplacement<sp/>stockant<sp/>les<sp/>paramètres<sp/>d&apos;origine<sp/>du<sp/>terminal<sp/>*/</highlight><highlight class="normal"></highlight></codeline>
<codeline lineno="9"><highlight class="normal"></highlight><highlight class="keyword">struct<sp/></highlight><highlight class="normal">termios<sp/><ref refid="config__stdin_8c_1a71ddbce4588b1cf6f89fb19a18406af3" kindref="member">old_tio</ref>;</highlight></codeline>
<codeline lineno="10"><highlight class="normal"></highlight></codeline>
<codeline lineno="11"><highlight class="normal"></highlight></codeline>
<codeline lineno="12" refid="config__stdin_8h_1a0c6981837f3f56a4c290ab766b74a9cf" refkind="member"><highlight class="normal"></highlight><highlight class="keywordtype">void</highlight><highlight class="normal"><sp/><ref refid="config__stdin_8c_1a0c6981837f3f56a4c290ab766b74a9cf" kindref="member">init_stdin</ref>(){</highlight></codeline>
<codeline lineno="13"><highlight class="normal"><sp/><sp/></highlight><highlight class="comment">/*<sp/>Reparametrisation<sp/>du<sp/>terminal*/</highlight><highlight class="normal"></highlight></codeline>
<codeline lineno="14"><highlight class="normal"><sp/><sp/></highlight><highlight class="keyword">struct<sp/></highlight><highlight class="normal">termios<sp/>new_tio;</highlight></codeline>
<codeline lineno="15"><highlight class="normal"></highlight></codeline>
<codeline lineno="16"><highlight class="normal"><sp/><sp/></highlight><highlight class="comment">/*<sp/>Reparametrisation<sp/>de<sp/>STDIN<sp/>*/</highlight><highlight class="normal"></highlight></codeline>
<codeline lineno="17"><highlight class="normal"><sp/><sp/>fcntl(0,<sp/>F_SETFL,<sp/>fcntl(0,<sp/>F_GETFL)<sp/>|<sp/>O_NONBLOCK);<sp/></highlight><highlight class="comment">/*<sp/>Rend<sp/>l&apos;appel<sp/>à<sp/>`read`</highlight></codeline>
<codeline lineno="18"><highlight class="comment"><sp/><sp/><sp/><sp/><sp/><sp/><sp/><sp/><sp/><sp/><sp/><sp/><sp/><sp/><sp/><sp/><sp/><sp/><sp/><sp/><sp/><sp/><sp/><sp/><sp/><sp/><sp/><sp/><sp/><sp/><sp/><sp/><sp/><sp/><sp/><sp/><sp/><sp/><sp/><sp/><sp/><sp/><sp/><sp/><sp/><sp/><sp/><sp/><sp/><sp/><sp/><sp/><sp/><sp/><sp/><sp/>sur<sp/>le<sp/>descripteur<sp/>0<sp/></highlight></codeline>
<codeline lineno="19"><highlight class="comment"><sp/><sp/><sp/><sp/><sp/><sp/><sp/><sp/><sp/><sp/><sp/><sp/><sp/><sp/><sp/><sp/><sp/><sp/><sp/><sp/><sp/><sp/><sp/><sp/><sp/><sp/><sp/><sp/><sp/><sp/><sp/><sp/><sp/><sp/><sp/><sp/><sp/><sp/><sp/><sp/><sp/><sp/><sp/><sp/><sp/><sp/><sp/><sp/><sp/><sp/><sp/><sp/><sp/><sp/><sp/><sp/>(STDIN<sp/>dans<sp/>la<sp/>plupart<sp/></highlight></codeline>
<codeline lineno="20"><highlight class="comment"><sp/><sp/><sp/><sp/><sp/><sp/><sp/><sp/><sp/><sp/><sp/><sp/><sp/><sp/><sp/><sp/><sp/><sp/><sp/><sp/><sp/><sp/><sp/><sp/><sp/><sp/><sp/><sp/><sp/><sp/><sp/><sp/><sp/><sp/><sp/><sp/><sp/><sp/><sp/><sp/><sp/><sp/><sp/><sp/><sp/><sp/><sp/><sp/><sp/><sp/><sp/><sp/><sp/><sp/><sp/><sp/>des<sp/>cas)<sp/>non-bloquant<sp/>*/</highlight><highlight class="normal"></highlight></codeline>
<codeline lineno="21"><highlight class="normal"><sp/><sp/>setbuf(stdin,<sp/>NULL);<sp/></highlight><highlight class="comment">/*<sp/>Supprime<sp/>le<sp/>buffer<sp/>du<sp/>flux<sp/>stdin<sp/>*/</highlight><highlight class="normal"></highlight></codeline>
<codeline lineno="22"><highlight class="normal"></highlight></codeline>
<codeline lineno="23"><highlight class="normal"></highlight></codeline>
<codeline lineno="24"><highlight class="normal"><sp/><sp/>tcgetattr(0,&amp;<ref refid="config__stdin_8c_1a71ddbce4588b1cf6f89fb19a18406af3" kindref="member">old_tio</ref>);<sp/></highlight><highlight class="comment">/*<sp/>Récupère<sp/>les<sp/>parametres<sp/>actuels<sp/>du<sp/>terminal<sp/>*/</highlight><highlight class="normal"></highlight></codeline>
<codeline lineno="25"><highlight class="normal"><sp/><sp/>new_tio=<ref refid="config__stdin_8c_1a71ddbce4588b1cf6f89fb19a18406af3" kindref="member">old_tio</ref>;<sp/></highlight><highlight class="comment">/*<sp/>Copie<sp/>les<sp/>anciens<sp/>parametres<sp/>dans<sp/>les<sp/>nouveaux*/</highlight><highlight class="normal"></highlight></codeline>
<codeline lineno="26"><highlight class="normal"><sp/><sp/>new_tio.c_lflag<sp/>&amp;=(~ICANON<sp/>&amp;<sp/>~ECHO);<sp/></highlight><highlight class="comment">/*<sp/>Desactive<sp/>les<sp/>mode<sp/>&apos;canonique&apos;<sp/>et<sp/></highlight></codeline>
<codeline lineno="27"><highlight class="comment"><sp/><sp/><sp/><sp/><sp/><sp/><sp/><sp/><sp/><sp/><sp/><sp/><sp/><sp/><sp/><sp/><sp/><sp/><sp/><sp/><sp/><sp/><sp/><sp/><sp/><sp/><sp/><sp/><sp/><sp/><sp/><sp/><sp/><sp/><sp/><sp/><sp/><sp/><sp/><sp/><sp/><sp/>&apos;echo&apos;<sp/>*/</highlight><highlight class="normal"></highlight></codeline>
<codeline lineno="28"><highlight class="normal"><sp/><sp/>new_tio.c_cc[VMIN]<sp/>=<sp/>1;<sp/></highlight><highlight class="comment">/*<sp/>Taille<sp/>du<sp/>buffer<sp/>avant<sp/>transmission<sp/>à<sp/>STDIN<sp/>*/</highlight><highlight class="normal"></highlight></codeline>
<codeline lineno="29"><highlight class="normal"><sp/><sp/>new_tio.c_cc[VTIME]<sp/>=<sp/>0;<sp/></highlight><highlight class="comment">/*<sp/>Temps<sp/>d&apos;attente<sp/>(en<sp/>ds)<sp/>avant<sp/>de<sp/>transmettre<sp/></highlight></codeline>
<codeline lineno="30"><highlight class="comment"><sp/><sp/><sp/><sp/><sp/><sp/><sp/><sp/><sp/><sp/><sp/><sp/><sp/><sp/><sp/><sp/><sp/><sp/><sp/><sp/><sp/><sp/><sp/><sp/><sp/><sp/><sp/><sp/><sp/><sp/>une<sp/>input<sp/>à<sp/>STDIN.<sp/>*/</highlight><highlight class="normal"></highlight></codeline>
<codeline lineno="31"><highlight class="normal"><sp/><sp/>tcsetattr(0,<sp/>TCSANOW,<sp/>&amp;new_tio);<sp/></highlight><highlight class="comment">/*<sp/>Applique<sp/>les<sp/>paramètres<sp/>*/</highlight><highlight class="normal"></highlight></codeline>
<codeline lineno="32"><highlight class="normal">}</highlight></codeline>
<codeline lineno="33"><highlight class="normal"></highlight></codeline>
<codeline lineno="34"><highlight class="normal"></highlight></codeline>
<codeline lineno="35" refid="config__stdin_8h_1adf3fd6bfa1163b015ab586849794f90a" refkind="member"><highlight class="normal"></highlight><highlight class="keywordtype">void</highlight><highlight class="normal"><sp/><ref refid="config__stdin_8c_1adf3fd6bfa1163b015ab586849794f90a" kindref="member">restaure_stdin</ref>()</highlight></codeline>
<codeline lineno="36"><highlight class="normal">{</highlight></codeline>
<codeline lineno="37"><highlight class="normal"></highlight></codeline>
<codeline lineno="38"><highlight class="normal"><sp/><sp/></highlight><highlight class="comment">/*<sp/>Applique<sp/>au<sp/>terminal<sp/>ses<sp/>paramètres<sp/>d&apos;origine<sp/>*/</highlight><highlight class="normal"></highlight></codeline>
<codeline lineno="39"><highlight class="normal"><sp/><sp/>tcsetattr(0,TCSANOW,&amp;<ref refid="config__stdin_8c_1a71ddbce4588b1cf6f89fb19a18406af3" kindref="member">old_tio</ref>);</highlight></codeline>
<codeline lineno="40"><highlight class="normal">}</highlight></codeline>
<codeline lineno="41"><highlight class="normal"></highlight></codeline>
    </programlisting>
    <location file="Cours/projet_final_algo/src/config_stdin.c"/>
  </compounddef>
</doxygen>
