<?xml version='1.0' encoding='UTF-8' standalone='no'?>
<doxygen xmlns:xsi="http://www.w3.org/2001/XMLSchema-instance" xsi:noNamespaceSchemaLocation="compound.xsd" version="1.8.20" xml:lang="fr">
  <compounddef id="coordonne_8c" kind="file" language="C++">
    <compoundname>coordonne.c</compoundname>
    <includes local="yes">../header/coordonne.h</includes>
    <incdepgraph>
      <node id="2">
        <label>../header/coordonne.h</label>
      </node>
      <node id="1">
        <label>Cours/projet_final_algo/src/coordonne.c</label>
        <link refid="coordonne_8c"/>
        <childnode refid="2" relation="include">
        </childnode>
      </node>
    </incdepgraph>
    <briefdescription>
    </briefdescription>
    <detaileddescription>
    </detaileddescription>
    <programlisting>
<codeline lineno="1"></codeline>
<codeline lineno="13"><highlight class="preprocessor">#include<sp/>&quot;../header/coordonne.h&quot;</highlight><highlight class="normal"></highlight></codeline>
<codeline lineno="14"><highlight class="normal"></highlight></codeline>
    </programlisting>
    <location file="Cours/projet_final_algo/src/coordonne.c"/>
  </compounddef>
</doxygen>
