<?xml version='1.0' encoding='UTF-8' standalone='no'?>
<doxygen xmlns:xsi="http://www.w3.org/2001/XMLSchema-instance" xsi:noNamespaceSchemaLocation="compound.xsd" version="1.8.20" xml:lang="fr">
  <compounddef id="coordonne_8h" kind="file" language="C++">
    <compoundname>coordonne.h</compoundname>
    <includes local="no">assert.h</includes>
    <includes local="no">stdlib.h</includes>
    <includes local="no">stdio.h</includes>
    <includedby refid="niveau_8h" local="yes">Cours/projet_final_algo/src/header/niveau.h</includedby>
    <includedby refid="objet_8h" local="yes">Cours/projet_final_algo/src/header/objet.h</includedby>
    <includedby refid="tas_8h" local="yes">Cours/projet_final_algo/src/header/tas.h</includedby>
    <incdepgraph>
      <node id="2">
        <label>assert.h</label>
      </node>
      <node id="3">
        <label>stdlib.h</label>
      </node>
      <node id="1">
        <label>Cours/projet_final_algo/src/header/coordonne.h</label>
        <link refid="coordonne_8h"/>
        <childnode refid="2" relation="include">
        </childnode>
        <childnode refid="3" relation="include">
        </childnode>
        <childnode refid="4" relation="include">
        </childnode>
      </node>
      <node id="4">
        <label>stdio.h</label>
      </node>
    </incdepgraph>
    <invincdepgraph>
      <node id="4">
        <label>Cours/projet_final_algo/src/header/moteur.h</label>
        <link refid="moteur_8h"/>
      </node>
      <node id="5">
        <label>Cours/projet_final_algo/src/header/fichier.h</label>
        <link refid="fichier_8h"/>
        <childnode refid="4" relation="include">
        </childnode>
      </node>
      <node id="6">
        <label>Cours/projet_final_algo/src/header/objet.h</label>
        <link refid="objet_8h"/>
        <childnode refid="4" relation="include">
        </childnode>
        <childnode refid="2" relation="include">
        </childnode>
      </node>
      <node id="7">
        <label>Cours/projet_final_algo/src/header/tas.h</label>
        <link refid="tas_8h"/>
        <childnode refid="2" relation="include">
        </childnode>
      </node>
      <node id="2">
        <label>Cours/projet_final_algo/src/header/niveau.h</label>
        <link refid="niveau_8h"/>
        <childnode refid="3" relation="include">
        </childnode>
        <childnode refid="5" relation="include">
        </childnode>
        <childnode refid="4" relation="include">
        </childnode>
      </node>
      <node id="1">
        <label>Cours/projet_final_algo/src/header/coordonne.h</label>
        <link refid="coordonne_8h"/>
        <childnode refid="2" relation="include">
        </childnode>
        <childnode refid="6" relation="include">
        </childnode>
        <childnode refid="7" relation="include">
        </childnode>
      </node>
      <node id="3">
        <label>Cours/projet_final_algo/src/header/affiche.h</label>
        <link refid="affiche_8h"/>
        <childnode refid="4" relation="include">
        </childnode>
      </node>
    </invincdepgraph>
    <innerclass refid="struct_coordonnees" prot="public">Coordonnees</innerclass>
      <sectiondef kind="enum">
      <memberdef kind="enum" id="coordonne_8h_1a224b9163917ac32fc95a60d8c1eec3aa" prot="public" static="no" strong="no">
        <type></type>
        <name>Direction</name>
        <enumvalue id="coordonne_8h_1a224b9163917ac32fc95a60d8c1eec3aaa5c97701a87d36c8f2c0de80c5865b8e2" prot="public">
          <name>HAUT</name>
          <briefdescription>
          </briefdescription>
          <detaileddescription>
          </detaileddescription>
        </enumvalue>
        <enumvalue id="coordonne_8h_1a224b9163917ac32fc95a60d8c1eec3aaa4ee960d97b04a1f22ed7ff81c7aa2e86" prot="public">
          <name>GAUCHE</name>
          <briefdescription>
          </briefdescription>
          <detaileddescription>
          </detaileddescription>
        </enumvalue>
        <enumvalue id="coordonne_8h_1a224b9163917ac32fc95a60d8c1eec3aaa4b07baad9e862178efeac3e522475caa" prot="public">
          <name>BAS</name>
          <briefdescription>
          </briefdescription>
          <detaileddescription>
          </detaileddescription>
        </enumvalue>
        <enumvalue id="coordonne_8h_1a224b9163917ac32fc95a60d8c1eec3aaa79f680205087956546ae263797bd1343" prot="public">
          <name>DROITE</name>
          <briefdescription>
          </briefdescription>
          <detaileddescription>
          </detaileddescription>
        </enumvalue>
        <briefdescription>
        </briefdescription>
        <detaileddescription>
<para>Type enumerer qui donne un nom a chaque direction </para>
        </detaileddescription>
        <inbodydescription>
        </inbodydescription>
        <location file="Cours/projet_final_algo/src/header/coordonne.h" line="24" column="1" bodyfile="Cours/projet_final_algo/src/header/coordonne.h" bodystart="24" bodyend="29"/>
      </memberdef>
      </sectiondef>
    <briefdescription>
<para>Projet final Algo des arbre Université Gustave Eiffel. </para>
    </briefdescription>
    <detaileddescription>
<para><simplesect kind="author"><para>Etienne Collet / Lyna Benaibouche</para>
</simplesect>
<simplesect kind="date"><para>4/04/2021 - 16/05/2021</para>
</simplesect>
Permet de géré les coordonnée </para>
    </detaileddescription>
    <programlisting>
<codeline lineno="1"></codeline>
<codeline lineno="12"><highlight class="preprocessor">#ifndef<sp/>__C__</highlight><highlight class="normal"></highlight></codeline>
<codeline lineno="13"><highlight class="normal"></highlight><highlight class="preprocessor">#define<sp/>__C__</highlight><highlight class="normal"></highlight></codeline>
<codeline lineno="14"><highlight class="normal"></highlight></codeline>
<codeline lineno="15"><highlight class="normal"></highlight><highlight class="preprocessor">#include<sp/>&lt;assert.h&gt;</highlight><highlight class="normal"></highlight></codeline>
<codeline lineno="16"><highlight class="normal"></highlight><highlight class="preprocessor">#include<sp/>&lt;stdlib.h&gt;</highlight><highlight class="normal"></highlight></codeline>
<codeline lineno="17"><highlight class="normal"></highlight><highlight class="preprocessor">#include<sp/>&lt;stdio.h&gt;</highlight><highlight class="normal"></highlight></codeline>
<codeline lineno="18"><highlight class="normal"></highlight></codeline>
<codeline lineno="19"><highlight class="normal"></highlight></codeline>
<codeline lineno="24" refid="coordonne_8h_1a224b9163917ac32fc95a60d8c1eec3aa" refkind="member"><highlight class="keyword">typedef</highlight><highlight class="normal"><sp/></highlight><highlight class="keyword">enum</highlight><highlight class="normal"><sp/>{</highlight></codeline>
<codeline lineno="25"><highlight class="normal"><sp/><sp/>HAUT,</highlight></codeline>
<codeline lineno="26"><highlight class="normal"><sp/><sp/>GAUCHE,</highlight></codeline>
<codeline lineno="27"><highlight class="normal"><sp/><sp/>BAS,</highlight></codeline>
<codeline lineno="28"><highlight class="normal"><sp/><sp/>DROITE</highlight></codeline>
<codeline lineno="29"><highlight class="normal">}<sp/><ref refid="coordonne_8h_1a224b9163917ac32fc95a60d8c1eec3aa" kindref="member">Direction</ref>;</highlight></codeline>
<codeline lineno="30"><highlight class="normal"></highlight></codeline>
<codeline lineno="31"><highlight class="normal"></highlight></codeline>
<codeline lineno="36" refid="struct_coordonnees" refkind="compound"><highlight class="keyword">typedef</highlight><highlight class="normal"><sp/></highlight><highlight class="keyword">struct<sp/></highlight><highlight class="normal">{</highlight></codeline>
<codeline lineno="37"><highlight class="normal"><sp/><sp/></highlight><highlight class="keywordtype">unsigned</highlight><highlight class="normal"><sp/></highlight><highlight class="keywordtype">int</highlight><highlight class="normal"><sp/>x;</highlight></codeline>
<codeline lineno="38"><highlight class="normal"><sp/><sp/></highlight><highlight class="keywordtype">unsigned</highlight><highlight class="normal"><sp/></highlight><highlight class="keywordtype">int</highlight><highlight class="normal"><sp/>y;</highlight></codeline>
<codeline lineno="39"><highlight class="normal">}<sp/><ref refid="struct_coordonnees" kindref="compound">Coordonnees</ref>;</highlight></codeline>
<codeline lineno="40"><highlight class="normal"></highlight></codeline>
<codeline lineno="41"><highlight class="normal"></highlight></codeline>
<codeline lineno="42"><highlight class="normal"></highlight><highlight class="preprocessor">#endif</highlight></codeline>
    </programlisting>
    <location file="Cours/projet_final_algo/src/header/coordonne.h"/>
  </compounddef>
</doxygen>
