<?xml version='1.0' encoding='UTF-8' standalone='no'?>
<doxygen xmlns:xsi="http://www.w3.org/2001/XMLSchema-instance" xsi:noNamespaceSchemaLocation="compound.xsd" version="1.8.20" xml:lang="fr">
  <compounddef id="dir_463bb5e75c9db244a63d976f194c7f3e" kind="dir">
    <compoundname>Cours/projet_final_algo/src</compoundname>
    <innerdir refid="dir_bdf7714c0c69afd29445f3fc42c3fe68">Cours/projet_final_algo/src/header</innerdir>
    <briefdescription>
    </briefdescription>
    <detaileddescription>
    </detaileddescription>
    <location file="Cours/projet_final_algo/src/"/>
  </compounddef>
</doxygen>
