<?xml version='1.0' encoding='UTF-8' standalone='no'?>
<doxygen xmlns:xsi="http://www.w3.org/2001/XMLSchema-instance" xsi:noNamespaceSchemaLocation="compound.xsd" version="1.8.20" xml:lang="fr">
  <compounddef id="dir_f2155481e6c0b5422810e424f31ae44c" kind="dir">
    <compoundname>Cours/projet_final_algo</compoundname>
    <innerdir refid="dir_463bb5e75c9db244a63d976f194c7f3e">Cours/projet_final_algo/src</innerdir>
    <briefdescription>
    </briefdescription>
    <detaileddescription>
    </detaileddescription>
    <location file="Cours/projet_final_algo/"/>
  </compounddef>
</doxygen>
