<?xml version='1.0' encoding='UTF-8' standalone='no'?>
<doxygen xmlns:xsi="http://www.w3.org/2001/XMLSchema-instance" xsi:noNamespaceSchemaLocation="compound.xsd" version="1.8.20" xml:lang="fr">
  <compounddef id="dir_376e6f177221b76d56617377d7621b69" kind="dir">
    <compoundname>Cours</compoundname>
    <innerdir refid="dir_f2155481e6c0b5422810e424f31ae44c">Cours/projet_final_algo</innerdir>
    <briefdescription>
    </briefdescription>
    <detaileddescription>
    </detaileddescription>
    <location file="Cours/"/>
  </compounddef>
</doxygen>
