<?xml version='1.0' encoding='UTF-8' standalone='no'?>
<doxygen xmlns:xsi="http://www.w3.org/2001/XMLSchema-instance" xsi:noNamespaceSchemaLocation="compound.xsd" version="1.8.20" xml:lang="fr">
  <compounddef id="dir_bdf7714c0c69afd29445f3fc42c3fe68" kind="dir">
    <compoundname>Cours/projet_final_algo/src/header</compoundname>
    <innerfile refid="affiche_8h">affiche.h</innerfile>
    <innerfile refid="config__stdin_8h">config_stdin.h</innerfile>
    <innerfile refid="coordonne_8h">coordonne.h</innerfile>
    <innerfile refid="fichier_8h">fichier.h</innerfile>
    <innerfile refid="moteur_8h">moteur.h</innerfile>
    <innerfile refid="niveau_8h">niveau.h</innerfile>
    <innerfile refid="objet_8h">objet.h</innerfile>
    <innerfile refid="tas_8h">tas.h</innerfile>
    <innerfile refid="temps_8h">temps.h</innerfile>
    <briefdescription>
    </briefdescription>
    <detaileddescription>
    </detaileddescription>
    <location file="Cours/projet_final_algo/src/header/"/>
  </compounddef>
</doxygen>
