<?xml version='1.0' encoding='UTF-8' standalone='no'?>
<doxygen xmlns:xsi="http://www.w3.org/2001/XMLSchema-instance" xsi:noNamespaceSchemaLocation="compound.xsd" version="1.8.20" xml:lang="fr">
  <compounddef id="fichier_8c" kind="file" language="C++">
    <compoundname>fichier.c</compoundname>
    <includes local="yes">../header/fichier.h</includes>
    <incdepgraph>
      <node id="1">
        <label>Cours/projet_final_algo/src/fichier.c</label>
        <link refid="fichier_8c"/>
        <childnode refid="2" relation="include">
        </childnode>
      </node>
      <node id="2">
        <label>../header/fichier.h</label>
      </node>
    </incdepgraph>
      <sectiondef kind="func">
      <memberdef kind="function" id="fichier_8c_1ab7338c0cabb65d0cb7f72253953219fc" prot="public" static="no" const="no" explicit="no" inline="no" virt="non-virtual">
        <type>int</type>
        <definition>int taille_chaine</definition>
        <argsstring>(char *chaine)</argsstring>
        <name>taille_chaine</name>
        <param>
          <type>char *</type>
          <declname>chaine</declname>
        </param>
        <briefdescription>
        </briefdescription>
        <detaileddescription>
<para><ref refid="fichier_8c" kindref="compound">fichier.c</ref> Etienne Collet / Lyna Benaibouche</para>
<para>commencer le : 4/04/2021 fini le : ??</para>
<para>Projet final Algo des arbre Université Gustave Eiffel</para>
<para>permet d&apos;ouvrir les different type de fichier </para>
        </detaileddescription>
        <inbodydescription>
        </inbodydescription>
        <location file="Cours/projet_final_algo/src/fichier.c" line="16" column="5" bodyfile="Cours/projet_final_algo/src/fichier.c" bodystart="16" bodyend="26"/>
      </memberdef>
      <memberdef kind="function" id="fichier_8c_1a099fc931af3a719f1414993f2abbf96d" prot="public" static="no" const="no" explicit="no" inline="no" virt="non-virtual">
        <type>int</type>
        <definition>int fichier_niveaux</definition>
        <argsstring>(char ***nom, int *nombre)</argsstring>
        <name>fichier_niveaux</name>
        <param>
          <type>char ***</type>
          <declname>nom</declname>
        </param>
        <param>
          <type>int *</type>
          <declname>nombre</declname>
        </param>
        <briefdescription>
        </briefdescription>
        <detaileddescription>
        </detaileddescription>
        <inbodydescription>
        </inbodydescription>
        <location file="Cours/projet_final_algo/src/fichier.c" line="29" column="5" bodyfile="Cours/projet_final_algo/src/fichier.c" bodystart="29" bodyend="69"/>
      </memberdef>
      <memberdef kind="function" id="fichier_8c_1a99b5eebc5768e14641abdf8644d4d48e" prot="public" static="no" const="no" explicit="no" inline="no" virt="non-virtual">
        <type>void</type>
        <definition>void free_lst</definition>
        <argsstring>(char **nom_fichier, int nombre)</argsstring>
        <name>free_lst</name>
        <param>
          <type>char **</type>
          <declname>nom_fichier</declname>
        </param>
        <param>
          <type>int</type>
          <declname>nombre</declname>
        </param>
        <briefdescription>
        </briefdescription>
        <detaileddescription>
        </detaileddescription>
        <inbodydescription>
        </inbodydescription>
        <location file="Cours/projet_final_algo/src/fichier.c" line="72" column="6" bodyfile="Cours/projet_final_algo/src/fichier.c" bodystart="72" bodyend="78"/>
      </memberdef>
      <memberdef kind="function" id="fichier_8c_1aa5e81860f9e77f7c7913e11be353568c" prot="public" static="no" const="no" explicit="no" inline="no" virt="non-virtual">
        <type>int</type>
        <definition>int note_dans_f</definition>
        <argsstring>(Niveau niv, int taille, char *nom)</argsstring>
        <name>note_dans_f</name>
        <param>
          <type><ref refid="struct_niveau" kindref="compound">Niveau</ref></type>
          <declname>niv</declname>
        </param>
        <param>
          <type>int</type>
          <declname>taille</declname>
        </param>
        <param>
          <type>char *</type>
          <declname>nom</declname>
        </param>
        <briefdescription>
        </briefdescription>
        <detaileddescription>
        </detaileddescription>
        <inbodydescription>
        </inbodydescription>
        <location file="Cours/projet_final_algo/src/fichier.c" line="81" column="5" bodyfile="Cours/projet_final_algo/src/fichier.c" bodystart="81" bodyend="130"/>
      </memberdef>
      <memberdef kind="function" id="fichier_8c_1ad0aafd931edf38c9bd3a2b9db8305bf9" prot="public" static="yes" const="no" explicit="no" inline="no" virt="non-virtual">
        <type>int</type>
        <definition>static int lit_nbr</definition>
        <argsstring>(void *x, int choix, FILE *fichier)</argsstring>
        <name>lit_nbr</name>
        <param>
          <type>void *</type>
          <declname>x</declname>
        </param>
        <param>
          <type>int</type>
          <declname>choix</declname>
        </param>
        <param>
          <type>FILE *</type>
          <declname>fichier</declname>
        </param>
        <briefdescription>
        </briefdescription>
        <detaileddescription>
<para>Permet de lire un nombre Si choix est vraix alors x est un unsigned long int Sinon un unsigned int </para>
        </detaileddescription>
        <inbodydescription>
        </inbodydescription>
        <location file="Cours/projet_final_algo/src/fichier.c" line="138" column="12" bodyfile="Cours/projet_final_algo/src/fichier.c" bodystart="138" bodyend="165"/>
      </memberdef>
      <memberdef kind="function" id="fichier_8c_1aea2e801b1cf2228227eaa873aee987d4" prot="public" static="no" const="no" explicit="no" inline="no" virt="non-virtual">
        <type>int</type>
        <definition>int lit_fichier</definition>
        <argsstring>(char *nom, Niveau **niv)</argsstring>
        <name>lit_fichier</name>
        <param>
          <type>char *</type>
          <declname>nom</declname>
        </param>
        <param>
          <type><ref refid="struct_niveau" kindref="compound">Niveau</ref> **</type>
          <declname>niv</declname>
        </param>
        <briefdescription>
        </briefdescription>
        <detaileddescription>
        </detaileddescription>
        <inbodydescription>
        </inbodydescription>
        <location file="Cours/projet_final_algo/src/fichier.c" line="168" column="5" bodyfile="Cours/projet_final_algo/src/fichier.c" bodystart="168" bodyend="236"/>
      </memberdef>
      <memberdef kind="function" id="fichier_8c_1afec6a2498f43c054e550cbba9c23af3b" prot="public" static="no" const="no" explicit="no" inline="no" virt="non-virtual">
        <type>int</type>
        <definition>int recopie_chaine</definition>
        <argsstring>(char *dest, char *base, int i)</argsstring>
        <name>recopie_chaine</name>
        <param>
          <type>char *</type>
          <declname>dest</declname>
        </param>
        <param>
          <type>char *</type>
          <declname>base</declname>
        </param>
        <param>
          <type>int</type>
          <declname>i</declname>
        </param>
        <briefdescription>
        </briefdescription>
        <detaileddescription>
        </detaileddescription>
        <inbodydescription>
        </inbodydescription>
        <location file="Cours/projet_final_algo/src/fichier.c" line="239" column="5" bodyfile="Cours/projet_final_algo/src/fichier.c" bodystart="239" bodyend="247"/>
      </memberdef>
      </sectiondef>
    <briefdescription>
    </briefdescription>
    <detaileddescription>
    </detaileddescription>
    <programlisting>
<codeline lineno="1"></codeline>
<codeline lineno="13"><highlight class="preprocessor">#include<sp/>&quot;../header/fichier.h&quot;</highlight><highlight class="normal"></highlight></codeline>
<codeline lineno="14"><highlight class="normal"></highlight></codeline>
<codeline lineno="15"><highlight class="normal"></highlight></codeline>
<codeline lineno="16" refid="fichier_8h_1ab7338c0cabb65d0cb7f72253953219fc" refkind="member"><highlight class="normal"></highlight><highlight class="keywordtype">int</highlight><highlight class="normal"><sp/><ref refid="fichier_8c_1ab7338c0cabb65d0cb7f72253953219fc" kindref="member">taille_chaine</ref>(</highlight><highlight class="keywordtype">char</highlight><highlight class="normal"><sp/>*chaine){</highlight></codeline>
<codeline lineno="17"><highlight class="normal"><sp/><sp/><sp/><sp/></highlight><highlight class="keywordtype">int</highlight><highlight class="normal"><sp/>compte;</highlight></codeline>
<codeline lineno="18"><highlight class="normal"></highlight></codeline>
<codeline lineno="19"><highlight class="normal"><sp/><sp/><sp/><sp/>assert(chaine<sp/>!=<sp/>NULL);</highlight></codeline>
<codeline lineno="20"><highlight class="normal"></highlight></codeline>
<codeline lineno="21"><highlight class="normal"><sp/><sp/><sp/><sp/>compte<sp/>=<sp/>0;</highlight></codeline>
<codeline lineno="22"><highlight class="normal"><sp/><sp/><sp/><sp/></highlight><highlight class="keywordflow">while</highlight><highlight class="normal">(chaine[compte]<sp/>!=<sp/></highlight><highlight class="charliteral">&apos;\0&apos;</highlight><highlight class="normal">){</highlight></codeline>
<codeline lineno="23"><highlight class="normal"><sp/><sp/><sp/><sp/><sp/><sp/><sp/><sp/>compte<sp/>+=<sp/>1;</highlight></codeline>
<codeline lineno="24"><highlight class="normal"><sp/><sp/><sp/><sp/>}</highlight></codeline>
<codeline lineno="25"><highlight class="normal"><sp/><sp/><sp/><sp/></highlight><highlight class="keywordflow">return</highlight><highlight class="normal"><sp/>compte<sp/>+<sp/>1;</highlight></codeline>
<codeline lineno="26"><highlight class="normal">}</highlight></codeline>
<codeline lineno="27"><highlight class="normal"></highlight></codeline>
<codeline lineno="28"><highlight class="normal"></highlight></codeline>
<codeline lineno="29" refid="fichier_8h_1a099fc931af3a719f1414993f2abbf96d" refkind="member"><highlight class="normal"></highlight><highlight class="keywordtype">int</highlight><highlight class="normal"><sp/><ref refid="fichier_8c_1a099fc931af3a719f1414993f2abbf96d" kindref="member">fichier_niveaux</ref>(</highlight><highlight class="keywordtype">char</highlight><highlight class="normal"><sp/>***nom,<sp/></highlight><highlight class="keywordtype">int</highlight><highlight class="normal"><sp/>*nombre){</highlight></codeline>
<codeline lineno="30"><highlight class="normal"><sp/><sp/><sp/><sp/></highlight><highlight class="keywordtype">int</highlight><highlight class="normal"><sp/>taille,<sp/>bloc<sp/>=<sp/>200,<sp/>i;</highlight></codeline>
<codeline lineno="31"><highlight class="normal"><sp/><sp/><sp/><sp/></highlight><highlight class="keyword">struct<sp/></highlight><highlight class="normal">dirent<sp/>*dir;</highlight></codeline>
<codeline lineno="32"><highlight class="normal"><sp/><sp/><sp/><sp/>DIR<sp/>*d<sp/>=<sp/>opendir(</highlight><highlight class="stringliteral">&quot;../niveaux&quot;</highlight><highlight class="normal">);</highlight></codeline>
<codeline lineno="33"><highlight class="normal"></highlight></codeline>
<codeline lineno="34"><highlight class="normal"><sp/><sp/><sp/><sp/>*nombre<sp/>=<sp/>1;</highlight></codeline>
<codeline lineno="35"><highlight class="normal"><sp/><sp/><sp/><sp/>(*nom)<sp/>=<sp/>(</highlight><highlight class="keywordtype">char</highlight><highlight class="normal">**)calloc(bloc,<sp/></highlight><highlight class="keyword">sizeof</highlight><highlight class="normal">(</highlight><highlight class="keywordtype">char</highlight><highlight class="normal">*));</highlight></codeline>
<codeline lineno="36"><highlight class="normal"><sp/><sp/><sp/><sp/></highlight><highlight class="keywordflow">if</highlight><highlight class="normal"><sp/>((*nom)<sp/>==<sp/>NULL){</highlight></codeline>
<codeline lineno="37"><highlight class="normal"><sp/><sp/><sp/><sp/><sp/><sp/><sp/><sp/></highlight><highlight class="keywordflow">return</highlight><highlight class="normal"><sp/>0;</highlight></codeline>
<codeline lineno="38"><highlight class="normal"><sp/><sp/><sp/><sp/>}</highlight></codeline>
<codeline lineno="39"><highlight class="normal"><sp/><sp/><sp/><sp/></highlight><highlight class="keywordflow">if</highlight><highlight class="normal"><sp/>(d){</highlight></codeline>
<codeline lineno="40"><highlight class="normal"><sp/><sp/><sp/><sp/><sp/><sp/><sp/><sp/></highlight><highlight class="keywordflow">while</highlight><highlight class="normal"><sp/>((dir<sp/>=<sp/>readdir(d))<sp/>!=<sp/>NULL){</highlight></codeline>
<codeline lineno="41"><highlight class="normal"><sp/><sp/><sp/><sp/><sp/><sp/><sp/><sp/><sp/><sp/><sp/><sp/>taille<sp/>=<sp/><ref refid="fichier_8c_1ab7338c0cabb65d0cb7f72253953219fc" kindref="member">taille_chaine</ref>(dir-&gt;d_name);</highlight></codeline>
<codeline lineno="42"><highlight class="normal"><sp/><sp/><sp/><sp/><sp/><sp/><sp/><sp/><sp/><sp/><sp/><sp/></highlight><highlight class="keywordflow">if</highlight><highlight class="normal">(dir-&gt;d_name[taille<sp/>-<sp/>5]<sp/>==<sp/></highlight><highlight class="charliteral">&apos;.&apos;</highlight><highlight class="normal"><sp/>&amp;&amp;<sp/>dir-&gt;d_name[taille<sp/>-<sp/>4]<sp/>==<sp/></highlight><highlight class="charliteral">&apos;N&apos;</highlight><highlight class="normal"><sp/>&amp;&amp;<sp/>dir-&gt;d_name[taille<sp/>-<sp/>3]<sp/>==<sp/></highlight><highlight class="charliteral">&apos;I&apos;</highlight><highlight class="normal"><sp/>&amp;&amp;<sp/>dir-&gt;d_name[taille<sp/>-<sp/>2]<sp/>==<sp/></highlight><highlight class="charliteral">&apos;V&apos;</highlight><highlight class="normal">){</highlight></codeline>
<codeline lineno="43"><highlight class="normal"><sp/><sp/><sp/><sp/><sp/><sp/><sp/><sp/><sp/><sp/><sp/><sp/><sp/><sp/><sp/><sp/>(*nom)[(*nombre)<sp/>-<sp/>1<sp/>]<sp/>=<sp/>(</highlight><highlight class="keywordtype">char</highlight><highlight class="normal">*)calloc(taille,<sp/></highlight><highlight class="keyword">sizeof</highlight><highlight class="normal">(</highlight><highlight class="keywordtype">char</highlight><highlight class="normal">));</highlight></codeline>
<codeline lineno="44"><highlight class="normal"><sp/><sp/><sp/><sp/><sp/><sp/><sp/><sp/><sp/><sp/><sp/><sp/><sp/><sp/><sp/><sp/></highlight><highlight class="keywordflow">if</highlight><highlight class="normal"><sp/>((*nom)[(*nombre)<sp/>-<sp/>1<sp/>]<sp/>==<sp/>NULL){</highlight></codeline>
<codeline lineno="45"><highlight class="normal"><sp/><sp/><sp/><sp/><sp/><sp/><sp/><sp/><sp/><sp/><sp/><sp/><sp/><sp/><sp/><sp/><sp/><sp/><sp/><sp/></highlight><highlight class="keywordflow">for</highlight><highlight class="normal">(i<sp/>=<sp/>0;<sp/>i<sp/>&lt;<sp/>((*nombre)<sp/>-<sp/>1);<sp/>i++){</highlight></codeline>
<codeline lineno="46"><highlight class="normal"><sp/><sp/><sp/><sp/><sp/><sp/><sp/><sp/><sp/><sp/><sp/><sp/><sp/><sp/><sp/><sp/><sp/><sp/><sp/><sp/><sp/><sp/><sp/><sp/>free((*nom)[i]);</highlight></codeline>
<codeline lineno="47"><highlight class="normal"><sp/><sp/><sp/><sp/><sp/><sp/><sp/><sp/><sp/><sp/><sp/><sp/><sp/><sp/><sp/><sp/><sp/><sp/><sp/><sp/>}</highlight></codeline>
<codeline lineno="48"><highlight class="normal"><sp/><sp/><sp/><sp/><sp/><sp/><sp/><sp/><sp/><sp/><sp/><sp/><sp/><sp/><sp/><sp/><sp/><sp/><sp/><sp/>free((*nom));</highlight></codeline>
<codeline lineno="49"><highlight class="normal"><sp/><sp/><sp/><sp/><sp/><sp/><sp/><sp/><sp/><sp/><sp/><sp/><sp/><sp/><sp/><sp/><sp/><sp/><sp/><sp/></highlight><highlight class="keywordflow">return</highlight><highlight class="normal"><sp/>0;</highlight></codeline>
<codeline lineno="50"><highlight class="normal"><sp/><sp/><sp/><sp/><sp/><sp/><sp/><sp/><sp/><sp/><sp/><sp/><sp/><sp/><sp/><sp/>}</highlight></codeline>
<codeline lineno="51"><highlight class="normal"><sp/><sp/><sp/><sp/><sp/><sp/><sp/><sp/><sp/><sp/><sp/><sp/><sp/><sp/><sp/><sp/></highlight><highlight class="keywordflow">if</highlight><highlight class="normal">((*nombre)<sp/>%<sp/>5<sp/>==<sp/>5){</highlight></codeline>
<codeline lineno="52"><highlight class="normal"><sp/><sp/><sp/><sp/><sp/><sp/><sp/><sp/><sp/><sp/><sp/><sp/><sp/><sp/><sp/><sp/><sp/><sp/><sp/><sp/>(*nom)<sp/>=<sp/>(</highlight><highlight class="keywordtype">char</highlight><highlight class="normal">**)realloc(nom,<sp/>(</highlight><highlight class="keyword">sizeof</highlight><highlight class="normal">(</highlight><highlight class="keywordtype">char</highlight><highlight class="normal">*)<sp/>*<sp/>(((*nombre)<sp/>/<sp/>5)*bloc))<sp/>+<sp/>bloc);</highlight></codeline>
<codeline lineno="53"><highlight class="normal"><sp/><sp/><sp/><sp/><sp/><sp/><sp/><sp/><sp/><sp/><sp/><sp/><sp/><sp/><sp/><sp/><sp/><sp/><sp/><sp/></highlight><highlight class="keywordflow">if</highlight><highlight class="normal"><sp/>((*nom)<sp/>==<sp/>NULL){</highlight></codeline>
<codeline lineno="54"><highlight class="normal"><sp/><sp/><sp/><sp/><sp/><sp/><sp/><sp/><sp/><sp/><sp/><sp/><sp/><sp/><sp/><sp/><sp/><sp/><sp/><sp/><sp/><sp/><sp/><sp/></highlight><highlight class="keywordflow">for</highlight><highlight class="normal">(i<sp/>=<sp/>0;<sp/>i<sp/>&lt;<sp/>((*nombre)<sp/>-<sp/>1);<sp/>i++){</highlight></codeline>
<codeline lineno="55"><highlight class="normal"><sp/><sp/><sp/><sp/><sp/><sp/><sp/><sp/><sp/><sp/><sp/><sp/><sp/><sp/><sp/><sp/><sp/><sp/><sp/><sp/><sp/><sp/><sp/><sp/><sp/><sp/><sp/><sp/>free((*nom)[i]);</highlight></codeline>
<codeline lineno="56"><highlight class="normal"><sp/><sp/><sp/><sp/><sp/><sp/><sp/><sp/><sp/><sp/><sp/><sp/><sp/><sp/><sp/><sp/><sp/><sp/><sp/><sp/><sp/><sp/><sp/><sp/>}</highlight></codeline>
<codeline lineno="57"><highlight class="normal"><sp/><sp/><sp/><sp/><sp/><sp/><sp/><sp/><sp/><sp/><sp/><sp/><sp/><sp/><sp/><sp/><sp/><sp/><sp/><sp/><sp/><sp/><sp/><sp/>free((*nom));</highlight></codeline>
<codeline lineno="58"><highlight class="normal"><sp/><sp/><sp/><sp/><sp/><sp/><sp/><sp/><sp/><sp/><sp/><sp/><sp/><sp/><sp/><sp/><sp/><sp/><sp/><sp/><sp/><sp/><sp/><sp/></highlight><highlight class="keywordflow">return</highlight><highlight class="normal"><sp/>0;</highlight></codeline>
<codeline lineno="59"><highlight class="normal"><sp/><sp/><sp/><sp/><sp/><sp/><sp/><sp/><sp/><sp/><sp/><sp/><sp/><sp/><sp/><sp/><sp/><sp/><sp/><sp/>}</highlight></codeline>
<codeline lineno="60"><highlight class="normal"><sp/><sp/><sp/><sp/><sp/><sp/><sp/><sp/><sp/><sp/><sp/><sp/><sp/><sp/><sp/><sp/>}</highlight></codeline>
<codeline lineno="61"><highlight class="normal"><sp/><sp/><sp/><sp/><sp/><sp/><sp/><sp/><sp/><sp/><sp/><sp/><sp/><sp/><sp/><sp/>sprintf((*nom)[(*nombre)<sp/>-<sp/>1<sp/>],<sp/></highlight><highlight class="stringliteral">&quot;%s&quot;</highlight><highlight class="normal">,<sp/>dir-&gt;d_name);</highlight></codeline>
<codeline lineno="62"><highlight class="normal"><sp/><sp/><sp/><sp/><sp/><sp/><sp/><sp/><sp/><sp/><sp/><sp/><sp/><sp/><sp/><sp/>(*nombre)<sp/>+=<sp/>1;</highlight></codeline>
<codeline lineno="63"><highlight class="normal"><sp/><sp/><sp/><sp/><sp/><sp/><sp/><sp/><sp/><sp/><sp/><sp/>}</highlight></codeline>
<codeline lineno="64"><highlight class="normal"><sp/><sp/><sp/><sp/><sp/><sp/><sp/><sp/>}</highlight></codeline>
<codeline lineno="65"><highlight class="normal"><sp/><sp/><sp/><sp/><sp/><sp/><sp/><sp/>closedir(d);</highlight></codeline>
<codeline lineno="66"><highlight class="normal"><sp/><sp/><sp/><sp/>}</highlight></codeline>
<codeline lineno="67"><highlight class="normal"><sp/><sp/><sp/><sp/>(*nombre)<sp/>-=<sp/>1;</highlight></codeline>
<codeline lineno="68"><highlight class="normal"><sp/><sp/><sp/><sp/></highlight><highlight class="keywordflow">return</highlight><highlight class="normal"><sp/>1;</highlight></codeline>
<codeline lineno="69"><highlight class="normal">}</highlight></codeline>
<codeline lineno="70"><highlight class="normal"></highlight></codeline>
<codeline lineno="71"><highlight class="normal"></highlight></codeline>
<codeline lineno="72" refid="fichier_8h_1a99b5eebc5768e14641abdf8644d4d48e" refkind="member"><highlight class="normal"></highlight><highlight class="keywordtype">void</highlight><highlight class="normal"><sp/><ref refid="fichier_8c_1a99b5eebc5768e14641abdf8644d4d48e" kindref="member">free_lst</ref>(</highlight><highlight class="keywordtype">char</highlight><highlight class="normal"><sp/>**nom_fichier,<sp/></highlight><highlight class="keywordtype">int</highlight><highlight class="normal"><sp/>nombre){</highlight></codeline>
<codeline lineno="73"><highlight class="normal"><sp/><sp/><sp/><sp/></highlight><highlight class="keywordtype">int</highlight><highlight class="normal"><sp/>i;</highlight></codeline>
<codeline lineno="74"><highlight class="normal"><sp/><sp/><sp/><sp/></highlight><highlight class="keywordflow">for</highlight><highlight class="normal">(i<sp/>=<sp/>0;<sp/>i<sp/>&lt;<sp/>nombre;<sp/>i++){</highlight></codeline>
<codeline lineno="75"><highlight class="normal"><sp/><sp/><sp/><sp/><sp/><sp/><sp/><sp/>free(nom_fichier[i]);</highlight></codeline>
<codeline lineno="76"><highlight class="normal"><sp/><sp/><sp/><sp/>}</highlight></codeline>
<codeline lineno="77"><highlight class="normal"><sp/><sp/><sp/><sp/>free(nom_fichier);</highlight></codeline>
<codeline lineno="78"><highlight class="normal">}</highlight></codeline>
<codeline lineno="79"><highlight class="normal"></highlight></codeline>
<codeline lineno="80"><highlight class="normal"></highlight></codeline>
<codeline lineno="81" refid="fichier_8h_1aa5e81860f9e77f7c7913e11be353568c" refkind="member"><highlight class="normal"></highlight><highlight class="keywordtype">int</highlight><highlight class="normal"><sp/><ref refid="fichier_8c_1aa5e81860f9e77f7c7913e11be353568c" kindref="member">note_dans_f</ref>(<ref refid="struct_niveau" kindref="compound">Niveau</ref><sp/>niv,<sp/></highlight><highlight class="keywordtype">int</highlight><highlight class="normal"><sp/>taille,<sp/></highlight><highlight class="keywordtype">char</highlight><highlight class="normal"><sp/>*nom){</highlight></codeline>
<codeline lineno="82"><highlight class="normal"><sp/><sp/><sp/><sp/>FILE<sp/>*fichier;</highlight></codeline>
<codeline lineno="83"><highlight class="normal"><sp/><sp/><sp/><sp/></highlight><highlight class="keywordtype">unsigned</highlight><highlight class="normal"><sp/></highlight><highlight class="keywordtype">int</highlight><highlight class="normal"><sp/>i,<sp/>j,<sp/>nbr<sp/>=<sp/>0,<sp/>mdr;</highlight></codeline>
<codeline lineno="84"><highlight class="normal"><sp/><sp/><sp/><sp/></highlight><highlight class="keywordtype">char</highlight><highlight class="normal"><sp/>tableaux[100];</highlight></codeline>
<codeline lineno="85"><highlight class="normal"><sp/><sp/><sp/><sp/><ref refid="struct_coordonnees" kindref="compound">Coordonnees</ref><sp/>*tab;</highlight></codeline>
<codeline lineno="86"><highlight class="normal"><sp/><sp/><sp/><sp/>assert(nom<sp/>!=<sp/>NULL);</highlight></codeline>
<codeline lineno="87"><highlight class="normal"></highlight></codeline>
<codeline lineno="88"><highlight class="normal"><sp/><sp/><sp/><sp/>tab<sp/>=<sp/>(<ref refid="struct_coordonnees" kindref="compound">Coordonnees</ref>*)calloc(taille,<sp/></highlight><highlight class="keyword">sizeof</highlight><highlight class="normal">(<ref refid="struct_coordonnees" kindref="compound">Coordonnees</ref>));</highlight></codeline>
<codeline lineno="89"><highlight class="normal"><sp/><sp/><sp/><sp/></highlight><highlight class="keywordflow">if</highlight><highlight class="normal">(tab<sp/>==<sp/>NULL){</highlight></codeline>
<codeline lineno="90"><highlight class="normal"><sp/><sp/><sp/><sp/><sp/><sp/><sp/><sp/></highlight><highlight class="keywordflow">return</highlight><highlight class="normal"><sp/>0;</highlight></codeline>
<codeline lineno="91"><highlight class="normal"><sp/><sp/><sp/><sp/>}</highlight></codeline>
<codeline lineno="92"><highlight class="normal"><sp/><sp/><sp/><sp/>mdr<sp/>=<sp/><ref refid="fichier_8c_1ab7338c0cabb65d0cb7f72253953219fc" kindref="member">taille_chaine</ref>(nom);</highlight></codeline>
<codeline lineno="93"><highlight class="normal"><sp/><sp/><sp/><sp/>nom[mdr<sp/>-<sp/>1]<sp/>=<sp/></highlight><highlight class="charliteral">&apos;.&apos;</highlight><highlight class="normal">;</highlight></codeline>
<codeline lineno="94"><highlight class="normal"><sp/><sp/><sp/><sp/>nom[mdr]<sp/>=<sp/></highlight><highlight class="charliteral">&apos;N&apos;</highlight><highlight class="normal">;</highlight></codeline>
<codeline lineno="95"><highlight class="normal"><sp/><sp/><sp/><sp/>nom[mdr<sp/>+<sp/>1]<sp/>=<sp/></highlight><highlight class="charliteral">&apos;I&apos;</highlight><highlight class="normal">;</highlight></codeline>
<codeline lineno="96"><highlight class="normal"><sp/><sp/><sp/><sp/>nom[mdr<sp/>+<sp/>2]<sp/>=<sp/></highlight><highlight class="charliteral">&apos;V&apos;</highlight><highlight class="normal">;</highlight></codeline>
<codeline lineno="97"><highlight class="normal"><sp/><sp/><sp/><sp/>nom[mdr<sp/>+<sp/>3]<sp/>=<sp/></highlight><highlight class="charliteral">&apos;\0&apos;</highlight><highlight class="normal">;</highlight></codeline>
<codeline lineno="98"><highlight class="normal"></highlight></codeline>
<codeline lineno="99"><highlight class="normal"><sp/><sp/><sp/><sp/>sprintf(tableaux,<sp/></highlight><highlight class="stringliteral">&quot;../niveaux/%s&quot;</highlight><highlight class="normal">,<sp/>nom);</highlight></codeline>
<codeline lineno="100"><highlight class="normal"><sp/><sp/><sp/><sp/></highlight><highlight class="comment">/*fprintf(stderr,<sp/>&quot;ok<sp/>%s,<sp/>%d\n&quot;,<sp/>nom,<sp/>mdr);*/</highlight><highlight class="normal"></highlight></codeline>
<codeline lineno="101"><highlight class="normal"><sp/><sp/><sp/><sp/>fichier<sp/>=<sp/>fopen(tableaux,<sp/></highlight><highlight class="stringliteral">&quot;r&quot;</highlight><highlight class="normal">);</highlight></codeline>
<codeline lineno="102"><highlight class="normal"><sp/><sp/><sp/><sp/></highlight><highlight class="keywordflow">if</highlight><highlight class="normal">(fichier<sp/>==<sp/>NULL){</highlight></codeline>
<codeline lineno="103"><highlight class="normal"><sp/><sp/><sp/><sp/><sp/><sp/><sp/><sp/>fichier<sp/>=<sp/>fopen(tableaux,<sp/></highlight><highlight class="stringliteral">&quot;w&quot;</highlight><highlight class="normal">);</highlight></codeline>
<codeline lineno="104"><highlight class="normal"><sp/><sp/><sp/><sp/><sp/><sp/><sp/><sp/></highlight><highlight class="keywordflow">if</highlight><highlight class="normal">(fichier<sp/>==<sp/>NULL){</highlight></codeline>
<codeline lineno="105"><highlight class="normal"><sp/><sp/><sp/><sp/><sp/><sp/><sp/><sp/><sp/><sp/><sp/><sp/>fclose(fichier);</highlight></codeline>
<codeline lineno="106"><highlight class="normal"><sp/><sp/><sp/><sp/><sp/><sp/><sp/><sp/><sp/><sp/><sp/><sp/></highlight><highlight class="keywordflow">return</highlight><highlight class="normal"><sp/>0;</highlight></codeline>
<codeline lineno="107"><highlight class="normal"><sp/><sp/><sp/><sp/><sp/><sp/><sp/><sp/>}</highlight></codeline>
<codeline lineno="108"><highlight class="normal"><sp/><sp/><sp/><sp/>}</highlight><highlight class="keywordflow">else</highlight><highlight class="normal">{</highlight></codeline>
<codeline lineno="109"><highlight class="normal"><sp/><sp/><sp/><sp/><sp/><sp/><sp/><sp/>fclose(fichier);</highlight></codeline>
<codeline lineno="110"><highlight class="normal"><sp/><sp/><sp/><sp/><sp/><sp/><sp/><sp/></highlight><highlight class="comment">/*fprintf(stderr,<sp/>&quot;le<sp/>fichier<sp/>existe<sp/>deja\n&quot;);*/</highlight><highlight class="normal"></highlight></codeline>
<codeline lineno="111"><highlight class="normal"><sp/><sp/><sp/><sp/><sp/><sp/><sp/><sp/></highlight><highlight class="keywordflow">return</highlight><highlight class="normal"><sp/>2;</highlight></codeline>
<codeline lineno="112"><highlight class="normal"><sp/><sp/><sp/><sp/>}</highlight></codeline>
<codeline lineno="113"><highlight class="normal"><sp/><sp/><sp/><sp/>fprintf(fichier,<sp/></highlight><highlight class="stringliteral">&quot;%d<sp/>%d\n&quot;</highlight><highlight class="normal">,<sp/>niv.<ref refid="struct_niveau_1af076646aa742df2ddb6ee9a55c4d1522" kindref="member">taille</ref>.<ref refid="struct_coordonnees_1a676e0da0ef83bbbdf42538e54b97506b" kindref="member">x</ref>,<sp/>niv.<ref refid="struct_niveau_1af076646aa742df2ddb6ee9a55c4d1522" kindref="member">taille</ref>.<ref refid="struct_coordonnees_1ac30de26db5f6d1c18c63913729adca7d" kindref="member">y</ref>);</highlight></codeline>
<codeline lineno="114"><highlight class="normal"><sp/><sp/><sp/><sp/></highlight><highlight class="keywordflow">for</highlight><highlight class="normal">(i<sp/>=<sp/>0;<sp/>i<sp/>&lt;<sp/>niv.<ref refid="struct_niveau_1af076646aa742df2ddb6ee9a55c4d1522" kindref="member">taille</ref>.<ref refid="struct_coordonnees_1ac30de26db5f6d1c18c63913729adca7d" kindref="member">y</ref>;<sp/>i++){</highlight></codeline>
<codeline lineno="115"><highlight class="normal"><sp/><sp/><sp/><sp/><sp/><sp/><sp/><sp/></highlight><highlight class="keywordflow">for</highlight><highlight class="normal">(j<sp/>=<sp/>0;<sp/>j<sp/>&lt;<sp/>niv.<ref refid="struct_niveau_1af076646aa742df2ddb6ee9a55c4d1522" kindref="member">taille</ref>.<ref refid="struct_coordonnees_1a676e0da0ef83bbbdf42538e54b97506b" kindref="member">x</ref>;<sp/>j++<sp/>){</highlight></codeline>
<codeline lineno="116"><highlight class="normal"><sp/><sp/><sp/><sp/><sp/><sp/><sp/><sp/><sp/><sp/><sp/><sp/></highlight><highlight class="keywordflow">if</highlight><highlight class="normal">(niv.<ref refid="struct_niveau_1aaf59e865ecf0b7be17e7fc514867c05e" kindref="member">objets</ref>[j][niv.<ref refid="struct_niveau_1af076646aa742df2ddb6ee9a55c4d1522" kindref="member">taille</ref>.<ref refid="struct_coordonnees_1ac30de26db5f6d1c18c63913729adca7d" kindref="member">y</ref><sp/>-<sp/>i<sp/>-<sp/>1].<ref refid="struct_objet_1ad2ede1665c8f37de9d2be68e8b0da293" kindref="member">type</ref><sp/>==<sp/><ref refid="objet_8h_1a7f600ba87e874afa41c988ce5c0975eea85a3f6184e69ac3ab469706b61cd5d6c" kindref="member">LANCEUR</ref><sp/>){</highlight></codeline>
<codeline lineno="117"><highlight class="normal"><sp/><sp/><sp/><sp/><sp/><sp/><sp/><sp/><sp/><sp/><sp/><sp/><sp/><sp/><sp/><sp/>tab[nbr].<ref refid="struct_coordonnees_1a676e0da0ef83bbbdf42538e54b97506b" kindref="member">x</ref><sp/>=<sp/>j;</highlight></codeline>
<codeline lineno="118"><highlight class="normal"><sp/><sp/><sp/><sp/><sp/><sp/><sp/><sp/><sp/><sp/><sp/><sp/><sp/><sp/><sp/><sp/>tab[nbr].<ref refid="struct_coordonnees_1ac30de26db5f6d1c18c63913729adca7d" kindref="member">y</ref><sp/>=<sp/>niv.<ref refid="struct_niveau_1af076646aa742df2ddb6ee9a55c4d1522" kindref="member">taille</ref>.<ref refid="struct_coordonnees_1ac30de26db5f6d1c18c63913729adca7d" kindref="member">y</ref><sp/>-<sp/>i<sp/>-<sp/>1;</highlight></codeline>
<codeline lineno="119"><highlight class="normal"><sp/><sp/><sp/><sp/><sp/><sp/><sp/><sp/><sp/><sp/><sp/><sp/><sp/><sp/><sp/><sp/><sp/><sp/><sp/><sp/>nbr<sp/>+=<sp/>1;</highlight></codeline>
<codeline lineno="120"><highlight class="normal"><sp/><sp/><sp/><sp/><sp/><sp/><sp/><sp/><sp/><sp/><sp/><sp/>}</highlight></codeline>
<codeline lineno="121"><highlight class="normal"><sp/><sp/><sp/><sp/><sp/><sp/><sp/><sp/><sp/><sp/><sp/><sp/>fprintf(fichier,<sp/></highlight><highlight class="stringliteral">&quot;%d&quot;</highlight><highlight class="normal">,<sp/>niv.<ref refid="struct_niveau_1aaf59e865ecf0b7be17e7fc514867c05e" kindref="member">objets</ref>[j][niv.<ref refid="struct_niveau_1af076646aa742df2ddb6ee9a55c4d1522" kindref="member">taille</ref>.<ref refid="struct_coordonnees_1ac30de26db5f6d1c18c63913729adca7d" kindref="member">y</ref><sp/>-<sp/>i<sp/>-<sp/>1].<ref refid="struct_objet_1ad2ede1665c8f37de9d2be68e8b0da293" kindref="member">type</ref>);</highlight></codeline>
<codeline lineno="122"><highlight class="normal"><sp/><sp/><sp/><sp/><sp/><sp/><sp/><sp/>}</highlight></codeline>
<codeline lineno="123"><highlight class="normal"><sp/><sp/><sp/><sp/><sp/><sp/><sp/><sp/>fprintf(fichier,<sp/></highlight><highlight class="stringliteral">&quot;\n&quot;</highlight><highlight class="normal">);</highlight></codeline>
<codeline lineno="124"><highlight class="normal"><sp/><sp/><sp/><sp/>}</highlight></codeline>
<codeline lineno="125"><highlight class="normal"><sp/><sp/><sp/><sp/></highlight><highlight class="keywordflow">for</highlight><highlight class="normal">(i<sp/>=<sp/>0;<sp/>i<sp/>&lt;<sp/>nbr;<sp/>i++){</highlight></codeline>
<codeline lineno="126"><highlight class="normal"><sp/><sp/><sp/><sp/><sp/><sp/><sp/><sp/>fprintf(fichier,<sp/></highlight><highlight class="stringliteral">&quot;%d<sp/>%d<sp/>%lu<sp/>%lu\n&quot;</highlight><highlight class="normal">,<sp/>tab[i].x,<sp/>tab[i].y,<sp/>((<ref refid="struct_generation" kindref="compound">Generation</ref>*)(niv.<ref refid="struct_niveau_1aaf59e865ecf0b7be17e7fc514867c05e" kindref="member">objets</ref>[tab[i].<ref refid="struct_coordonnees_1a676e0da0ef83bbbdf42538e54b97506b" kindref="member">x</ref>][tab[i].<ref refid="struct_coordonnees_1ac30de26db5f6d1c18c63913729adca7d" kindref="member">y</ref>].<ref refid="struct_objet_1a0e1a9bacfc74dd710f07b7e6eab6837d" kindref="member">donnee_suppl</ref>))<sp/>-&gt;<sp/>intervalle,<sp/>((<ref refid="struct_generation" kindref="compound">Generation</ref>*)(niv.<ref refid="struct_niveau_1aaf59e865ecf0b7be17e7fc514867c05e" kindref="member">objets</ref>[tab[i].<ref refid="struct_coordonnees_1a676e0da0ef83bbbdf42538e54b97506b" kindref="member">x</ref>][tab[i].<ref refid="struct_coordonnees_1ac30de26db5f6d1c18c63913729adca7d" kindref="member">y</ref>].<ref refid="struct_objet_1a0e1a9bacfc74dd710f07b7e6eab6837d" kindref="member">donnee_suppl</ref>))<sp/>-&gt;<sp/>allure_proj);</highlight></codeline>
<codeline lineno="127"><highlight class="normal"><sp/><sp/><sp/><sp/>}</highlight></codeline>
<codeline lineno="128"><highlight class="normal"><sp/><sp/><sp/><sp/>fclose(fichier);</highlight></codeline>
<codeline lineno="129"><highlight class="normal"><sp/><sp/><sp/><sp/></highlight><highlight class="keywordflow">return</highlight><highlight class="normal"><sp/>1;</highlight></codeline>
<codeline lineno="130"><highlight class="normal">}</highlight></codeline>
<codeline lineno="131"><highlight class="normal"></highlight></codeline>
<codeline lineno="132"><highlight class="normal"></highlight></codeline>
<codeline lineno="138"><highlight class="keyword">static</highlight><highlight class="normal"><sp/></highlight><highlight class="keywordtype">int</highlight><highlight class="normal"><sp/>lit_nbr(</highlight><highlight class="keywordtype">void</highlight><highlight class="normal"><sp/>*x,<sp/></highlight><highlight class="keywordtype">int</highlight><highlight class="normal"><sp/>choix,<sp/>FILE<sp/>*<sp/>fichier){</highlight></codeline>
<codeline lineno="139"><highlight class="normal"><sp/><sp/><sp/><sp/></highlight><highlight class="keywordtype">int</highlight><highlight class="normal"><sp/>nbr;</highlight></codeline>
<codeline lineno="140"><highlight class="normal"><sp/><sp/><sp/><sp/></highlight><highlight class="keywordtype">long</highlight><highlight class="normal"><sp/></highlight><highlight class="keywordtype">int</highlight><highlight class="normal"><sp/>ret;</highlight></codeline>
<codeline lineno="141"><highlight class="normal"><sp/><sp/><sp/><sp/></highlight><highlight class="keywordtype">char</highlight><highlight class="normal"><sp/>buf[50],<sp/>cara;</highlight></codeline>
<codeline lineno="142"><highlight class="normal"><sp/><sp/><sp/><sp/>nbr<sp/>=<sp/>0;</highlight></codeline>
<codeline lineno="143"><highlight class="normal"><sp/><sp/><sp/><sp/></highlight><highlight class="keywordflow">do</highlight><highlight class="normal">{</highlight></codeline>
<codeline lineno="144"><highlight class="normal"><sp/><sp/><sp/><sp/><sp/><sp/><sp/><sp/>cara<sp/>=<sp/>fgetc(fichier);</highlight></codeline>
<codeline lineno="145"><highlight class="normal"><sp/><sp/><sp/><sp/><sp/><sp/><sp/><sp/>buf[nbr]<sp/>=<sp/>cara;</highlight></codeline>
<codeline lineno="146"><highlight class="normal"><sp/><sp/><sp/><sp/><sp/><sp/><sp/><sp/>nbr<sp/>+=<sp/>1;</highlight></codeline>
<codeline lineno="147"><highlight class="normal"><sp/><sp/><sp/><sp/>}</highlight><highlight class="keywordflow">while</highlight><highlight class="normal">(cara<sp/>!=<sp/></highlight><highlight class="charliteral">&apos;<sp/>&apos;</highlight><highlight class="normal"><sp/>&amp;&amp;<sp/>cara<sp/>!=<sp/></highlight><highlight class="charliteral">&apos;\n&apos;</highlight><highlight class="normal"><sp/>&amp;&amp;<sp/>cara<sp/>!=<sp/>EOF);</highlight></codeline>
<codeline lineno="148"><highlight class="normal"><sp/><sp/><sp/><sp/></highlight><highlight class="keywordflow">if</highlight><highlight class="normal">(nbr<sp/>==<sp/>0){</highlight></codeline>
<codeline lineno="149"><highlight class="normal"><sp/><sp/><sp/><sp/><sp/><sp/><sp/><sp/></highlight><highlight class="keywordflow">return</highlight><highlight class="normal"><sp/>0;</highlight></codeline>
<codeline lineno="150"><highlight class="normal"><sp/><sp/><sp/><sp/>}</highlight></codeline>
<codeline lineno="151"><highlight class="normal"><sp/><sp/><sp/><sp/>buf[nbr]<sp/>=<sp/></highlight><highlight class="charliteral">&apos;\0&apos;</highlight><highlight class="normal">;</highlight></codeline>
<codeline lineno="152"><highlight class="normal"><sp/><sp/><sp/><sp/>ret<sp/>=<sp/>atoi(buf);</highlight></codeline>
<codeline lineno="153"><highlight class="normal"><sp/><sp/><sp/><sp/></highlight><highlight class="keywordflow">if</highlight><highlight class="normal">(ret<sp/>&lt;<sp/>0){</highlight></codeline>
<codeline lineno="154"><highlight class="normal"><sp/><sp/><sp/><sp/><sp/><sp/><sp/><sp/></highlight><highlight class="keywordflow">return</highlight><highlight class="normal"><sp/>0;</highlight></codeline>
<codeline lineno="155"><highlight class="normal"><sp/><sp/><sp/><sp/>}</highlight></codeline>
<codeline lineno="156"><highlight class="normal"><sp/><sp/><sp/><sp/></highlight><highlight class="keywordflow">if</highlight><highlight class="normal">(choix){</highlight></codeline>
<codeline lineno="157"><highlight class="normal"><sp/><sp/><sp/><sp/><sp/><sp/><sp/><sp/>*((</highlight><highlight class="keywordtype">unsigned</highlight><highlight class="normal"><sp/></highlight><highlight class="keywordtype">long</highlight><highlight class="normal"><sp/></highlight><highlight class="keywordtype">int</highlight><highlight class="normal">*)(x))<sp/>=<sp/>ret;</highlight></codeline>
<codeline lineno="158"><highlight class="normal"><sp/><sp/><sp/><sp/>}</highlight><highlight class="keywordflow">else</highlight><highlight class="normal">{</highlight></codeline>
<codeline lineno="159"><highlight class="normal"><sp/><sp/><sp/><sp/><sp/><sp/><sp/><sp/></highlight><highlight class="keywordflow">if</highlight><highlight class="normal">(ret<sp/>&gt;<sp/>50){</highlight></codeline>
<codeline lineno="160"><highlight class="normal"><sp/><sp/><sp/><sp/><sp/><sp/><sp/><sp/><sp/><sp/><sp/><sp/></highlight><highlight class="keywordflow">return</highlight><highlight class="normal"><sp/>0;</highlight></codeline>
<codeline lineno="161"><highlight class="normal"><sp/><sp/><sp/><sp/><sp/><sp/><sp/><sp/>}</highlight></codeline>
<codeline lineno="162"><highlight class="normal"><sp/><sp/><sp/><sp/><sp/><sp/><sp/><sp/>*((</highlight><highlight class="keywordtype">int</highlight><highlight class="normal">*)(x))<sp/>=<sp/>(</highlight><highlight class="keywordtype">unsigned</highlight><highlight class="normal"><sp/></highlight><highlight class="keywordtype">int</highlight><highlight class="normal">)ret;</highlight></codeline>
<codeline lineno="163"><highlight class="normal"><sp/><sp/><sp/><sp/>}</highlight></codeline>
<codeline lineno="164"><highlight class="normal"><sp/><sp/><sp/><sp/></highlight><highlight class="keywordflow">return</highlight><highlight class="normal"><sp/>1;</highlight></codeline>
<codeline lineno="165"><highlight class="normal">}</highlight></codeline>
<codeline lineno="166"><highlight class="normal"></highlight></codeline>
<codeline lineno="167"><highlight class="normal"></highlight></codeline>
<codeline lineno="168" refid="fichier_8h_1aea2e801b1cf2228227eaa873aee987d4" refkind="member"><highlight class="normal"></highlight><highlight class="keywordtype">int</highlight><highlight class="normal"><sp/><ref refid="fichier_8c_1aea2e801b1cf2228227eaa873aee987d4" kindref="member">lit_fichier</ref>(</highlight><highlight class="keywordtype">char</highlight><highlight class="normal"><sp/>*nom,<sp/><ref refid="struct_niveau" kindref="compound">Niveau</ref><sp/>**niv){</highlight></codeline>
<codeline lineno="169"><highlight class="normal"><sp/><sp/><sp/><sp/></highlight><highlight class="keywordtype">unsigned</highlight><highlight class="normal"><sp/></highlight><highlight class="keywordtype">int</highlight><highlight class="normal"><sp/>i,<sp/>j,<sp/>compte<sp/>=<sp/>0;</highlight></codeline>
<codeline lineno="170"><highlight class="normal"><sp/><sp/><sp/><sp/></highlight><highlight class="keywordtype">char</highlight><highlight class="normal"><sp/>buf[50],<sp/>cara;</highlight></codeline>
<codeline lineno="171"><highlight class="normal"><sp/><sp/><sp/><sp/></highlight><highlight class="keywordtype">unsigned</highlight><highlight class="normal"><sp/></highlight><highlight class="keywordtype">long</highlight><highlight class="normal"><sp/></highlight><highlight class="keywordtype">int</highlight><highlight class="normal"><sp/>inter,<sp/>allu;</highlight></codeline>
<codeline lineno="172"><highlight class="normal"><sp/><sp/><sp/><sp/><ref refid="struct_coordonnees" kindref="compound">Coordonnees</ref><sp/>taille;</highlight></codeline>
<codeline lineno="173"><highlight class="normal"><sp/><sp/><sp/><sp/>FILE<sp/>*fichier;</highlight></codeline>
<codeline lineno="174"><highlight class="normal"></highlight></codeline>
<codeline lineno="175"><highlight class="normal"><sp/><sp/><sp/><sp/>assert(nom<sp/>!=<sp/>NULL);</highlight></codeline>
<codeline lineno="176"><highlight class="normal"></highlight></codeline>
<codeline lineno="177"><highlight class="normal"><sp/><sp/><sp/><sp/>fichier<sp/>=<sp/>fopen(nom,<sp/></highlight><highlight class="stringliteral">&quot;r&quot;</highlight><highlight class="normal">);</highlight></codeline>
<codeline lineno="178"><highlight class="normal"></highlight></codeline>
<codeline lineno="179"><highlight class="normal"><sp/><sp/><sp/><sp/></highlight><highlight class="keywordflow">if</highlight><highlight class="normal">(fichier<sp/>==<sp/>NULL){</highlight></codeline>
<codeline lineno="180"><highlight class="normal"><sp/><sp/><sp/><sp/><sp/><sp/><sp/><sp/></highlight><highlight class="comment">/*fprintf(stderr,<sp/>&quot;ce<sp/>fichier<sp/>n&apos;existe<sp/>pas\n&quot;);*/</highlight><highlight class="normal"></highlight></codeline>
<codeline lineno="181"><highlight class="normal"><sp/><sp/><sp/><sp/><sp/><sp/><sp/><sp/></highlight><highlight class="keywordflow">return</highlight><highlight class="normal"><sp/>0;</highlight></codeline>
<codeline lineno="182"><highlight class="normal"><sp/><sp/><sp/><sp/>}</highlight></codeline>
<codeline lineno="183"><highlight class="normal"></highlight></codeline>
<codeline lineno="184"><highlight class="normal"><sp/><sp/><sp/><sp/></highlight><highlight class="keywordflow">if</highlight><highlight class="normal">(!lit_nbr(&amp;(taille.<ref refid="struct_coordonnees_1a676e0da0ef83bbbdf42538e54b97506b" kindref="member">x</ref>),<sp/>0,<sp/>fichier)<sp/>||<sp/>taille.<ref refid="struct_coordonnees_1a676e0da0ef83bbbdf42538e54b97506b" kindref="member">x</ref><sp/>&lt;=<sp/>0){</highlight></codeline>
<codeline lineno="185"><highlight class="normal"><sp/><sp/><sp/><sp/><sp/><sp/><sp/><sp/></highlight><highlight class="keywordflow">return</highlight><highlight class="normal"><sp/>0;</highlight></codeline>
<codeline lineno="186"><highlight class="normal"><sp/><sp/><sp/><sp/>}</highlight></codeline>
<codeline lineno="187"><highlight class="normal"><sp/><sp/><sp/><sp/></highlight><highlight class="keywordflow">if</highlight><highlight class="normal">(!lit_nbr(&amp;(taille.<ref refid="struct_coordonnees_1ac30de26db5f6d1c18c63913729adca7d" kindref="member">y</ref>),<sp/>0,<sp/>fichier)<sp/>||<sp/>taille.<ref refid="struct_coordonnees_1ac30de26db5f6d1c18c63913729adca7d" kindref="member">y</ref><sp/>&lt;=<sp/>0){</highlight></codeline>
<codeline lineno="188"><highlight class="normal"><sp/><sp/><sp/><sp/><sp/><sp/><sp/><sp/></highlight><highlight class="keywordflow">return</highlight><highlight class="normal"><sp/>0;</highlight></codeline>
<codeline lineno="189"><highlight class="normal"><sp/><sp/><sp/><sp/>}</highlight></codeline>
<codeline lineno="190"><highlight class="normal"><sp/><sp/><sp/><sp/>(*niv)<sp/>=<sp/><ref refid="niveau_8h_1ac4644b17f3e1ef6482265dec47b16083" kindref="member">malloc_Niveau</ref>(taille);</highlight></codeline>
<codeline lineno="191"><highlight class="normal"><sp/><sp/><sp/><sp/></highlight><highlight class="keywordflow">if</highlight><highlight class="normal">((*niv)<sp/>==<sp/>NULL){</highlight></codeline>
<codeline lineno="192"><highlight class="normal"><sp/><sp/><sp/><sp/><sp/><sp/><sp/><sp/></highlight><highlight class="keywordflow">return</highlight><highlight class="normal"><sp/>0;</highlight></codeline>
<codeline lineno="193"><highlight class="normal"><sp/><sp/><sp/><sp/>}</highlight></codeline>
<codeline lineno="194"><highlight class="normal"><sp/><sp/><sp/><sp/></highlight><highlight class="keywordflow">for</highlight><highlight class="normal">(i<sp/>=<sp/>0;<sp/>i<sp/>&lt;<sp/>taille.<ref refid="struct_coordonnees_1ac30de26db5f6d1c18c63913729adca7d" kindref="member">y</ref>;<sp/>i++){</highlight></codeline>
<codeline lineno="195"><highlight class="normal"></highlight></codeline>
<codeline lineno="196"><highlight class="normal"><sp/><sp/><sp/><sp/><sp/><sp/><sp/><sp/></highlight><highlight class="keywordflow">for</highlight><highlight class="normal">(j<sp/>=<sp/>0;<sp/>j<sp/>&lt;<sp/>taille.<ref refid="struct_coordonnees_1a676e0da0ef83bbbdf42538e54b97506b" kindref="member">x</ref>;<sp/>j++<sp/>){</highlight></codeline>
<codeline lineno="197"><highlight class="normal"><sp/><sp/><sp/><sp/><sp/><sp/><sp/><sp/><sp/><sp/><sp/><sp/>cara<sp/>=<sp/>fgetc(fichier);</highlight></codeline>
<codeline lineno="198"><highlight class="normal"><sp/><sp/><sp/><sp/><sp/><sp/><sp/><sp/><sp/><sp/><sp/><sp/></highlight><highlight class="keywordflow">if</highlight><highlight class="normal">(cara<sp/>&gt;<sp/></highlight><highlight class="charliteral">&apos;9&apos;</highlight><highlight class="normal"><sp/>||<sp/>cara<sp/>&lt;<sp/></highlight><highlight class="charliteral">&apos;0&apos;</highlight><highlight class="normal">){</highlight></codeline>
<codeline lineno="199"><highlight class="normal"><sp/><sp/><sp/><sp/><sp/><sp/><sp/><sp/><sp/><sp/><sp/><sp/><sp/><sp/><sp/><sp/>fprintf(stderr,<sp/></highlight><highlight class="stringliteral">&quot;erreur<sp/>:<sp/>%d\n&quot;</highlight><highlight class="normal">,<sp/>cara);</highlight></codeline>
<codeline lineno="200"><highlight class="normal"><sp/><sp/><sp/><sp/><sp/><sp/><sp/><sp/><sp/><sp/><sp/><sp/><sp/><sp/><sp/><sp/></highlight><highlight class="keywordflow">return</highlight><highlight class="normal"><sp/>0;</highlight></codeline>
<codeline lineno="201"><highlight class="normal"><sp/><sp/><sp/><sp/><sp/><sp/><sp/><sp/><sp/><sp/><sp/><sp/>}</highlight></codeline>
<codeline lineno="202"><highlight class="normal"><sp/><sp/><sp/><sp/><sp/><sp/><sp/><sp/><sp/><sp/><sp/><sp/>buf[0]<sp/>=<sp/>cara;</highlight></codeline>
<codeline lineno="203"><highlight class="normal"><sp/><sp/><sp/><sp/><sp/><sp/><sp/><sp/><sp/><sp/><sp/><sp/>buf[1]<sp/>=<sp/></highlight><highlight class="charliteral">&apos;\0&apos;</highlight><highlight class="normal">;</highlight></codeline>
<codeline lineno="204"><highlight class="normal"><sp/><sp/><sp/><sp/><sp/><sp/><sp/><sp/><sp/><sp/><sp/><sp/>(*niv)<sp/>-&gt;<sp/>objets[j][(*niv)<sp/>-&gt;<sp/>taille.<ref refid="struct_coordonnees_1ac30de26db5f6d1c18c63913729adca7d" kindref="member">y</ref><sp/>-<sp/>i<sp/>-<sp/>1].type<sp/>=<sp/>atoi(buf);</highlight></codeline>
<codeline lineno="205"><highlight class="normal"><sp/><sp/><sp/><sp/><sp/><sp/><sp/><sp/><sp/><sp/><sp/><sp/></highlight><highlight class="keywordflow">if</highlight><highlight class="normal">((*niv)<sp/>-&gt;<sp/>objets[j][(*niv)<sp/>-&gt;<sp/>taille.<ref refid="struct_coordonnees_1ac30de26db5f6d1c18c63913729adca7d" kindref="member">y</ref><sp/>-<sp/>i<sp/>-<sp/>1].type<sp/>==<sp/><ref refid="objet_8h_1a7f600ba87e874afa41c988ce5c0975eeaf3da1e376b1042f00a07a21637eff63c" kindref="member">PERSONNAGE</ref>){</highlight></codeline>
<codeline lineno="206"><highlight class="normal"><sp/><sp/><sp/><sp/><sp/><sp/><sp/><sp/><sp/><sp/><sp/><sp/><sp/><sp/><sp/><sp/>(*niv)<sp/>-&gt;<sp/>coo_perso.x<sp/>=<sp/>j;</highlight></codeline>
<codeline lineno="207"><highlight class="normal"><sp/><sp/><sp/><sp/><sp/><sp/><sp/><sp/><sp/><sp/><sp/><sp/><sp/><sp/><sp/><sp/>(*niv)<sp/>-&gt;<sp/>coo_perso.y<sp/>=<sp/>(*niv)<sp/>-&gt;<sp/>taille.<ref refid="struct_coordonnees_1ac30de26db5f6d1c18c63913729adca7d" kindref="member">y</ref><sp/>-<sp/>i<sp/>-<sp/>1;</highlight></codeline>
<codeline lineno="208"><highlight class="normal"><sp/><sp/><sp/><sp/><sp/><sp/><sp/><sp/><sp/><sp/><sp/><sp/>}</highlight></codeline>
<codeline lineno="209"><highlight class="normal"><sp/><sp/><sp/><sp/><sp/><sp/><sp/><sp/><sp/><sp/><sp/><sp/></highlight><highlight class="keywordflow">if</highlight><highlight class="normal">((*niv)<sp/>-&gt;<sp/>objets[j][(*niv)<sp/>-&gt;<sp/>taille.<ref refid="struct_coordonnees_1ac30de26db5f6d1c18c63913729adca7d" kindref="member">y</ref><sp/>-<sp/>i<sp/>-<sp/>1].type<sp/>==<sp/><ref refid="objet_8h_1a7f600ba87e874afa41c988ce5c0975eea85a3f6184e69ac3ab469706b61cd5d6c" kindref="member">LANCEUR</ref>){</highlight></codeline>
<codeline lineno="210"><highlight class="normal"><sp/><sp/><sp/><sp/><sp/><sp/><sp/><sp/><sp/><sp/><sp/><sp/><sp/><sp/><sp/><sp/>compte<sp/>+=<sp/>1;</highlight></codeline>
<codeline lineno="211"><highlight class="normal"><sp/><sp/><sp/><sp/><sp/><sp/><sp/><sp/><sp/><sp/><sp/><sp/>}</highlight></codeline>
<codeline lineno="212"><highlight class="normal"><sp/><sp/><sp/><sp/><sp/><sp/><sp/><sp/><sp/><sp/><sp/><sp/>(*niv)<sp/>-&gt;<sp/>objets[j][(*niv)<sp/>-&gt;<sp/>taille.<ref refid="struct_coordonnees_1ac30de26db5f6d1c18c63913729adca7d" kindref="member">y</ref><sp/>-<sp/>i<sp/>-<sp/>1].donnee_suppl<sp/>=<sp/>NULL;</highlight></codeline>
<codeline lineno="213"><highlight class="normal"><sp/><sp/><sp/><sp/><sp/><sp/><sp/><sp/>}+</highlight></codeline>
<codeline lineno="214"><highlight class="normal"><sp/><sp/><sp/><sp/><sp/><sp/><sp/><sp/>fgetc(fichier);</highlight></codeline>
<codeline lineno="215"><highlight class="normal"><sp/><sp/><sp/><sp/>}</highlight></codeline>
<codeline lineno="216"><highlight class="normal"><sp/><sp/><sp/><sp/></highlight><highlight class="keywordflow">for</highlight><highlight class="normal">(i<sp/>=<sp/>0;<sp/>i<sp/>&lt;<sp/>compte;<sp/>i++){</highlight></codeline>
<codeline lineno="217"><highlight class="normal"><sp/><sp/><sp/><sp/><sp/><sp/><sp/><sp/></highlight><highlight class="keywordflow">if</highlight><highlight class="normal">(!lit_nbr(&amp;(taille.<ref refid="struct_coordonnees_1a676e0da0ef83bbbdf42538e54b97506b" kindref="member">x</ref>),<sp/>0,<sp/>fichier)){</highlight></codeline>
<codeline lineno="218"><highlight class="normal"><sp/><sp/><sp/><sp/><sp/><sp/><sp/><sp/><sp/><sp/><sp/><sp/></highlight><highlight class="keywordflow">return</highlight><highlight class="normal"><sp/>0;</highlight></codeline>
<codeline lineno="219"><highlight class="normal"><sp/><sp/><sp/><sp/><sp/><sp/><sp/><sp/>}</highlight></codeline>
<codeline lineno="220"><highlight class="normal"><sp/><sp/><sp/><sp/><sp/><sp/><sp/><sp/></highlight><highlight class="keywordflow">if</highlight><highlight class="normal">(!lit_nbr(&amp;(taille.<ref refid="struct_coordonnees_1ac30de26db5f6d1c18c63913729adca7d" kindref="member">y</ref>),<sp/>0,<sp/>fichier)){</highlight></codeline>
<codeline lineno="221"><highlight class="normal"><sp/><sp/><sp/><sp/><sp/><sp/><sp/><sp/><sp/><sp/><sp/><sp/></highlight><highlight class="keywordflow">return</highlight><highlight class="normal"><sp/>0;</highlight></codeline>
<codeline lineno="222"><highlight class="normal"><sp/><sp/><sp/><sp/><sp/><sp/><sp/><sp/>}</highlight></codeline>
<codeline lineno="223"><highlight class="normal"><sp/><sp/><sp/><sp/><sp/><sp/><sp/><sp/></highlight><highlight class="keywordflow">if</highlight><highlight class="normal">((*niv)<sp/>-&gt;<sp/>objets[taille.<ref refid="struct_coordonnees_1a676e0da0ef83bbbdf42538e54b97506b" kindref="member">x</ref>][taille.<ref refid="struct_coordonnees_1ac30de26db5f6d1c18c63913729adca7d" kindref="member">y</ref>].donnee_suppl<sp/>!=<sp/>NULL){</highlight></codeline>
<codeline lineno="224"><highlight class="normal"><sp/><sp/><sp/><sp/><sp/><sp/><sp/><sp/><sp/><sp/><sp/><sp/></highlight><highlight class="keywordflow">return</highlight><highlight class="normal"><sp/>0;</highlight></codeline>
<codeline lineno="225"><highlight class="normal"><sp/><sp/><sp/><sp/><sp/><sp/><sp/><sp/>}</highlight></codeline>
<codeline lineno="226"><highlight class="normal"><sp/><sp/><sp/><sp/><sp/><sp/><sp/><sp/></highlight><highlight class="keywordflow">if</highlight><highlight class="normal">(!lit_nbr(&amp;(inter),<sp/>1,<sp/>fichier)){</highlight></codeline>
<codeline lineno="227"><highlight class="normal"><sp/><sp/><sp/><sp/><sp/><sp/><sp/><sp/><sp/><sp/><sp/><sp/></highlight><highlight class="keywordflow">return</highlight><highlight class="normal"><sp/>0;</highlight></codeline>
<codeline lineno="228"><highlight class="normal"><sp/><sp/><sp/><sp/><sp/><sp/><sp/><sp/>}</highlight></codeline>
<codeline lineno="229"><highlight class="normal"><sp/><sp/><sp/><sp/><sp/><sp/><sp/><sp/></highlight><highlight class="keywordflow">if</highlight><highlight class="normal">(!lit_nbr(&amp;(allu),<sp/>1,<sp/>fichier)){</highlight></codeline>
<codeline lineno="230"><highlight class="normal"><sp/><sp/><sp/><sp/><sp/><sp/><sp/><sp/><sp/><sp/><sp/><sp/></highlight><highlight class="keywordflow">return</highlight><highlight class="normal"><sp/>0;</highlight></codeline>
<codeline lineno="231"><highlight class="normal"><sp/><sp/><sp/><sp/><sp/><sp/><sp/><sp/>}</highlight></codeline>
<codeline lineno="232"><highlight class="normal"><sp/><sp/><sp/><sp/><sp/><sp/><sp/><sp/>(*niv)<sp/>-&gt;<sp/>objets[taille.<ref refid="struct_coordonnees_1a676e0da0ef83bbbdf42538e54b97506b" kindref="member">x</ref>][taille.<ref refid="struct_coordonnees_1ac30de26db5f6d1c18c63913729adca7d" kindref="member">y</ref>].donnee_suppl<sp/>=<sp/>(</highlight><highlight class="keywordtype">void</highlight><highlight class="normal">*)<ref refid="objet_8h_1ad3820f7183ba0d7b2d009d2ec40cb6a4" kindref="member">init_generation</ref>(inter,<sp/>allu);</highlight></codeline>
<codeline lineno="233"><highlight class="normal"><sp/><sp/><sp/><sp/>}</highlight></codeline>
<codeline lineno="234"><highlight class="normal"></highlight></codeline>
<codeline lineno="235"><highlight class="normal"><sp/><sp/><sp/><sp/></highlight><highlight class="keywordflow">return</highlight><highlight class="normal"><sp/>1;</highlight></codeline>
<codeline lineno="236"><highlight class="normal">}</highlight></codeline>
<codeline lineno="237"><highlight class="normal"></highlight></codeline>
<codeline lineno="238"><highlight class="normal"></highlight></codeline>
<codeline lineno="239" refid="fichier_8h_1afec6a2498f43c054e550cbba9c23af3b" refkind="member"><highlight class="normal"></highlight><highlight class="keywordtype">int</highlight><highlight class="normal"><sp/><ref refid="fichier_8c_1afec6a2498f43c054e550cbba9c23af3b" kindref="member">recopie_chaine</ref>(</highlight><highlight class="keywordtype">char</highlight><highlight class="normal"><sp/>*dest,<sp/></highlight><highlight class="keywordtype">char</highlight><highlight class="normal">*base,<sp/></highlight><highlight class="keywordtype">int</highlight><highlight class="normal"><sp/>i){</highlight></codeline>
<codeline lineno="240"><highlight class="normal"><sp/><sp/><sp/><sp/></highlight><highlight class="keywordtype">int</highlight><highlight class="normal"><sp/>compte<sp/>=<sp/>0;</highlight></codeline>
<codeline lineno="241"><highlight class="normal"><sp/><sp/><sp/><sp/></highlight><highlight class="keywordflow">while</highlight><highlight class="normal">(</highlight><highlight class="charliteral">&apos;\0&apos;</highlight><highlight class="normal"><sp/>!=<sp/>base[compte]<sp/>&amp;&amp;<sp/></highlight><highlight class="charliteral">&apos;\n&apos;</highlight><highlight class="normal"><sp/>!=<sp/>base[compte]){</highlight></codeline>
<codeline lineno="242"><highlight class="normal"><sp/><sp/><sp/><sp/><sp/><sp/><sp/><sp/>dest[i<sp/>+<sp/>compte]<sp/>=<sp/>base[compte];</highlight></codeline>
<codeline lineno="243"><highlight class="normal"><sp/><sp/><sp/><sp/><sp/><sp/><sp/><sp/>compte<sp/>+=<sp/>1;</highlight></codeline>
<codeline lineno="244"><highlight class="normal"><sp/><sp/><sp/><sp/>}</highlight></codeline>
<codeline lineno="245"><highlight class="normal"><sp/><sp/><sp/><sp/>dest[i<sp/>+<sp/>compte]<sp/>=<sp/></highlight><highlight class="charliteral">&apos;\0&apos;</highlight><highlight class="normal">;</highlight></codeline>
<codeline lineno="246"><highlight class="normal"><sp/><sp/><sp/><sp/></highlight><highlight class="keywordflow">return</highlight><highlight class="normal"><sp/>compte;</highlight></codeline>
<codeline lineno="247"><highlight class="normal">}</highlight></codeline>
    </programlisting>
    <location file="Cours/projet_final_algo/src/fichier.c"/>
  </compounddef>
</doxygen>
