<?xml version='1.0' encoding='UTF-8' standalone='no'?>
<doxygen xmlns:xsi="http://www.w3.org/2001/XMLSchema-instance" xsi:noNamespaceSchemaLocation="compound.xsd" version="1.8.20" xml:lang="fr">
  <compounddef id="fichier_8h" kind="file" language="C++">
    <compoundname>fichier.h</compoundname>
    <includes refid="niveau_8h" local="yes">niveau.h</includes>
    <includes local="no">dirent.h</includes>
    <includes local="no">assert.h</includes>
    <includes local="no">stdlib.h</includes>
    <includes local="no">stdio.h</includes>
    <includedby refid="moteur_8h" local="yes">Cours/projet_final_algo/src/header/moteur.h</includedby>
    <incdepgraph>
      <node id="6">
        <label>stdbool.h</label>
      </node>
      <node id="10">
        <label>sys/select.h</label>
      </node>
      <node id="9">
        <label>temps.h</label>
        <link refid="temps_8h"/>
        <childnode refid="3" relation="include">
        </childnode>
        <childnode refid="4" relation="include">
        </childnode>
        <childnode refid="5" relation="include">
        </childnode>
        <childnode refid="10" relation="include">
        </childnode>
        <childnode refid="11" relation="include">
        </childnode>
      </node>
      <node id="3">
        <label>assert.h</label>
      </node>
      <node id="1">
        <label>Cours/projet_final_algo/src/header/fichier.h</label>
        <link refid="fichier_8h"/>
        <childnode refid="2" relation="include">
        </childnode>
        <childnode refid="13" relation="include">
        </childnode>
        <childnode refid="3" relation="include">
        </childnode>
        <childnode refid="4" relation="include">
        </childnode>
        <childnode refid="5" relation="include">
        </childnode>
      </node>
      <node id="8">
        <label>objet.h</label>
        <link refid="objet_8h"/>
        <childnode refid="3" relation="include">
        </childnode>
        <childnode refid="4" relation="include">
        </childnode>
        <childnode refid="5" relation="include">
        </childnode>
        <childnode refid="6" relation="include">
        </childnode>
        <childnode refid="9" relation="include">
        </childnode>
        <childnode refid="7" relation="include">
        </childnode>
      </node>
      <node id="4">
        <label>stdlib.h</label>
      </node>
      <node id="12">
        <label>tas.h</label>
        <link refid="tas_8h"/>
        <childnode refid="3" relation="include">
        </childnode>
        <childnode refid="4" relation="include">
        </childnode>
        <childnode refid="5" relation="include">
        </childnode>
        <childnode refid="6" relation="include">
        </childnode>
        <childnode refid="7" relation="include">
        </childnode>
        <childnode refid="9" relation="include">
        </childnode>
      </node>
      <node id="2">
        <label>niveau.h</label>
        <link refid="niveau_8h"/>
        <childnode refid="3" relation="include">
        </childnode>
        <childnode refid="4" relation="include">
        </childnode>
        <childnode refid="5" relation="include">
        </childnode>
        <childnode refid="6" relation="include">
        </childnode>
        <childnode refid="7" relation="include">
        </childnode>
        <childnode refid="8" relation="include">
        </childnode>
        <childnode refid="9" relation="include">
        </childnode>
        <childnode refid="12" relation="include">
        </childnode>
      </node>
      <node id="7">
        <label>coordonne.h</label>
        <link refid="coordonne_8h"/>
        <childnode refid="3" relation="include">
        </childnode>
        <childnode refid="4" relation="include">
        </childnode>
        <childnode refid="5" relation="include">
        </childnode>
      </node>
      <node id="11">
        <label>time.h</label>
      </node>
      <node id="5">
        <label>stdio.h</label>
      </node>
      <node id="13">
        <label>dirent.h</label>
      </node>
    </incdepgraph>
    <invincdepgraph>
      <node id="2">
        <label>Cours/projet_final_algo/src/header/moteur.h</label>
        <link refid="moteur_8h"/>
      </node>
      <node id="1">
        <label>Cours/projet_final_algo/src/header/fichier.h</label>
        <link refid="fichier_8h"/>
        <childnode refid="2" relation="include">
        </childnode>
      </node>
    </invincdepgraph>
      <sectiondef kind="func">
      <memberdef kind="function" id="fichier_8h_1ab7338c0cabb65d0cb7f72253953219fc" prot="public" static="no" const="no" explicit="no" inline="no" virt="non-virtual">
        <type>int</type>
        <definition>int taille_chaine</definition>
        <argsstring>(char *chaine)</argsstring>
        <name>taille_chaine</name>
        <param>
          <type>char *</type>
          <declname>chaine</declname>
        </param>
        <briefdescription>
<para>Fonction qui renvoie la taille d&apos;une chaine passé en parametre. </para>
        </briefdescription>
        <detaileddescription>
<para><parameterlist kind="param"><parameteritem>
<parameternamelist>
<parametername>char</parametername>
</parameternamelist>
<parameterdescription>
<para></para>
</parameterdescription>
</parameteritem>
</parameterlist>
<simplesect kind="return"><para>int (la taille) </para>
</simplesect>
</para>
        </detaileddescription>
        <inbodydescription>
        </inbodydescription>
        <location file="Cours/projet_final_algo/src/header/fichier.h" line="29" column="5" declfile="Cours/projet_final_algo/src/header/fichier.h" declline="29" declcolumn="5"/>
      </memberdef>
      <memberdef kind="function" id="fichier_8h_1a099fc931af3a719f1414993f2abbf96d" prot="public" static="no" const="no" explicit="no" inline="no" virt="non-virtual">
        <type>int</type>
        <definition>int fichier_niveaux</definition>
        <argsstring>(char ***nom, int *nombre)</argsstring>
        <name>fichier_niveaux</name>
        <param>
          <type>char ***</type>
          <declname>nom</declname>
        </param>
        <param>
          <type>int *</type>
          <declname>nombre</declname>
        </param>
        <briefdescription>
<para>Fonction qui renvoie en parametre une liste de nom de fichier et leur nombre. </para>
        </briefdescription>
        <detaileddescription>
<para><parameterlist kind="param"><parameteritem>
<parameternamelist>
<parametername>char***</parametername>
<parametername>int*</parametername>
</parameternamelist>
<parameterdescription>
<para></para>
</parameterdescription>
</parameteritem>
</parameterlist>
<simplesect kind="return"><para>1 si tout ce passe bien, 0 sinon </para>
</simplesect>
</para>
        </detaileddescription>
        <inbodydescription>
        </inbodydescription>
        <location file="Cours/projet_final_algo/src/header/fichier.h" line="38" column="5" declfile="Cours/projet_final_algo/src/header/fichier.h" declline="38" declcolumn="5"/>
      </memberdef>
      <memberdef kind="function" id="fichier_8h_1aa5e81860f9e77f7c7913e11be353568c" prot="public" static="no" const="no" explicit="no" inline="no" virt="non-virtual">
        <type>int</type>
        <definition>int note_dans_f</definition>
        <argsstring>(Niveau niv, int taille, char *nom)</argsstring>
        <name>note_dans_f</name>
        <param>
          <type><ref refid="struct_niveau" kindref="compound">Niveau</ref></type>
          <declname>niv</declname>
        </param>
        <param>
          <type>int</type>
          <declname>taille</declname>
        </param>
        <param>
          <type>char *</type>
          <declname>nom</declname>
        </param>
        <briefdescription>
<para>Fonction qui traduit un fichier de niveau pour pouvoir l&apos;afficher graphiquement. </para>
        </briefdescription>
        <detaileddescription>
<para><simplesect kind="return"><para>1 si tout ce passe bien, 0 sinon </para>
</simplesect>
</para>
        </detaileddescription>
        <inbodydescription>
        </inbodydescription>
        <location file="Cours/projet_final_algo/src/header/fichier.h" line="45" column="5" declfile="Cours/projet_final_algo/src/header/fichier.h" declline="45" declcolumn="5"/>
      </memberdef>
      <memberdef kind="function" id="fichier_8h_1aea2e801b1cf2228227eaa873aee987d4" prot="public" static="no" const="no" explicit="no" inline="no" virt="non-virtual">
        <type>int</type>
        <definition>int lit_fichier</definition>
        <argsstring>(char *nom, Niveau **niv)</argsstring>
        <name>lit_fichier</name>
        <param>
          <type>char *</type>
          <declname>nom</declname>
        </param>
        <param>
          <type><ref refid="struct_niveau" kindref="compound">Niveau</ref> **</type>
          <declname>niv</declname>
        </param>
        <briefdescription>
<para>Fonction pour lire un fichier. </para>
        </briefdescription>
        <detaileddescription>
<para><simplesect kind="return"><para>0 si ca marche pas, 1 sinon </para>
</simplesect>
</para>
        </detaileddescription>
        <inbodydescription>
        </inbodydescription>
        <location file="Cours/projet_final_algo/src/header/fichier.h" line="52" column="5" declfile="Cours/projet_final_algo/src/header/fichier.h" declline="52" declcolumn="5"/>
      </memberdef>
      <memberdef kind="function" id="fichier_8h_1afec6a2498f43c054e550cbba9c23af3b" prot="public" static="no" const="no" explicit="no" inline="no" virt="non-virtual">
        <type>int</type>
        <definition>int recopie_chaine</definition>
        <argsstring>(char *dest, char *base, int i)</argsstring>
        <name>recopie_chaine</name>
        <param>
          <type>char *</type>
          <declname>dest</declname>
        </param>
        <param>
          <type>char *</type>
          <declname>base</declname>
        </param>
        <param>
          <type>int</type>
          <declname>i</declname>
        </param>
        <briefdescription>
<para>Fonction qui recopie une chaine. </para>
        </briefdescription>
        <detaileddescription>
<para><simplesect kind="return"><para>longueur de chaine </para>
</simplesect>
</para>
        </detaileddescription>
        <inbodydescription>
        </inbodydescription>
        <location file="Cours/projet_final_algo/src/header/fichier.h" line="59" column="5" declfile="Cours/projet_final_algo/src/header/fichier.h" declline="59" declcolumn="5"/>
      </memberdef>
      <memberdef kind="function" id="fichier_8h_1a99b5eebc5768e14641abdf8644d4d48e" prot="public" static="no" const="no" explicit="no" inline="no" virt="non-virtual">
        <type>void</type>
        <definition>void free_lst</definition>
        <argsstring>(char **nom_fichier, int nombre)</argsstring>
        <name>free_lst</name>
        <param>
          <type>char **</type>
          <declname>nom_fichier</declname>
        </param>
        <param>
          <type>int</type>
          <declname>nombre</declname>
        </param>
        <briefdescription>
<para>libere la liste des nombre nom de fichier </para>
        </briefdescription>
        <detaileddescription>
        </detaileddescription>
        <inbodydescription>
        </inbodydescription>
        <location file="Cours/projet_final_algo/src/header/fichier.h" line="65" column="6" declfile="Cours/projet_final_algo/src/header/fichier.h" declline="65" declcolumn="6"/>
      </memberdef>
      </sectiondef>
    <briefdescription>
<para>Projet final Algo des arbre Université Gustave Eiffel. </para>
    </briefdescription>
    <detaileddescription>
<para><simplesect kind="author"><para>Etienne Collet / Lyna Benaibouche</para>
</simplesect>
<simplesect kind="date"><para>4/04/2021 - 16/05/2021</para>
</simplesect>
Permet d&apos;ouvrir les different type de fichier </para>
    </detaileddescription>
    <programlisting>
<codeline lineno="1"></codeline>
<codeline lineno="12"><highlight class="preprocessor">#ifndef<sp/>__FI__</highlight><highlight class="normal"></highlight></codeline>
<codeline lineno="13"><highlight class="normal"></highlight><highlight class="preprocessor">#define<sp/>__FI__</highlight><highlight class="normal"></highlight></codeline>
<codeline lineno="14"><highlight class="normal"></highlight></codeline>
<codeline lineno="15"><highlight class="normal"></highlight><highlight class="preprocessor">#include<sp/>&quot;<ref refid="niveau_8h" kindref="compound">niveau.h</ref>&quot;</highlight><highlight class="normal"></highlight></codeline>
<codeline lineno="16"><highlight class="normal"></highlight><highlight class="preprocessor">#include<sp/>&lt;dirent.h&gt;</highlight><highlight class="normal"></highlight></codeline>
<codeline lineno="17"><highlight class="normal"></highlight><highlight class="preprocessor">#include<sp/>&lt;assert.h&gt;</highlight><highlight class="normal"></highlight></codeline>
<codeline lineno="18"><highlight class="normal"></highlight><highlight class="preprocessor">#include<sp/>&lt;stdlib.h&gt;</highlight><highlight class="normal"></highlight></codeline>
<codeline lineno="19"><highlight class="normal"></highlight><highlight class="preprocessor">#include<sp/>&lt;stdio.h&gt;</highlight><highlight class="normal"></highlight></codeline>
<codeline lineno="20"><highlight class="normal"></highlight></codeline>
<codeline lineno="21"><highlight class="normal"></highlight></codeline>
<codeline lineno="22"><highlight class="normal"></highlight></codeline>
<codeline lineno="29" refid="fichier_8h_1ab7338c0cabb65d0cb7f72253953219fc" refkind="member"><highlight class="keywordtype">int</highlight><highlight class="normal"><sp/><ref refid="fichier_8h_1ab7338c0cabb65d0cb7f72253953219fc" kindref="member">taille_chaine</ref>(</highlight><highlight class="keywordtype">char</highlight><highlight class="normal"><sp/>*chaine);</highlight></codeline>
<codeline lineno="30"><highlight class="normal"></highlight></codeline>
<codeline lineno="31"><highlight class="normal"></highlight></codeline>
<codeline lineno="38" refid="fichier_8h_1a099fc931af3a719f1414993f2abbf96d" refkind="member"><highlight class="keywordtype">int</highlight><highlight class="normal"><sp/><ref refid="fichier_8h_1a099fc931af3a719f1414993f2abbf96d" kindref="member">fichier_niveaux</ref>(</highlight><highlight class="keywordtype">char</highlight><highlight class="normal"><sp/>***nom,<sp/></highlight><highlight class="keywordtype">int</highlight><highlight class="normal"><sp/>*nombre);</highlight></codeline>
<codeline lineno="39"><highlight class="normal"></highlight></codeline>
<codeline lineno="40"><highlight class="normal"></highlight></codeline>
<codeline lineno="45" refid="fichier_8h_1aa5e81860f9e77f7c7913e11be353568c" refkind="member"><highlight class="keywordtype">int</highlight><highlight class="normal"><sp/><ref refid="fichier_8h_1aa5e81860f9e77f7c7913e11be353568c" kindref="member">note_dans_f</ref>(<ref refid="struct_niveau" kindref="compound">Niveau</ref><sp/>niv,<sp/></highlight><highlight class="keywordtype">int</highlight><highlight class="normal"><sp/>taille,<sp/></highlight><highlight class="keywordtype">char</highlight><highlight class="normal"><sp/>*nom);</highlight></codeline>
<codeline lineno="46"><highlight class="normal"></highlight></codeline>
<codeline lineno="47"><highlight class="normal"></highlight></codeline>
<codeline lineno="52" refid="fichier_8h_1aea2e801b1cf2228227eaa873aee987d4" refkind="member"><highlight class="keywordtype">int</highlight><highlight class="normal"><sp/><ref refid="fichier_8h_1aea2e801b1cf2228227eaa873aee987d4" kindref="member">lit_fichier</ref>(</highlight><highlight class="keywordtype">char</highlight><highlight class="normal"><sp/>*nom,<sp/><ref refid="struct_niveau" kindref="compound">Niveau</ref><sp/>**niv);</highlight></codeline>
<codeline lineno="53"><highlight class="normal"></highlight></codeline>
<codeline lineno="54"><highlight class="normal"></highlight></codeline>
<codeline lineno="59" refid="fichier_8h_1afec6a2498f43c054e550cbba9c23af3b" refkind="member"><highlight class="keywordtype">int</highlight><highlight class="normal"><sp/><ref refid="fichier_8h_1afec6a2498f43c054e550cbba9c23af3b" kindref="member">recopie_chaine</ref>(</highlight><highlight class="keywordtype">char</highlight><highlight class="normal"><sp/>*dest,<sp/></highlight><highlight class="keywordtype">char</highlight><highlight class="normal">*base,<sp/></highlight><highlight class="keywordtype">int</highlight><highlight class="normal"><sp/>i);</highlight></codeline>
<codeline lineno="60"><highlight class="normal"></highlight></codeline>
<codeline lineno="61"><highlight class="normal"></highlight></codeline>
<codeline lineno="65" refid="fichier_8h_1a99b5eebc5768e14641abdf8644d4d48e" refkind="member"><highlight class="keywordtype">void</highlight><highlight class="normal"><sp/><ref refid="fichier_8h_1a99b5eebc5768e14641abdf8644d4d48e" kindref="member">free_lst</ref>(</highlight><highlight class="keywordtype">char</highlight><highlight class="normal"><sp/>**nom_fichier,<sp/></highlight><highlight class="keywordtype">int</highlight><highlight class="normal"><sp/>nombre);</highlight></codeline>
<codeline lineno="66"><highlight class="normal"></highlight></codeline>
<codeline lineno="67"><highlight class="normal"></highlight></codeline>
<codeline lineno="68"><highlight class="normal"></highlight><highlight class="preprocessor">#endif</highlight></codeline>
    </programlisting>
    <location file="Cours/projet_final_algo/src/header/fichier.h"/>
  </compounddef>
</doxygen>
