<?xml version='1.0' encoding='UTF-8' standalone='no'?>
<doxygenindex xmlns:xsi="http://www.w3.org/2001/XMLSchema-instance" xsi:noNamespaceSchemaLocation="index.xsd" version="1.8.20" xml:lang="fr">
  <compound refid="struct_coordonnees" kind="struct"><name>Coordonnees</name>
    <member refid="struct_coordonnees_1a676e0da0ef83bbbdf42538e54b97506b" kind="variable"><name>x</name></member>
    <member refid="struct_coordonnees_1ac30de26db5f6d1c18c63913729adca7d" kind="variable"><name>y</name></member>
  </compound>
  <compound refid="struct_deplacement" kind="struct"><name>Deplacement</name>
    <member refid="struct_deplacement_1a53421c695d00016ab925777d423b4eb6" kind="variable"><name>direction</name></member>
    <member refid="struct_deplacement_1ab22d9d18478fccc639e1000fb3edeb89" kind="variable"><name>allure</name></member>
  </compound>
  <compound refid="struct_evenement" kind="struct"><name>Evenement</name>
    <member refid="struct_evenement_1a2241ada66aba1dedd873b57f0ed7cadb" kind="variable"><name>moment</name></member>
    <member refid="struct_evenement_1a1d1e399ad0fdc26aa938d76f1c416c7f" kind="variable"><name>coo_obj</name></member>
  </compound>
  <compound refid="struct_generation" kind="struct"><name>Generation</name>
    <member refid="struct_generation_1a895caee6dc8550d225b534caed64202a" kind="variable"><name>intervalle</name></member>
    <member refid="struct_generation_1a415e7b0b90dc92593cae7f58b6722671" kind="variable"><name>allure_proj</name></member>
  </compound>
  <compound refid="struct_niveau" kind="struct"><name>Niveau</name>
    <member refid="struct_niveau_1af076646aa742df2ddb6ee9a55c4d1522" kind="variable"><name>taille</name></member>
    <member refid="struct_niveau_1aaf59e865ecf0b7be17e7fc514867c05e" kind="variable"><name>objets</name></member>
    <member refid="struct_niveau_1aab01066cb85e03073d7e07434bacd75f" kind="variable"><name>coo_perso</name></member>
    <member refid="struct_niveau_1aea8e77c4bd513c9eb638b43908658eb2" kind="variable"><name>allure_perso</name></member>
    <member refid="struct_niveau_1a749e23ff45e74ff70174d594d8cf8ff3" kind="variable"><name>avance</name></member>
    <member refid="struct_niveau_1aec8c561ff045897a3b7896096284b810" kind="variable"><name>depl_perso_autorise</name></member>
  </compound>
  <compound refid="struct_objet" kind="struct"><name>Objet</name>
    <member refid="struct_objet_1ad2ede1665c8f37de9d2be68e8b0da293" kind="variable"><name>type</name></member>
    <member refid="struct_objet_1a0e1a9bacfc74dd710f07b7e6eab6837d" kind="variable"><name>donnee_suppl</name></member>
  </compound>
  <compound refid="struct_tas" kind="struct"><name>Tas</name>
    <member refid="struct_tas_1ae5b063c5388157c3c04a0937d52fbeed" kind="variable"><name>taille</name></member>
    <member refid="struct_tas_1ac3e3c7196292bbc416a904d29ee638c8" kind="variable"><name>capacite</name></member>
    <member refid="struct_tas_1a4eef4509b8e3561b694a66ac2578e4fc" kind="variable"><name>valeurs</name></member>
  </compound>
  <compound refid="affiche_8h" kind="file"><name>affiche.h</name>
    <member refid="affiche_8h_1a26e9cb457fdb1b82b145f2e4a69e871d" kind="define"><name>TMOTS</name></member>
    <member refid="affiche_8h_1aa8d177041ed63e23e77e431f9de60d3a" kind="define"><name>DEBUTX</name></member>
    <member refid="affiche_8h_1a0c8a6c78f96b789d1478544dff37f770" kind="define"><name>DEBUTY</name></member>
    <member refid="affiche_8h_1a3219855224c5c56861bf28ffacd8f4c2" kind="function"><name>mini</name></member>
    <member refid="affiche_8h_1a0159c751ef6262219b7d0d7b4b6d35e8" kind="function"><name>affiche_usage</name></member>
    <member refid="affiche_8h_1a096b849016c780063d344f3091d879f9" kind="function"><name>ouvre_fenettre</name></member>
    <member refid="affiche_8h_1a3ab04a28e24bfd0bac8c7080998a3486" kind="function"><name>affiche_menu</name></member>
    <member refid="affiche_8h_1aa469059a5c28d190030b4bb40c8e4c2c" kind="function"><name>affiche_graph_niv</name></member>
    <member refid="affiche_8h_1ae33f37392ac61298f75c3d4b846395a4" kind="function"><name>affiche_bare_latterale</name></member>
    <member refid="affiche_8h_1a6923b8b179c37be9caeb3f7579e28461" kind="function"><name>affiche_choix_taille</name></member>
    <member refid="affiche_8h_1ad9f9778e16322c3b44e8c44ed72ca0b6" kind="function"><name>affiche_choix_fichier</name></member>
    <member refid="affiche_8h_1aef5c70356e8b378c173eb8186d2afdad" kind="function"><name>affiche_choix_txt</name></member>
    <member refid="affiche_8h_1aa4ca3ccabe2448f507b5061df19a47e2" kind="function"><name>affiche_choix_nombre</name></member>
    <member refid="affiche_8h_1ae0bd5a4ef4bc4dad4723cc1c3b2d89a2" kind="function"><name>affiche_niveau_hist</name></member>
    <member refid="affiche_8h_1afeade6092f8c906be92d475a7a616abe" kind="function"><name>affiche_paneaux_centre</name></member>
    <member refid="affiche_8h_1a35ce5334801f31fbb254cce8f4643e1b" kind="function"><name>affiche_exit</name></member>
  </compound>
  <compound refid="config__stdin_8h" kind="file"><name>config_stdin.h</name>
    <member refid="config__stdin_8h_1a0c6981837f3f56a4c290ab766b74a9cf" kind="function"><name>init_stdin</name></member>
    <member refid="config__stdin_8h_1adf3fd6bfa1163b015ab586849794f90a" kind="function"><name>restaure_stdin</name></member>
  </compound>
  <compound refid="coordonne_8h" kind="file"><name>coordonne.h</name>
    <member refid="coordonne_8h_1a224b9163917ac32fc95a60d8c1eec3aa" kind="enum"><name>Direction</name></member>
    <member refid="coordonne_8h_1a224b9163917ac32fc95a60d8c1eec3aaa5c97701a87d36c8f2c0de80c5865b8e2" kind="enumvalue"><name>HAUT</name></member>
    <member refid="coordonne_8h_1a224b9163917ac32fc95a60d8c1eec3aaa4ee960d97b04a1f22ed7ff81c7aa2e86" kind="enumvalue"><name>GAUCHE</name></member>
    <member refid="coordonne_8h_1a224b9163917ac32fc95a60d8c1eec3aaa4b07baad9e862178efeac3e522475caa" kind="enumvalue"><name>BAS</name></member>
    <member refid="coordonne_8h_1a224b9163917ac32fc95a60d8c1eec3aaa79f680205087956546ae263797bd1343" kind="enumvalue"><name>DROITE</name></member>
  </compound>
  <compound refid="fichier_8h" kind="file"><name>fichier.h</name>
    <member refid="fichier_8h_1ab7338c0cabb65d0cb7f72253953219fc" kind="function"><name>taille_chaine</name></member>
    <member refid="fichier_8h_1a099fc931af3a719f1414993f2abbf96d" kind="function"><name>fichier_niveaux</name></member>
    <member refid="fichier_8h_1aa5e81860f9e77f7c7913e11be353568c" kind="function"><name>note_dans_f</name></member>
    <member refid="fichier_8h_1aea2e801b1cf2228227eaa873aee987d4" kind="function"><name>lit_fichier</name></member>
    <member refid="fichier_8h_1afec6a2498f43c054e550cbba9c23af3b" kind="function"><name>recopie_chaine</name></member>
    <member refid="fichier_8h_1a99b5eebc5768e14641abdf8644d4d48e" kind="function"><name>free_lst</name></member>
  </compound>
  <compound refid="moteur_8h" kind="file"><name>moteur.h</name>
    <member refid="moteur_8h_1a91e64244c5ee62996309bfdc11e83e79" kind="function"><name>utilise_argv</name></member>
  </compound>
  <compound refid="niveau_8h" kind="file"><name>niveau.h</name>
    <member refid="niveau_8h_1ac4644b17f3e1ef6482265dec47b16083" kind="function"><name>malloc_Niveau</name></member>
    <member refid="niveau_8h_1ae25065ceb62d5d1cf369d087d4f97cb0" kind="function"><name>free_Niveau</name></member>
    <member refid="niveau_8h_1a506b77aeb2a2b658f2a0ee11e3c979bf" kind="function"><name>niveau0</name></member>
    <member refid="niveau_8h_1a77127997ae9b89234fd44d0cbd9f8237" kind="function"><name>construit_Tas</name></member>
    <member refid="niveau_8h_1af5c5ee958853759839ff22861afac77e" kind="function"><name>traite_evenement</name></member>
    <member refid="niveau_8h_1aeb73b3cc60822927ece01fe2897433c0" kind="function"><name>affiche_Niveau</name></member>
    <member refid="niveau_8h_1a2ae8939a0be64f4cf459ec51cc2bb852" kind="function"><name>ajoute_projectile</name></member>
  </compound>
  <compound refid="objet_8h" kind="file"><name>objet.h</name>
    <member refid="objet_8h_1a7f600ba87e874afa41c988ce5c0975ee" kind="enum"><name>TypeObjet</name></member>
    <member refid="objet_8h_1a7f600ba87e874afa41c988ce5c0975eead4686f4f969d0e851d9170c09a89a837" kind="enumvalue"><name>VIDE</name></member>
    <member refid="objet_8h_1a7f600ba87e874afa41c988ce5c0975eeaf3da1e376b1042f00a07a21637eff63c" kind="enumvalue"><name>PERSONNAGE</name></member>
    <member refid="objet_8h_1a7f600ba87e874afa41c988ce5c0975eea22f853bba9ebb23d90508dc6496b746c" kind="enumvalue"><name>DESTINATION</name></member>
    <member refid="objet_8h_1a7f600ba87e874afa41c988ce5c0975eea4812eae6f742a8f18779779eeeffd570" kind="enumvalue"><name>MUR</name></member>
    <member refid="objet_8h_1a7f600ba87e874afa41c988ce5c0975eea85a3f6184e69ac3ab469706b61cd5d6c" kind="enumvalue"><name>LANCEUR</name></member>
    <member refid="objet_8h_1a7f600ba87e874afa41c988ce5c0975eea8801cf11e9d369feeb5db84413660623" kind="enumvalue"><name>PROJECTILE</name></member>
    <member refid="objet_8h_1ad3820f7183ba0d7b2d009d2ec40cb6a4" kind="function"><name>init_generation</name></member>
    <member refid="objet_8h_1a079e6ab6116bbd8db94f975f6560ec02" kind="function"><name>init_deplac</name></member>
  </compound>
  <compound refid="tas_8h" kind="file"><name>tas.h</name>
    <member refid="tas_8h_1a4ef81b45ca9f75baf882f4f00166a384" kind="function"><name>malloc_Tas</name></member>
    <member refid="tas_8h_1ae81ee00b701ea65c3b052729a9e875c8" kind="function"><name>free_Tas</name></member>
    <member refid="tas_8h_1a46e24071e97dcdafd2b42a4aa98630aa" kind="function"><name>un_evenement_est_pret</name></member>
    <member refid="tas_8h_1aae669175bc91f6abee9820888f8632f6" kind="function"><name>ote_minimum</name></member>
    <member refid="tas_8h_1a0c77209bc71bd722fb856e80524c85ee" kind="function"><name>ajoute_evenement</name></member>
    <member refid="tas_8h_1aca47f83c94cab54f9c1a0d7353c9738b" kind="function"><name>affiche_Tas</name></member>
  </compound>
  <compound refid="temps_8h" kind="file"><name>temps.h</name>
    <member refid="temps_8h_1a067fbeddfae6eae6e942a1b9ddd35523" kind="variable"><name>une_seconde</name></member>
    <member refid="temps_8h_1a89a7b8ecca0f07abc0b4ab3bfda410bd" kind="variable"><name>une_milliseconde</name></member>
    <member refid="temps_8h_1aa033ba8d331041b1de05b2548c492e4f" kind="function"><name>maintenant</name></member>
    <member refid="temps_8h_1a38c5c4c1cfef97316094139ff4187e3a" kind="function"><name>millisleep</name></member>
  </compound>
  <compound refid="dir_376e6f177221b76d56617377d7621b69" kind="dir"><name>Cours</name>
  </compound>
  <compound refid="dir_bdf7714c0c69afd29445f3fc42c3fe68" kind="dir"><name>Cours/projet_final_algo/src/header</name>
  </compound>
  <compound refid="dir_f2155481e6c0b5422810e424f31ae44c" kind="dir"><name>Cours/projet_final_algo</name>
  </compound>
  <compound refid="dir_463bb5e75c9db244a63d976f194c7f3e" kind="dir"><name>Cours/projet_final_algo/src</name>
  </compound>
</doxygenindex>
