<?xml version='1.0' encoding='UTF-8' standalone='no'?>
<doxygen xmlns:xsi="http://www.w3.org/2001/XMLSchema-instance" xsi:noNamespaceSchemaLocation="compound.xsd" version="1.8.20" xml:lang="fr">
  <compounddef id="main_8c" kind="file" language="C++">
    <compoundname>main.c</compoundname>
    <includes local="yes">../header/moteur.h</includes>
    <includes local="yes">../header/config_stdin.h</includes>
    <incdepgraph>
      <node id="3">
        <label>../header/config_stdin.h</label>
      </node>
      <node id="2">
        <label>../header/moteur.h</label>
      </node>
      <node id="1">
        <label>Cours/projet_final_algo/src/main.c</label>
        <link refid="main_8c"/>
        <childnode refid="2" relation="include">
        </childnode>
        <childnode refid="3" relation="include">
        </childnode>
      </node>
    </incdepgraph>
      <sectiondef kind="func">
      <memberdef kind="function" id="main_8c_1a3c04138a5bfe5d72780bb7e82a18e627" prot="public" static="no" const="no" explicit="no" inline="no" virt="non-virtual">
        <type>int</type>
        <definition>int main</definition>
        <argsstring>(int argc, char **argv)</argsstring>
        <name>main</name>
        <param>
          <type>int</type>
          <declname>argc</declname>
        </param>
        <param>
          <type>char **</type>
          <declname>argv</declname>
        </param>
        <briefdescription>
        </briefdescription>
        <detaileddescription>
<para><ref refid="main_8c" kindref="compound">main.c</ref> Etienne Collet / Lyna Benaibouche</para>
<para>commencer le : 4/04/2021 fini le : ??</para>
<para>Projet final Algo des arbre Université Gustave Eiffel</para>
<para>main du projet </para>
        </detaileddescription>
        <inbodydescription>
        </inbodydescription>
        <location file="Cours/projet_final_algo/src/main.c" line="17" column="5" bodyfile="Cours/projet_final_algo/src/main.c" bodystart="17" bodyend="21"/>
      </memberdef>
      </sectiondef>
    <briefdescription>
    </briefdescription>
    <detaileddescription>
    </detaileddescription>
    <programlisting>
<codeline lineno="1"></codeline>
<codeline lineno="14"><highlight class="preprocessor">#include<sp/>&quot;../header/moteur.h&quot;</highlight><highlight class="normal"></highlight></codeline>
<codeline lineno="15"><highlight class="normal"></highlight><highlight class="preprocessor">#include<sp/>&quot;../header/config_stdin.h&quot;</highlight><highlight class="normal"></highlight></codeline>
<codeline lineno="16"><highlight class="normal"></highlight></codeline>
<codeline lineno="17" refid="main_8c_1a3c04138a5bfe5d72780bb7e82a18e627" refkind="member"><highlight class="normal"></highlight><highlight class="keywordtype">int</highlight><highlight class="normal"><sp/><ref refid="main_8c_1a3c04138a5bfe5d72780bb7e82a18e627" kindref="member">main</ref>(</highlight><highlight class="keywordtype">int</highlight><highlight class="normal"><sp/>argc,<sp/></highlight><highlight class="keywordtype">char</highlight><highlight class="normal"><sp/>**argv){</highlight></codeline>
<codeline lineno="18"><highlight class="normal"></highlight></codeline>
<codeline lineno="19"><highlight class="normal"><sp/><sp/><sp/><sp/><ref refid="moteur_8h_1a91e64244c5ee62996309bfdc11e83e79" kindref="member">utilise_argv</ref>(argc,<sp/>argv);</highlight></codeline>
<codeline lineno="20"><highlight class="normal"><sp/><sp/><sp/><sp/></highlight><highlight class="keywordflow">return</highlight><highlight class="normal"><sp/>0;</highlight></codeline>
<codeline lineno="21"><highlight class="normal">}</highlight></codeline>
    </programlisting>
    <location file="Cours/projet_final_algo/src/main.c"/>
  </compounddef>
</doxygen>
