<?xml version='1.0' encoding='UTF-8' standalone='no'?>
<doxygen xmlns:xsi="http://www.w3.org/2001/XMLSchema-instance" xsi:noNamespaceSchemaLocation="compound.xsd" version="1.8.20" xml:lang="fr">
  <compounddef id="niveau_8h" kind="file" language="C++">
    <compoundname>niveau.h</compoundname>
    <includes local="no">assert.h</includes>
    <includes local="no">stdlib.h</includes>
    <includes local="no">stdio.h</includes>
    <includes local="no">stdbool.h</includes>
    <includes refid="coordonne_8h" local="yes">coordonne.h</includes>
    <includes refid="objet_8h" local="yes">objet.h</includes>
    <includes refid="temps_8h" local="yes">temps.h</includes>
    <includes refid="tas_8h" local="yes">tas.h</includes>
    <includedby refid="affiche_8h" local="yes">Cours/projet_final_algo/src/header/affiche.h</includedby>
    <includedby refid="fichier_8h" local="yes">Cours/projet_final_algo/src/header/fichier.h</includedby>
    <includedby refid="moteur_8h" local="yes">Cours/projet_final_algo/src/header/moteur.h</includedby>
    <incdepgraph>
      <node id="5">
        <label>stdbool.h</label>
      </node>
      <node id="9">
        <label>sys/select.h</label>
      </node>
      <node id="8">
        <label>temps.h</label>
        <link refid="temps_8h"/>
        <childnode refid="2" relation="include">
        </childnode>
        <childnode refid="3" relation="include">
        </childnode>
        <childnode refid="4" relation="include">
        </childnode>
        <childnode refid="9" relation="include">
        </childnode>
        <childnode refid="10" relation="include">
        </childnode>
      </node>
      <node id="2">
        <label>assert.h</label>
      </node>
      <node id="7">
        <label>objet.h</label>
        <link refid="objet_8h"/>
        <childnode refid="2" relation="include">
        </childnode>
        <childnode refid="3" relation="include">
        </childnode>
        <childnode refid="4" relation="include">
        </childnode>
        <childnode refid="5" relation="include">
        </childnode>
        <childnode refid="8" relation="include">
        </childnode>
        <childnode refid="6" relation="include">
        </childnode>
      </node>
      <node id="3">
        <label>stdlib.h</label>
      </node>
      <node id="11">
        <label>tas.h</label>
        <link refid="tas_8h"/>
        <childnode refid="2" relation="include">
        </childnode>
        <childnode refid="3" relation="include">
        </childnode>
        <childnode refid="4" relation="include">
        </childnode>
        <childnode refid="5" relation="include">
        </childnode>
        <childnode refid="6" relation="include">
        </childnode>
        <childnode refid="8" relation="include">
        </childnode>
      </node>
      <node id="1">
        <label>Cours/projet_final_algo/src/header/niveau.h</label>
        <link refid="niveau_8h"/>
        <childnode refid="2" relation="include">
        </childnode>
        <childnode refid="3" relation="include">
        </childnode>
        <childnode refid="4" relation="include">
        </childnode>
        <childnode refid="5" relation="include">
        </childnode>
        <childnode refid="6" relation="include">
        </childnode>
        <childnode refid="7" relation="include">
        </childnode>
        <childnode refid="8" relation="include">
        </childnode>
        <childnode refid="11" relation="include">
        </childnode>
      </node>
      <node id="6">
        <label>coordonne.h</label>
        <link refid="coordonne_8h"/>
        <childnode refid="2" relation="include">
        </childnode>
        <childnode refid="3" relation="include">
        </childnode>
        <childnode refid="4" relation="include">
        </childnode>
      </node>
      <node id="10">
        <label>time.h</label>
      </node>
      <node id="4">
        <label>stdio.h</label>
      </node>
    </incdepgraph>
    <invincdepgraph>
      <node id="3">
        <label>Cours/projet_final_algo/src/header/moteur.h</label>
        <link refid="moteur_8h"/>
      </node>
      <node id="4">
        <label>Cours/projet_final_algo/src/header/fichier.h</label>
        <link refid="fichier_8h"/>
        <childnode refid="3" relation="include">
        </childnode>
      </node>
      <node id="1">
        <label>Cours/projet_final_algo/src/header/niveau.h</label>
        <link refid="niveau_8h"/>
        <childnode refid="2" relation="include">
        </childnode>
        <childnode refid="4" relation="include">
        </childnode>
        <childnode refid="3" relation="include">
        </childnode>
      </node>
      <node id="2">
        <label>Cours/projet_final_algo/src/header/affiche.h</label>
        <link refid="affiche_8h"/>
        <childnode refid="3" relation="include">
        </childnode>
      </node>
    </invincdepgraph>
    <innerclass refid="struct_niveau" prot="public">Niveau</innerclass>
      <sectiondef kind="func">
      <memberdef kind="function" id="niveau_8h_1ac4644b17f3e1ef6482265dec47b16083" prot="public" static="no" const="no" explicit="no" inline="no" virt="non-virtual">
        <type><ref refid="struct_niveau" kindref="compound">Niveau</ref> *</type>
        <definition>Niveau* malloc_Niveau</definition>
        <argsstring>(Coordonnees taille)</argsstring>
        <name>malloc_Niveau</name>
        <param>
          <type><ref refid="struct_coordonnees" kindref="compound">Coordonnees</ref></type>
          <declname>taille</declname>
        </param>
        <briefdescription>
        </briefdescription>
        <detaileddescription>
<para>Alloue la place memoire pour un niveaux de taille taille </para>
        </detaileddescription>
        <inbodydescription>
        </inbodydescription>
        <location file="Cours/projet_final_algo/src/header/niveau.h" line="47" column="8" declfile="Cours/projet_final_algo/src/header/niveau.h" declline="47" declcolumn="8"/>
      </memberdef>
      <memberdef kind="function" id="niveau_8h_1ae25065ceb62d5d1cf369d087d4f97cb0" prot="public" static="no" const="no" explicit="no" inline="no" virt="non-virtual">
        <type>void</type>
        <definition>void free_Niveau</definition>
        <argsstring>(Niveau *niveau)</argsstring>
        <name>free_Niveau</name>
        <param>
          <type><ref refid="struct_niveau" kindref="compound">Niveau</ref> *</type>
          <declname>niveau</declname>
        </param>
        <briefdescription>
        </briefdescription>
        <detaileddescription>
<para>Libere la memoire du niveaux en parametre </para>
        </detaileddescription>
        <inbodydescription>
        </inbodydescription>
        <location file="Cours/projet_final_algo/src/header/niveau.h" line="53" column="6" declfile="Cours/projet_final_algo/src/header/niveau.h" declline="53" declcolumn="6"/>
      </memberdef>
      <memberdef kind="function" id="niveau_8h_1a506b77aeb2a2b658f2a0ee11e3c979bf" prot="public" static="no" const="no" explicit="no" inline="no" virt="non-virtual">
        <type><ref refid="struct_niveau" kindref="compound">Niveau</ref> *</type>
        <definition>Niveau* niveau0</definition>
        <argsstring>()</argsstring>
        <name>niveau0</name>
        <briefdescription>
        </briefdescription>
        <detaileddescription>
<para>Cree le niveaux 0 </para>
        </detaileddescription>
        <inbodydescription>
        </inbodydescription>
        <location file="Cours/projet_final_algo/src/header/niveau.h" line="59" column="8" declfile="Cours/projet_final_algo/src/header/niveau.h" declline="59" declcolumn="8"/>
      </memberdef>
      <memberdef kind="function" id="niveau_8h_1a77127997ae9b89234fd44d0cbd9f8237" prot="public" static="no" const="no" explicit="no" inline="no" virt="non-virtual">
        <type><ref refid="struct_tas" kindref="compound">Tas</ref> *</type>
        <definition>Tas* construit_Tas</definition>
        <argsstring>(Niveau *niveau)</argsstring>
        <name>construit_Tas</name>
        <param>
          <type><ref refid="struct_niveau" kindref="compound">Niveau</ref> *</type>
          <declname>niveau</declname>
        </param>
        <briefdescription>
        </briefdescription>
        <detaileddescription>
<para>Cree et remplie le tas d&apos;origine d&apos;un niveaux et le renvoie </para>
        </detaileddescription>
        <inbodydescription>
        </inbodydescription>
        <location file="Cours/projet_final_algo/src/header/niveau.h" line="65" column="5" declfile="Cours/projet_final_algo/src/header/niveau.h" declline="65" declcolumn="5"/>
      </memberdef>
      <memberdef kind="function" id="niveau_8h_1af5c5ee958853759839ff22861afac77e" prot="public" static="no" const="no" explicit="no" inline="no" virt="non-virtual">
        <type>int</type>
        <definition>int traite_evenement</definition>
        <argsstring>(Evenement e, Tas *tas, Niveau *niveau)</argsstring>
        <name>traite_evenement</name>
        <param>
          <type><ref refid="struct_evenement" kindref="compound">Evenement</ref></type>
          <declname>e</declname>
        </param>
        <param>
          <type><ref refid="struct_tas" kindref="compound">Tas</ref> *</type>
          <declname>tas</declname>
        </param>
        <param>
          <type><ref refid="struct_niveau" kindref="compound">Niveau</ref> *</type>
          <declname>niveau</declname>
        </param>
        <briefdescription>
        </briefdescription>
        <detaileddescription>
<para>Execute l&apos;evenement e sur le niveaux et rajoute des evenement dans le tas </para>
        </detaileddescription>
        <inbodydescription>
        </inbodydescription>
        <location file="Cours/projet_final_algo/src/header/niveau.h" line="72" column="5" declfile="Cours/projet_final_algo/src/header/niveau.h" declline="72" declcolumn="5"/>
      </memberdef>
      <memberdef kind="function" id="niveau_8h_1aeb73b3cc60822927ece01fe2897433c0" prot="public" static="no" const="no" explicit="no" inline="no" virt="non-virtual">
        <type>void</type>
        <definition>void affiche_Niveau</definition>
        <argsstring>(Niveau *niveau)</argsstring>
        <name>affiche_Niveau</name>
        <param>
          <type><ref refid="struct_niveau" kindref="compound">Niveau</ref> *</type>
          <declname>niveau</declname>
        </param>
        <briefdescription>
        </briefdescription>
        <detaileddescription>
<para>Affiche un niveaux sur le terminal </para>
        </detaileddescription>
        <inbodydescription>
        </inbodydescription>
        <location file="Cours/projet_final_algo/src/header/niveau.h" line="78" column="6" declfile="Cours/projet_final_algo/src/header/niveau.h" declline="78" declcolumn="6"/>
      </memberdef>
      <memberdef kind="function" id="niveau_8h_1a2ae8939a0be64f4cf459ec51cc2bb852" prot="public" static="no" const="no" explicit="no" inline="no" virt="non-virtual">
        <type>void</type>
        <definition>void ajoute_projectile</definition>
        <argsstring>(Niveau *niveau, Tas *tas, Evenement e, Direction dir, unsigned long allu)</argsstring>
        <name>ajoute_projectile</name>
        <param>
          <type><ref refid="struct_niveau" kindref="compound">Niveau</ref> *</type>
          <declname>niveau</declname>
        </param>
        <param>
          <type><ref refid="struct_tas" kindref="compound">Tas</ref> *</type>
          <declname>tas</declname>
        </param>
        <param>
          <type><ref refid="struct_evenement" kindref="compound">Evenement</ref></type>
          <declname>e</declname>
        </param>
        <param>
          <type><ref refid="coordonne_8h_1a224b9163917ac32fc95a60d8c1eec3aa" kindref="member">Direction</ref></type>
          <declname>dir</declname>
        </param>
        <param>
          <type>unsigned long</type>
          <declname>allu</declname>
        </param>
        <briefdescription>
        </briefdescription>
        <detaileddescription>
<para>Ajoute un prjectile au fur et a mesur de la partie </para>
        </detaileddescription>
        <inbodydescription>
        </inbodydescription>
        <location file="Cours/projet_final_algo/src/header/niveau.h" line="85" column="6" declfile="Cours/projet_final_algo/src/header/niveau.h" declline="85" declcolumn="6"/>
      </memberdef>
      </sectiondef>
    <briefdescription>
<para>Projet final Algo des arbre Université Gustave Eiffel. </para>
    </briefdescription>
    <detaileddescription>
<para><simplesect kind="author"><para>Etienne Collet / Lyna Benaibouche</para>
</simplesect>
<simplesect kind="date"><para>4/04/2021 - 16/05/2021</para>
</simplesect>
Permet de cree les niveaux du projet </para>
    </detaileddescription>
    <programlisting>
<codeline lineno="1"></codeline>
<codeline lineno="12"><highlight class="preprocessor">#include<sp/>&lt;assert.h&gt;</highlight><highlight class="normal"></highlight></codeline>
<codeline lineno="13"><highlight class="normal"></highlight><highlight class="preprocessor">#include<sp/>&lt;stdlib.h&gt;</highlight><highlight class="normal"></highlight></codeline>
<codeline lineno="14"><highlight class="normal"></highlight><highlight class="preprocessor">#include<sp/>&lt;stdio.h&gt;</highlight><highlight class="normal"></highlight></codeline>
<codeline lineno="15"><highlight class="normal"></highlight><highlight class="preprocessor">#include<sp/>&lt;stdbool.h&gt;</highlight><highlight class="normal"></highlight></codeline>
<codeline lineno="16"><highlight class="normal"></highlight><highlight class="preprocessor">#include<sp/>&quot;<ref refid="coordonne_8h" kindref="compound">coordonne.h</ref>&quot;</highlight><highlight class="normal"></highlight></codeline>
<codeline lineno="17"><highlight class="normal"></highlight><highlight class="preprocessor">#include<sp/>&quot;<ref refid="objet_8h" kindref="compound">objet.h</ref>&quot;</highlight><highlight class="normal"></highlight></codeline>
<codeline lineno="18"><highlight class="normal"></highlight><highlight class="preprocessor">#include<sp/>&quot;<ref refid="temps_8h" kindref="compound">temps.h</ref>&quot;</highlight><highlight class="normal"></highlight></codeline>
<codeline lineno="19"><highlight class="normal"></highlight><highlight class="preprocessor">#include<sp/>&quot;<ref refid="tas_8h" kindref="compound">tas.h</ref>&quot;</highlight><highlight class="normal"></highlight></codeline>
<codeline lineno="20"><highlight class="normal"></highlight></codeline>
<codeline lineno="21"><highlight class="normal"></highlight><highlight class="preprocessor">#ifndef<sp/>__NI__</highlight><highlight class="normal"></highlight></codeline>
<codeline lineno="22"><highlight class="normal"></highlight><highlight class="preprocessor">#define<sp/>__NI__</highlight><highlight class="normal"></highlight></codeline>
<codeline lineno="23"><highlight class="normal"></highlight></codeline>
<codeline lineno="28" refid="struct_niveau" refkind="compound"><highlight class="keyword">typedef</highlight><highlight class="normal"><sp/></highlight><highlight class="keyword">struct<sp/></highlight><highlight class="normal">{</highlight></codeline>
<codeline lineno="30" refid="struct_niveau_1af076646aa742df2ddb6ee9a55c4d1522" refkind="member"><highlight class="normal"><sp/><sp/><sp/><sp/><ref refid="struct_coordonnees" kindref="compound">Coordonnees</ref><sp/><ref refid="struct_niveau_1af076646aa742df2ddb6ee9a55c4d1522" kindref="member">taille</ref>;</highlight></codeline>
<codeline lineno="32" refid="struct_niveau_1aaf59e865ecf0b7be17e7fc514867c05e" refkind="member"><highlight class="normal"><sp/><sp/><sp/><sp/><ref refid="struct_objet" kindref="compound">Objet</ref>**<sp/><ref refid="struct_niveau_1aaf59e865ecf0b7be17e7fc514867c05e" kindref="member">objets</ref>;</highlight></codeline>
<codeline lineno="34" refid="struct_niveau_1aab01066cb85e03073d7e07434bacd75f" refkind="member"><highlight class="normal"><sp/><sp/><sp/><sp/><ref refid="struct_coordonnees" kindref="compound">Coordonnees</ref><sp/><ref refid="struct_niveau_1aab01066cb85e03073d7e07434bacd75f" kindref="member">coo_perso</ref>;</highlight></codeline>
<codeline lineno="36" refid="struct_niveau_1aea8e77c4bd513c9eb638b43908658eb2" refkind="member"><highlight class="normal"><sp/><sp/><sp/><sp/></highlight><highlight class="keywordtype">unsigned</highlight><highlight class="normal"><sp/></highlight><highlight class="keywordtype">long</highlight><highlight class="normal"><sp/><ref refid="struct_niveau_1aea8e77c4bd513c9eb638b43908658eb2" kindref="member">allure_perso</ref>;</highlight></codeline>
<codeline lineno="38" refid="struct_niveau_1a749e23ff45e74ff70174d594d8cf8ff3" refkind="member"><highlight class="normal"><sp/><sp/><sp/><sp/></highlight><highlight class="keywordtype">unsigned</highlight><highlight class="normal"><sp/></highlight><highlight class="keywordtype">long</highlight><highlight class="normal"><sp/><ref refid="struct_niveau_1a749e23ff45e74ff70174d594d8cf8ff3" kindref="member">avance</ref>;</highlight></codeline>
<codeline lineno="40" refid="struct_niveau_1aec8c561ff045897a3b7896096284b810" refkind="member"><highlight class="normal"><sp/><sp/><sp/><sp/></highlight><highlight class="keywordtype">bool</highlight><highlight class="normal"><sp/><ref refid="struct_niveau_1aec8c561ff045897a3b7896096284b810" kindref="member">depl_perso_autorise</ref>;</highlight></codeline>
<codeline lineno="41"><highlight class="normal">}<sp/><ref refid="struct_niveau" kindref="compound">Niveau</ref>;</highlight></codeline>
<codeline lineno="42"><highlight class="normal"></highlight></codeline>
<codeline lineno="43"><highlight class="normal"></highlight></codeline>
<codeline lineno="47" refid="niveau_8h_1ac4644b17f3e1ef6482265dec47b16083" refkind="member"><highlight class="normal"><ref refid="struct_niveau" kindref="compound">Niveau</ref>*<sp/><ref refid="niveau_8h_1ac4644b17f3e1ef6482265dec47b16083" kindref="member">malloc_Niveau</ref><sp/>(<ref refid="struct_coordonnees" kindref="compound">Coordonnees</ref><sp/>taille);</highlight></codeline>
<codeline lineno="48"><highlight class="normal"></highlight></codeline>
<codeline lineno="49"><highlight class="normal"></highlight></codeline>
<codeline lineno="53" refid="niveau_8h_1ae25065ceb62d5d1cf369d087d4f97cb0" refkind="member"><highlight class="keywordtype">void</highlight><highlight class="normal"><sp/><ref refid="niveau_8h_1ae25065ceb62d5d1cf369d087d4f97cb0" kindref="member">free_Niveau</ref><sp/>(<ref refid="struct_niveau" kindref="compound">Niveau</ref>*<sp/>niveau);</highlight></codeline>
<codeline lineno="54"><highlight class="normal"></highlight></codeline>
<codeline lineno="55"><highlight class="normal"></highlight></codeline>
<codeline lineno="59" refid="niveau_8h_1a506b77aeb2a2b658f2a0ee11e3c979bf" refkind="member"><highlight class="normal"><ref refid="struct_niveau" kindref="compound">Niveau</ref>*<sp/><ref refid="niveau_8h_1a506b77aeb2a2b658f2a0ee11e3c979bf" kindref="member">niveau0</ref>();</highlight></codeline>
<codeline lineno="60"><highlight class="normal"></highlight></codeline>
<codeline lineno="61"><highlight class="normal"></highlight></codeline>
<codeline lineno="65" refid="niveau_8h_1a77127997ae9b89234fd44d0cbd9f8237" refkind="member"><highlight class="normal"><ref refid="struct_tas" kindref="compound">Tas</ref>*<sp/><ref refid="niveau_8h_1a77127997ae9b89234fd44d0cbd9f8237" kindref="member">construit_Tas</ref>(<ref refid="struct_niveau" kindref="compound">Niveau</ref>*<sp/>niveau);</highlight></codeline>
<codeline lineno="66"><highlight class="normal"></highlight></codeline>
<codeline lineno="67"><highlight class="normal"></highlight></codeline>
<codeline lineno="68"><highlight class="normal"></highlight></codeline>
<codeline lineno="72" refid="niveau_8h_1af5c5ee958853759839ff22861afac77e" refkind="member"><highlight class="keywordtype">int</highlight><highlight class="normal"><sp/><ref refid="niveau_8h_1af5c5ee958853759839ff22861afac77e" kindref="member">traite_evenement</ref>(<ref refid="struct_evenement" kindref="compound">Evenement</ref><sp/>e,<sp/><ref refid="struct_tas" kindref="compound">Tas</ref>*<sp/>tas,<sp/><ref refid="struct_niveau" kindref="compound">Niveau</ref>*<sp/>niveau);</highlight></codeline>
<codeline lineno="73"><highlight class="normal"></highlight></codeline>
<codeline lineno="74"><highlight class="normal"></highlight></codeline>
<codeline lineno="78" refid="niveau_8h_1aeb73b3cc60822927ece01fe2897433c0" refkind="member"><highlight class="keywordtype">void</highlight><highlight class="normal"><sp/><ref refid="niveau_8h_1aeb73b3cc60822927ece01fe2897433c0" kindref="member">affiche_Niveau</ref><sp/>(<ref refid="struct_niveau" kindref="compound">Niveau</ref>*<sp/>niveau);</highlight></codeline>
<codeline lineno="79"><highlight class="normal"></highlight></codeline>
<codeline lineno="80"><highlight class="normal"></highlight></codeline>
<codeline lineno="81"><highlight class="normal"></highlight></codeline>
<codeline lineno="85" refid="niveau_8h_1a2ae8939a0be64f4cf459ec51cc2bb852" refkind="member"><highlight class="keywordtype">void</highlight><highlight class="normal"><sp/><ref refid="niveau_8h_1a2ae8939a0be64f4cf459ec51cc2bb852" kindref="member">ajoute_projectile</ref>(<ref refid="struct_niveau" kindref="compound">Niveau</ref><sp/>*niveau,<sp/><ref refid="struct_tas" kindref="compound">Tas</ref>*<sp/>tas,<sp/><ref refid="struct_evenement" kindref="compound">Evenement</ref><sp/>e,<sp/><ref refid="coordonne_8h_1a224b9163917ac32fc95a60d8c1eec3aa" kindref="member">Direction</ref><sp/>dir,<sp/></highlight><highlight class="keywordtype">unsigned</highlight><highlight class="normal"><sp/></highlight><highlight class="keywordtype">long</highlight><highlight class="normal"><sp/>allu);</highlight></codeline>
<codeline lineno="86"><highlight class="normal"></highlight></codeline>
<codeline lineno="87"><highlight class="normal"></highlight></codeline>
<codeline lineno="88"><highlight class="normal"></highlight><highlight class="preprocessor">#endif</highlight></codeline>
    </programlisting>
    <location file="Cours/projet_final_algo/src/header/niveau.h"/>
  </compounddef>
</doxygen>
