<?xml version='1.0' encoding='UTF-8' standalone='no'?>
<doxygen xmlns:xsi="http://www.w3.org/2001/XMLSchema-instance" xsi:noNamespaceSchemaLocation="compound.xsd" version="1.8.20" xml:lang="fr">
  <compounddef id="objet_8h" kind="file" language="C++">
    <compoundname>objet.h</compoundname>
    <includes local="no">assert.h</includes>
    <includes local="no">stdlib.h</includes>
    <includes local="no">stdio.h</includes>
    <includes local="no">stdbool.h</includes>
    <includes refid="temps_8h" local="yes">temps.h</includes>
    <includes refid="coordonne_8h" local="yes">coordonne.h</includes>
    <includedby refid="moteur_8h" local="yes">Cours/projet_final_algo/src/header/moteur.h</includedby>
    <includedby refid="niveau_8h" local="yes">Cours/projet_final_algo/src/header/niveau.h</includedby>
    <incdepgraph>
      <node id="5">
        <label>stdbool.h</label>
      </node>
      <node id="7">
        <label>sys/select.h</label>
      </node>
      <node id="6">
        <label>temps.h</label>
        <link refid="temps_8h"/>
        <childnode refid="2" relation="include">
        </childnode>
        <childnode refid="3" relation="include">
        </childnode>
        <childnode refid="4" relation="include">
        </childnode>
        <childnode refid="7" relation="include">
        </childnode>
        <childnode refid="8" relation="include">
        </childnode>
      </node>
      <node id="2">
        <label>assert.h</label>
      </node>
      <node id="1">
        <label>Cours/projet_final_algo/src/header/objet.h</label>
        <link refid="objet_8h"/>
        <childnode refid="2" relation="include">
        </childnode>
        <childnode refid="3" relation="include">
        </childnode>
        <childnode refid="4" relation="include">
        </childnode>
        <childnode refid="5" relation="include">
        </childnode>
        <childnode refid="6" relation="include">
        </childnode>
        <childnode refid="9" relation="include">
        </childnode>
      </node>
      <node id="3">
        <label>stdlib.h</label>
      </node>
      <node id="9">
        <label>coordonne.h</label>
        <link refid="coordonne_8h"/>
        <childnode refid="2" relation="include">
        </childnode>
        <childnode refid="3" relation="include">
        </childnode>
        <childnode refid="4" relation="include">
        </childnode>
      </node>
      <node id="8">
        <label>time.h</label>
      </node>
      <node id="4">
        <label>stdio.h</label>
      </node>
    </incdepgraph>
    <invincdepgraph>
      <node id="2">
        <label>Cours/projet_final_algo/src/header/moteur.h</label>
        <link refid="moteur_8h"/>
      </node>
      <node id="5">
        <label>Cours/projet_final_algo/src/header/fichier.h</label>
        <link refid="fichier_8h"/>
        <childnode refid="2" relation="include">
        </childnode>
      </node>
      <node id="1">
        <label>Cours/projet_final_algo/src/header/objet.h</label>
        <link refid="objet_8h"/>
        <childnode refid="2" relation="include">
        </childnode>
        <childnode refid="3" relation="include">
        </childnode>
      </node>
      <node id="3">
        <label>Cours/projet_final_algo/src/header/niveau.h</label>
        <link refid="niveau_8h"/>
        <childnode refid="4" relation="include">
        </childnode>
        <childnode refid="5" relation="include">
        </childnode>
        <childnode refid="2" relation="include">
        </childnode>
      </node>
      <node id="4">
        <label>Cours/projet_final_algo/src/header/affiche.h</label>
        <link refid="affiche_8h"/>
        <childnode refid="2" relation="include">
        </childnode>
      </node>
    </invincdepgraph>
    <innerclass refid="struct_objet" prot="public">Objet</innerclass>
    <innerclass refid="struct_generation" prot="public">Generation</innerclass>
    <innerclass refid="struct_deplacement" prot="public">Deplacement</innerclass>
      <sectiondef kind="enum">
      <memberdef kind="enum" id="objet_8h_1a7f600ba87e874afa41c988ce5c0975ee" prot="public" static="no" strong="no">
        <type></type>
        <name>TypeObjet</name>
        <enumvalue id="objet_8h_1a7f600ba87e874afa41c988ce5c0975eead4686f4f969d0e851d9170c09a89a837" prot="public">
          <name>VIDE</name>
          <initializer>= 0</initializer>
          <briefdescription>
          </briefdescription>
          <detaileddescription>
          </detaileddescription>
        </enumvalue>
        <enumvalue id="objet_8h_1a7f600ba87e874afa41c988ce5c0975eeaf3da1e376b1042f00a07a21637eff63c" prot="public">
          <name>PERSONNAGE</name>
          <briefdescription>
          </briefdescription>
          <detaileddescription>
          </detaileddescription>
        </enumvalue>
        <enumvalue id="objet_8h_1a7f600ba87e874afa41c988ce5c0975eea22f853bba9ebb23d90508dc6496b746c" prot="public">
          <name>DESTINATION</name>
          <briefdescription>
          </briefdescription>
          <detaileddescription>
          </detaileddescription>
        </enumvalue>
        <enumvalue id="objet_8h_1a7f600ba87e874afa41c988ce5c0975eea4812eae6f742a8f18779779eeeffd570" prot="public">
          <name>MUR</name>
          <briefdescription>
          </briefdescription>
          <detaileddescription>
          </detaileddescription>
        </enumvalue>
        <enumvalue id="objet_8h_1a7f600ba87e874afa41c988ce5c0975eea85a3f6184e69ac3ab469706b61cd5d6c" prot="public">
          <name>LANCEUR</name>
          <briefdescription>
          </briefdescription>
          <detaileddescription>
          </detaileddescription>
        </enumvalue>
        <enumvalue id="objet_8h_1a7f600ba87e874afa41c988ce5c0975eea8801cf11e9d369feeb5db84413660623" prot="public">
          <name>PROJECTILE</name>
          <briefdescription>
          </briefdescription>
          <detaileddescription>
          </detaileddescription>
        </enumvalue>
        <briefdescription>
        </briefdescription>
        <detaileddescription>
<para>Type enumerer qui donne un nom a chaque éléments possible </para>
        </detaileddescription>
        <inbodydescription>
        </inbodydescription>
        <location file="Cours/projet_final_algo/src/header/objet.h" line="27" column="1" bodyfile="Cours/projet_final_algo/src/header/objet.h" bodystart="27" bodyend="34"/>
      </memberdef>
      </sectiondef>
      <sectiondef kind="func">
      <memberdef kind="function" id="objet_8h_1ad3820f7183ba0d7b2d009d2ec40cb6a4" prot="public" static="no" const="no" explicit="no" inline="no" virt="non-virtual">
        <type><ref refid="struct_generation" kindref="compound">Generation</ref> *</type>
        <definition>Generation* init_generation</definition>
        <argsstring>(unsigned long inter, unsigned long alu)</argsstring>
        <name>init_generation</name>
        <param>
          <type>unsigned long</type>
          <declname>inter</declname>
        </param>
        <param>
          <type>unsigned long</type>
          <declname>alu</declname>
        </param>
        <briefdescription>
        </briefdescription>
        <detaileddescription>
<para>Cree ,initialise et renvoie un type generation d&apos;un lenceur en fonction de l&apos;intervale de l&apos;encement des projectile et l&apos;allure de projectile qu&apos;il lance </para>
        </detaileddescription>
        <inbodydescription>
        </inbodydescription>
        <location file="Cours/projet_final_algo/src/header/objet.h" line="86" column="13" declfile="Cours/projet_final_algo/src/header/objet.h" declline="86" declcolumn="13"/>
      </memberdef>
      <memberdef kind="function" id="objet_8h_1a079e6ab6116bbd8db94f975f6560ec02" prot="public" static="no" const="no" explicit="no" inline="no" virt="non-virtual">
        <type><ref refid="struct_deplacement" kindref="compound">Deplacement</ref> *</type>
        <definition>Deplacement* init_deplac</definition>
        <argsstring>(Direction direc, unsigned long alu)</argsstring>
        <name>init_deplac</name>
        <param>
          <type><ref refid="coordonne_8h_1a224b9163917ac32fc95a60d8c1eec3aa" kindref="member">Direction</ref></type>
          <declname>direc</declname>
        </param>
        <param>
          <type>unsigned long</type>
          <declname>alu</declname>
        </param>
        <briefdescription>
        </briefdescription>
        <detaileddescription>
<para>Cree ,initialise et renvoie un type direction d&apos;un projectile avec la direction du projectile et son allure </para>
        </detaileddescription>
        <inbodydescription>
        </inbodydescription>
        <location file="Cours/projet_final_algo/src/header/objet.h" line="93" column="14" declfile="Cours/projet_final_algo/src/header/objet.h" declline="93" declcolumn="14"/>
      </memberdef>
      </sectiondef>
    <briefdescription>
<para>Projet final Algo des arbre Université Gustave Eiffel. </para>
    </briefdescription>
    <detaileddescription>
<para><simplesect kind="author"><para>Etienne Collet / Lyna Benaibouche</para>
</simplesect>
<simplesect kind="date"><para>4/04/2021 - 16/05/2021</para>
</simplesect>
Permet de gere les different objets </para>
    </detaileddescription>
    <programlisting>
<codeline lineno="1"></codeline>
<codeline lineno="12"><highlight class="preprocessor">#ifndef<sp/>__O__</highlight><highlight class="normal"></highlight></codeline>
<codeline lineno="13"><highlight class="normal"></highlight><highlight class="preprocessor">#define<sp/>__O__</highlight><highlight class="normal"></highlight></codeline>
<codeline lineno="14"><highlight class="normal"></highlight></codeline>
<codeline lineno="15"><highlight class="normal"></highlight><highlight class="preprocessor">#include<sp/>&lt;assert.h&gt;</highlight><highlight class="normal"></highlight></codeline>
<codeline lineno="16"><highlight class="normal"></highlight><highlight class="preprocessor">#include<sp/>&lt;stdlib.h&gt;</highlight><highlight class="normal"></highlight></codeline>
<codeline lineno="17"><highlight class="normal"></highlight><highlight class="preprocessor">#include<sp/>&lt;stdio.h&gt;</highlight><highlight class="normal"></highlight></codeline>
<codeline lineno="18"><highlight class="normal"></highlight><highlight class="preprocessor">#include<sp/>&lt;stdbool.h&gt;</highlight><highlight class="normal"></highlight></codeline>
<codeline lineno="19"><highlight class="normal"></highlight><highlight class="preprocessor">#include<sp/>&quot;<ref refid="temps_8h" kindref="compound">temps.h</ref>&quot;</highlight><highlight class="normal"></highlight></codeline>
<codeline lineno="20"><highlight class="normal"></highlight><highlight class="preprocessor">#include<sp/>&quot;<ref refid="coordonne_8h" kindref="compound">coordonne.h</ref>&quot;</highlight><highlight class="normal"></highlight></codeline>
<codeline lineno="21"><highlight class="normal"></highlight></codeline>
<codeline lineno="22"><highlight class="normal"></highlight></codeline>
<codeline lineno="27" refid="objet_8h_1a7f600ba87e874afa41c988ce5c0975ee" refkind="member"><highlight class="keyword">typedef</highlight><highlight class="normal"><sp/></highlight><highlight class="keyword">enum</highlight><highlight class="normal"><sp/>{</highlight></codeline>
<codeline lineno="28"><highlight class="normal"><sp/><sp/>VIDE<sp/>=<sp/>0,</highlight></codeline>
<codeline lineno="29"><highlight class="normal"><sp/><sp/>PERSONNAGE,</highlight></codeline>
<codeline lineno="30"><highlight class="normal"><sp/><sp/>DESTINATION,</highlight></codeline>
<codeline lineno="31"><highlight class="normal"><sp/><sp/>MUR,</highlight></codeline>
<codeline lineno="32"><highlight class="normal"><sp/><sp/>LANCEUR,</highlight></codeline>
<codeline lineno="33"><highlight class="normal"><sp/><sp/>PROJECTILE</highlight></codeline>
<codeline lineno="34"><highlight class="normal">}<sp/><ref refid="objet_8h_1a7f600ba87e874afa41c988ce5c0975ee" kindref="member">TypeObjet</ref>;</highlight></codeline>
<codeline lineno="35"><highlight class="normal"></highlight></codeline>
<codeline lineno="36"><highlight class="normal"></highlight></codeline>
<codeline lineno="41" refid="struct_objet" refkind="compound"><highlight class="keyword">typedef</highlight><highlight class="normal"><sp/></highlight><highlight class="keyword">struct<sp/></highlight><highlight class="normal">{</highlight></codeline>
<codeline lineno="45" refid="struct_objet_1ad2ede1665c8f37de9d2be68e8b0da293" refkind="member"><highlight class="normal"><sp/><sp/><sp/><sp/><ref refid="objet_8h_1a7f600ba87e874afa41c988ce5c0975ee" kindref="member">TypeObjet</ref><sp/><ref refid="struct_objet_1ad2ede1665c8f37de9d2be68e8b0da293" kindref="member">type</ref>;</highlight></codeline>
<codeline lineno="53" refid="struct_objet_1a0e1a9bacfc74dd710f07b7e6eab6837d" refkind="member"><highlight class="normal"><sp/><sp/><sp/><sp/></highlight><highlight class="keywordtype">void</highlight><highlight class="normal">*<sp/><ref refid="struct_objet_1a0e1a9bacfc74dd710f07b7e6eab6837d" kindref="member">donnee_suppl</ref>;</highlight></codeline>
<codeline lineno="54"><highlight class="normal">}<sp/><ref refid="struct_objet" kindref="compound">Objet</ref>;</highlight></codeline>
<codeline lineno="55"><highlight class="normal"></highlight></codeline>
<codeline lineno="56"><highlight class="normal"></highlight></codeline>
<codeline lineno="61" refid="struct_generation" refkind="compound"><highlight class="keyword">typedef</highlight><highlight class="normal"><sp/></highlight><highlight class="keyword">struct<sp/></highlight><highlight class="normal">{</highlight></codeline>
<codeline lineno="63" refid="struct_generation_1a895caee6dc8550d225b534caed64202a" refkind="member"><highlight class="normal"><sp/><sp/><sp/><sp/></highlight><highlight class="keywordtype">unsigned</highlight><highlight class="normal"><sp/></highlight><highlight class="keywordtype">long</highlight><highlight class="normal"><sp/><ref refid="struct_generation_1a895caee6dc8550d225b534caed64202a" kindref="member">intervalle</ref>;</highlight></codeline>
<codeline lineno="65" refid="struct_generation_1a415e7b0b90dc92593cae7f58b6722671" refkind="member"><highlight class="normal"><sp/><sp/><sp/><sp/></highlight><highlight class="keywordtype">unsigned</highlight><highlight class="normal"><sp/></highlight><highlight class="keywordtype">long</highlight><highlight class="normal"><sp/><ref refid="struct_generation_1a415e7b0b90dc92593cae7f58b6722671" kindref="member">allure_proj</ref>;</highlight></codeline>
<codeline lineno="66"><highlight class="normal">}<sp/><ref refid="struct_generation" kindref="compound">Generation</ref>;</highlight></codeline>
<codeline lineno="67"><highlight class="normal"></highlight></codeline>
<codeline lineno="68"><highlight class="normal"></highlight></codeline>
<codeline lineno="73" refid="struct_deplacement" refkind="compound"><highlight class="keyword">typedef</highlight><highlight class="normal"><sp/></highlight><highlight class="keyword">struct<sp/></highlight><highlight class="normal">{</highlight></codeline>
<codeline lineno="75" refid="struct_deplacement_1a53421c695d00016ab925777d423b4eb6" refkind="member"><highlight class="normal"><sp/><sp/><sp/><sp/><ref refid="coordonne_8h_1a224b9163917ac32fc95a60d8c1eec3aa" kindref="member">Direction</ref><sp/><ref refid="struct_deplacement_1a53421c695d00016ab925777d423b4eb6" kindref="member">direction</ref>;</highlight></codeline>
<codeline lineno="77" refid="struct_deplacement_1ab22d9d18478fccc639e1000fb3edeb89" refkind="member"><highlight class="normal"><sp/><sp/><sp/><sp/></highlight><highlight class="keywordtype">unsigned</highlight><highlight class="normal"><sp/></highlight><highlight class="keywordtype">long</highlight><highlight class="normal"><sp/><ref refid="struct_deplacement_1ab22d9d18478fccc639e1000fb3edeb89" kindref="member">allure</ref>;</highlight></codeline>
<codeline lineno="78"><highlight class="normal">}<sp/><ref refid="struct_deplacement" kindref="compound">Deplacement</ref>;</highlight></codeline>
<codeline lineno="79"><highlight class="normal"></highlight></codeline>
<codeline lineno="80"><highlight class="normal"></highlight></codeline>
<codeline lineno="86" refid="objet_8h_1ad3820f7183ba0d7b2d009d2ec40cb6a4" refkind="member"><highlight class="normal"><ref refid="struct_generation" kindref="compound">Generation</ref><sp/>*<sp/><ref refid="objet_8h_1ad3820f7183ba0d7b2d009d2ec40cb6a4" kindref="member">init_generation</ref>(</highlight><highlight class="keywordtype">unsigned</highlight><highlight class="normal"><sp/></highlight><highlight class="keywordtype">long</highlight><highlight class="normal"><sp/>inter,<sp/></highlight><highlight class="keywordtype">unsigned</highlight><highlight class="normal"><sp/></highlight><highlight class="keywordtype">long</highlight><highlight class="normal"><sp/>alu);</highlight></codeline>
<codeline lineno="87"><highlight class="normal"></highlight></codeline>
<codeline lineno="88"><highlight class="normal"></highlight></codeline>
<codeline lineno="93" refid="objet_8h_1a079e6ab6116bbd8db94f975f6560ec02" refkind="member"><highlight class="normal"><ref refid="struct_deplacement" kindref="compound">Deplacement</ref><sp/>*<sp/><ref refid="objet_8h_1a079e6ab6116bbd8db94f975f6560ec02" kindref="member">init_deplac</ref>(<ref refid="coordonne_8h_1a224b9163917ac32fc95a60d8c1eec3aa" kindref="member">Direction</ref><sp/>direc,<sp/></highlight><highlight class="keywordtype">unsigned</highlight><highlight class="normal"><sp/></highlight><highlight class="keywordtype">long</highlight><highlight class="normal"><sp/>alu);</highlight></codeline>
<codeline lineno="94"><highlight class="normal"></highlight></codeline>
<codeline lineno="95"><highlight class="normal"></highlight><highlight class="preprocessor">#endif</highlight></codeline>
    </programlisting>
    <location file="Cours/projet_final_algo/src/header/objet.h"/>
  </compounddef>
</doxygen>
