<?xml version='1.0' encoding='UTF-8' standalone='no'?>
<doxygen xmlns:xsi="http://www.w3.org/2001/XMLSchema-instance" xsi:noNamespaceSchemaLocation="compound.xsd" version="1.8.20" xml:lang="fr">
  <compounddef id="objet_8c" kind="file" language="C++">
    <compoundname>objet.c</compoundname>
    <includes local="yes">../header/objet.h</includes>
    <incdepgraph>
      <node id="1">
        <label>Cours/projet_final_algo/src/objet.c</label>
        <link refid="objet_8c"/>
        <childnode refid="2" relation="include">
        </childnode>
      </node>
      <node id="2">
        <label>../header/objet.h</label>
      </node>
    </incdepgraph>
      <sectiondef kind="func">
      <memberdef kind="function" id="objet_8c_1ad3820f7183ba0d7b2d009d2ec40cb6a4" prot="public" static="no" const="no" explicit="no" inline="no" virt="non-virtual">
        <type><ref refid="struct_generation" kindref="compound">Generation</ref> *</type>
        <definition>Generation* init_generation</definition>
        <argsstring>(unsigned long inter, unsigned long alu)</argsstring>
        <name>init_generation</name>
        <param>
          <type>unsigned long</type>
          <declname>inter</declname>
        </param>
        <param>
          <type>unsigned long</type>
          <declname>alu</declname>
        </param>
        <briefdescription>
        </briefdescription>
        <detaileddescription>
<para><ref refid="objet_8c" kindref="compound">objet.c</ref> Etienne Collet / Lyna Benaibouche</para>
<para>commencer le : 4/04/2021 fini le : ??</para>
<para>Projet final Algo des arbre Université Gustave Eiffel</para>
<para>permet de gere les different objets </para>
        </detaileddescription>
        <inbodydescription>
        </inbodydescription>
        <location file="Cours/projet_final_algo/src/objet.c" line="16" column="13" bodyfile="Cours/projet_final_algo/src/objet.c" bodystart="16" bodyend="26"/>
      </memberdef>
      <memberdef kind="function" id="objet_8c_1a079e6ab6116bbd8db94f975f6560ec02" prot="public" static="no" const="no" explicit="no" inline="no" virt="non-virtual">
        <type><ref refid="struct_deplacement" kindref="compound">Deplacement</ref> *</type>
        <definition>Deplacement* init_deplac</definition>
        <argsstring>(Direction direc, unsigned long alu)</argsstring>
        <name>init_deplac</name>
        <param>
          <type><ref refid="coordonne_8h_1a224b9163917ac32fc95a60d8c1eec3aa" kindref="member">Direction</ref></type>
          <declname>direc</declname>
        </param>
        <param>
          <type>unsigned long</type>
          <declname>alu</declname>
        </param>
        <briefdescription>
        </briefdescription>
        <detaileddescription>
<para>cree ,initialise et renvoie un type direction d&apos;un projectile avec la direction du projectile et son allure </para>
        </detaileddescription>
        <inbodydescription>
        </inbodydescription>
        <location file="Cours/projet_final_algo/src/objet.c" line="29" column="14" bodyfile="Cours/projet_final_algo/src/objet.c" bodystart="29" bodyend="39"/>
      </memberdef>
      </sectiondef>
    <briefdescription>
    </briefdescription>
    <detaileddescription>
    </detaileddescription>
    <programlisting>
<codeline lineno="1"></codeline>
<codeline lineno="13"><highlight class="preprocessor">#include<sp/>&quot;../header/objet.h&quot;</highlight><highlight class="normal"></highlight></codeline>
<codeline lineno="14"><highlight class="normal"></highlight></codeline>
<codeline lineno="15"><highlight class="normal"></highlight></codeline>
<codeline lineno="16" refid="objet_8c_1ad3820f7183ba0d7b2d009d2ec40cb6a4" refkind="member"><highlight class="normal"><ref refid="struct_generation" kindref="compound">Generation</ref><sp/>*<sp/><ref refid="objet_8c_1ad3820f7183ba0d7b2d009d2ec40cb6a4" kindref="member">init_generation</ref>(</highlight><highlight class="keywordtype">unsigned</highlight><highlight class="normal"><sp/></highlight><highlight class="keywordtype">long</highlight><highlight class="normal"><sp/>inter,<sp/></highlight><highlight class="keywordtype">unsigned</highlight><highlight class="normal"><sp/></highlight><highlight class="keywordtype">long</highlight><highlight class="normal"><sp/>alu){</highlight></codeline>
<codeline lineno="17"><highlight class="normal"><sp/><sp/><sp/><sp/><ref refid="struct_generation" kindref="compound">Generation</ref><sp/>*<sp/>nouv<sp/>=<sp/>NULL;</highlight></codeline>
<codeline lineno="18"><highlight class="normal"></highlight></codeline>
<codeline lineno="19"><highlight class="normal"><sp/><sp/><sp/><sp/>nouv<sp/>=<sp/>(<ref refid="struct_generation" kindref="compound">Generation</ref>*)malloc(</highlight><highlight class="keyword">sizeof</highlight><highlight class="normal">(<ref refid="struct_generation" kindref="compound">Generation</ref>));</highlight></codeline>
<codeline lineno="20"><highlight class="normal"><sp/><sp/><sp/><sp/></highlight><highlight class="keywordflow">if</highlight><highlight class="normal">(nouv<sp/>==<sp/>NULL){</highlight></codeline>
<codeline lineno="21"><highlight class="normal"><sp/><sp/><sp/><sp/><sp/><sp/><sp/><sp/></highlight><highlight class="keywordflow">return</highlight><highlight class="normal"><sp/>nouv;</highlight></codeline>
<codeline lineno="22"><highlight class="normal"><sp/><sp/><sp/><sp/>}</highlight></codeline>
<codeline lineno="23"><highlight class="normal"><sp/><sp/><sp/><sp/>nouv<sp/>-&gt;<sp/>intervalle<sp/>=<sp/>inter;</highlight></codeline>
<codeline lineno="24"><highlight class="normal"><sp/><sp/><sp/><sp/>nouv<sp/>-&gt;<sp/>allure_proj<sp/>=<sp/>alu;</highlight></codeline>
<codeline lineno="25"><highlight class="normal"><sp/><sp/><sp/><sp/></highlight><highlight class="keywordflow">return</highlight><highlight class="normal"><sp/>nouv;</highlight></codeline>
<codeline lineno="26"><highlight class="normal">}</highlight></codeline>
<codeline lineno="27"><highlight class="normal"></highlight></codeline>
<codeline lineno="28"><highlight class="normal"></highlight></codeline>
<codeline lineno="29" refid="objet_8c_1a079e6ab6116bbd8db94f975f6560ec02" refkind="member"><highlight class="normal"><ref refid="struct_deplacement" kindref="compound">Deplacement</ref><sp/>*<sp/><ref refid="objet_8c_1a079e6ab6116bbd8db94f975f6560ec02" kindref="member">init_deplac</ref>(<ref refid="coordonne_8h_1a224b9163917ac32fc95a60d8c1eec3aa" kindref="member">Direction</ref><sp/>direc,<sp/></highlight><highlight class="keywordtype">unsigned</highlight><highlight class="normal"><sp/></highlight><highlight class="keywordtype">long</highlight><highlight class="normal"><sp/>alu){</highlight></codeline>
<codeline lineno="30"><highlight class="normal"><sp/><sp/><sp/><sp/><ref refid="struct_deplacement" kindref="compound">Deplacement</ref><sp/>*<sp/>nouv<sp/>=<sp/>NULL;</highlight></codeline>
<codeline lineno="31"><highlight class="normal"></highlight></codeline>
<codeline lineno="32"><highlight class="normal"><sp/><sp/><sp/><sp/>nouv<sp/>=<sp/>(<ref refid="struct_deplacement" kindref="compound">Deplacement</ref>*)malloc(</highlight><highlight class="keyword">sizeof</highlight><highlight class="normal">(<ref refid="struct_deplacement" kindref="compound">Deplacement</ref>));</highlight></codeline>
<codeline lineno="33"><highlight class="normal"><sp/><sp/><sp/><sp/></highlight><highlight class="keywordflow">if</highlight><highlight class="normal">(nouv<sp/>==<sp/>NULL){</highlight></codeline>
<codeline lineno="34"><highlight class="normal"><sp/><sp/><sp/><sp/><sp/><sp/><sp/><sp/></highlight><highlight class="keywordflow">return</highlight><highlight class="normal"><sp/>nouv;</highlight></codeline>
<codeline lineno="35"><highlight class="normal"><sp/><sp/><sp/><sp/>}</highlight></codeline>
<codeline lineno="36"><highlight class="normal"><sp/><sp/><sp/><sp/>nouv<sp/>-&gt;<sp/>direction<sp/>=<sp/>direc;</highlight></codeline>
<codeline lineno="37"><highlight class="normal"><sp/><sp/><sp/><sp/>nouv<sp/>-&gt;<sp/>allure<sp/>=<sp/>alu;</highlight></codeline>
<codeline lineno="38"><highlight class="normal"><sp/><sp/><sp/><sp/></highlight><highlight class="keywordflow">return</highlight><highlight class="normal"><sp/>nouv;</highlight></codeline>
<codeline lineno="39"><highlight class="normal">}</highlight></codeline>
    </programlisting>
    <location file="Cours/projet_final_algo/src/objet.c"/>
  </compounddef>
</doxygen>
