<?xml version='1.0' encoding='UTF-8' standalone='no'?>
<doxygen xmlns:xsi="http://www.w3.org/2001/XMLSchema-instance" xsi:noNamespaceSchemaLocation="compound.xsd" version="1.8.20" xml:lang="fr">
  <compounddef id="struct_coordonnees" kind="struct" language="C++" prot="public">
    <compoundname>Coordonnees</compoundname>
    <includes refid="coordonne_8h" local="no">coordonne.h</includes>
      <sectiondef kind="public-attrib">
      <memberdef kind="variable" id="struct_coordonnees_1a676e0da0ef83bbbdf42538e54b97506b" prot="public" static="no" mutable="no">
        <type>unsigned int</type>
        <definition>unsigned int x</definition>
        <argsstring></argsstring>
        <name>x</name>
        <briefdescription>
        </briefdescription>
        <detaileddescription>
        </detaileddescription>
        <inbodydescription>
        </inbodydescription>
        <location file="Cours/projet_final_algo/src/header/coordonne.h" line="37" column="16" bodyfile="Cours/projet_final_algo/src/header/coordonne.h" bodystart="37" bodyend="-1"/>
      </memberdef>
      <memberdef kind="variable" id="struct_coordonnees_1ac30de26db5f6d1c18c63913729adca7d" prot="public" static="no" mutable="no">
        <type>unsigned int</type>
        <definition>unsigned int y</definition>
        <argsstring></argsstring>
        <name>y</name>
        <briefdescription>
        </briefdescription>
        <detaileddescription>
        </detaileddescription>
        <inbodydescription>
        </inbodydescription>
        <location file="Cours/projet_final_algo/src/header/coordonne.h" line="38" column="16" bodyfile="Cours/projet_final_algo/src/header/coordonne.h" bodystart="38" bodyend="-1"/>
      </memberdef>
      </sectiondef>
    <briefdescription>
<para>Type qui caracterise par x et y les coordonne d&apos;un point dans un plan a deux dimention. </para>
    </briefdescription>
    <detaileddescription>
    </detaileddescription>
    <location file="Cours/projet_final_algo/src/header/coordonne.h" line="36" column="1" bodyfile="Cours/projet_final_algo/src/header/coordonne.h" bodystart="36" bodyend="39"/>
    <listofallmembers>
      <member refid="struct_coordonnees_1a676e0da0ef83bbbdf42538e54b97506b" prot="public" virt="non-virtual"><scope>Coordonnees</scope><name>x</name></member>
      <member refid="struct_coordonnees_1ac30de26db5f6d1c18c63913729adca7d" prot="public" virt="non-virtual"><scope>Coordonnees</scope><name>y</name></member>
    </listofallmembers>
  </compounddef>
</doxygen>
