<?xml version='1.0' encoding='UTF-8' standalone='no'?>
<doxygen xmlns:xsi="http://www.w3.org/2001/XMLSchema-instance" xsi:noNamespaceSchemaLocation="compound.xsd" version="1.8.20" xml:lang="fr">
  <compounddef id="struct_generation" kind="struct" language="C++" prot="public">
    <compoundname>Generation</compoundname>
    <includes refid="objet_8h" local="no">objet.h</includes>
      <sectiondef kind="public-attrib">
      <memberdef kind="variable" id="struct_generation_1a895caee6dc8550d225b534caed64202a" prot="public" static="no" mutable="no">
        <type>unsigned long</type>
        <definition>unsigned long intervalle</definition>
        <argsstring></argsstring>
        <name>intervalle</name>
        <briefdescription>
        </briefdescription>
        <detaileddescription>
<para>Intervalle entre deux envois de projectiles </para>
        </detaileddescription>
        <inbodydescription>
        </inbodydescription>
        <location file="Cours/projet_final_algo/src/header/objet.h" line="63" column="19" bodyfile="Cours/projet_final_algo/src/header/objet.h" bodystart="63" bodyend="-1"/>
      </memberdef>
      <memberdef kind="variable" id="struct_generation_1a415e7b0b90dc92593cae7f58b6722671" prot="public" static="no" mutable="no">
        <type>unsigned long</type>
        <definition>unsigned long allure_proj</definition>
        <argsstring></argsstring>
        <name>allure_proj</name>
        <briefdescription>
        </briefdescription>
        <detaileddescription>
<para>Allure des projectiles envoyes </para>
        </detaileddescription>
        <inbodydescription>
        </inbodydescription>
        <location file="Cours/projet_final_algo/src/header/objet.h" line="65" column="19" bodyfile="Cours/projet_final_algo/src/header/objet.h" bodystart="65" bodyend="-1"/>
      </memberdef>
      </sectiondef>
    <briefdescription>
<para>Définie l&apos;intervalle de la generation et l&apos;allure des objet generé </para>
    </briefdescription>
    <detaileddescription>
    </detaileddescription>
    <location file="Cours/projet_final_algo/src/header/objet.h" line="61" column="1" bodyfile="Cours/projet_final_algo/src/header/objet.h" bodystart="61" bodyend="66"/>
    <listofallmembers>
      <member refid="struct_generation_1a415e7b0b90dc92593cae7f58b6722671" prot="public" virt="non-virtual"><scope>Generation</scope><name>allure_proj</name></member>
      <member refid="struct_generation_1a895caee6dc8550d225b534caed64202a" prot="public" virt="non-virtual"><scope>Generation</scope><name>intervalle</name></member>
    </listofallmembers>
  </compounddef>
</doxygen>
