<?xml version='1.0' encoding='UTF-8' standalone='no'?>
<doxygen xmlns:xsi="http://www.w3.org/2001/XMLSchema-instance" xsi:noNamespaceSchemaLocation="compound.xsd" version="1.8.20" xml:lang="fr">
  <compounddef id="struct_niveaux" kind="struct" language="C++" prot="public">
    <compoundname>Niveaux</compoundname>
    <includes refid="niveau_8h" local="no">niveau.h</includes>
    <briefdescription>
<para>structure qui defini un niveaux </para>
    </briefdescription>
    <detaileddescription>
<para>un boolein qui indique si le personnage peut se deplacer </para>
    </detaileddescription>
    <location file="Cours/projet_final_algo/src/header/niveau.h" line="25" column="1"/>
    <listofallmembers>
    </listofallmembers>
  </compounddef>
</doxygen>
