<?xml version='1.0' encoding='UTF-8' standalone='no'?>
<doxygen xmlns:xsi="http://www.w3.org/2001/XMLSchema-instance" xsi:noNamespaceSchemaLocation="compound.xsd" version="1.8.20" xml:lang="fr">
  <compounddef id="struct_deplacement" kind="struct" language="C++" prot="public">
    <compoundname>Deplacement</compoundname>
    <includes refid="objet_8h" local="no">objet.h</includes>
      <sectiondef kind="public-attrib">
      <memberdef kind="variable" id="struct_deplacement_1a53421c695d00016ab925777d423b4eb6" prot="public" static="no" mutable="no">
        <type><ref refid="coordonne_8h_1a224b9163917ac32fc95a60d8c1eec3aa" kindref="member">Direction</ref></type>
        <definition>Direction direction</definition>
        <argsstring></argsstring>
        <name>direction</name>
        <briefdescription>
        </briefdescription>
        <detaileddescription>
<para>Direction du deplacement </para>
        </detaileddescription>
        <inbodydescription>
        </inbodydescription>
        <location file="Cours/projet_final_algo/src/header/objet.h" line="75" column="15" bodyfile="Cours/projet_final_algo/src/header/objet.h" bodystart="75" bodyend="-1"/>
      </memberdef>
      <memberdef kind="variable" id="struct_deplacement_1ab22d9d18478fccc639e1000fb3edeb89" prot="public" static="no" mutable="no">
        <type>unsigned long</type>
        <definition>unsigned long allure</definition>
        <argsstring></argsstring>
        <name>allure</name>
        <briefdescription>
        </briefdescription>
        <detaileddescription>
<para>Allure du deplacement </para>
        </detaileddescription>
        <inbodydescription>
        </inbodydescription>
        <location file="Cours/projet_final_algo/src/header/objet.h" line="77" column="19" bodyfile="Cours/projet_final_algo/src/header/objet.h" bodystart="77" bodyend="-1"/>
      </memberdef>
      </sectiondef>
    <briefdescription>
<para>Définie l&apos;allure des objet concerner et leur direction. </para>
    </briefdescription>
    <detaileddescription>
    </detaileddescription>
    <location file="Cours/projet_final_algo/src/header/objet.h" line="73" column="1" bodyfile="Cours/projet_final_algo/src/header/objet.h" bodystart="73" bodyend="78"/>
    <listofallmembers>
      <member refid="struct_deplacement_1ab22d9d18478fccc639e1000fb3edeb89" prot="public" virt="non-virtual"><scope>Deplacement</scope><name>allure</name></member>
      <member refid="struct_deplacement_1a53421c695d00016ab925777d423b4eb6" prot="public" virt="non-virtual"><scope>Deplacement</scope><name>direction</name></member>
    </listofallmembers>
  </compounddef>
</doxygen>
