<?xml version='1.0' encoding='UTF-8' standalone='no'?>
<doxygen xmlns:xsi="http://www.w3.org/2001/XMLSchema-instance" xsi:noNamespaceSchemaLocation="compound.xsd" version="1.8.20" xml:lang="fr">
  <compounddef id="struct_tas" kind="struct" language="C++" prot="public">
    <compoundname>Tas</compoundname>
    <includes refid="tas_8h" local="no">tas.h</includes>
      <sectiondef kind="public-attrib">
      <memberdef kind="variable" id="struct_tas_1ae5b063c5388157c3c04a0937d52fbeed" prot="public" static="no" mutable="no">
        <type>unsigned int</type>
        <definition>unsigned int taille</definition>
        <argsstring></argsstring>
        <name>taille</name>
        <briefdescription>
        </briefdescription>
        <detaileddescription>
<para>Taille du tas </para>
        </detaileddescription>
        <inbodydescription>
        </inbodydescription>
        <location file="Cours/projet_final_algo/src/header/tas.h" line="41" column="18" bodyfile="Cours/projet_final_algo/src/header/tas.h" bodystart="41" bodyend="-1"/>
      </memberdef>
      <memberdef kind="variable" id="struct_tas_1ac3e3c7196292bbc416a904d29ee638c8" prot="public" static="no" mutable="no">
        <type>unsigned int</type>
        <definition>unsigned int capacite</definition>
        <argsstring></argsstring>
        <name>capacite</name>
        <briefdescription>
        </briefdescription>
        <detaileddescription>
<para>Une capaciter maximale </para>
        </detaileddescription>
        <inbodydescription>
        </inbodydescription>
        <location file="Cours/projet_final_algo/src/header/tas.h" line="43" column="18" bodyfile="Cours/projet_final_algo/src/header/tas.h" bodystart="43" bodyend="-1"/>
      </memberdef>
      <memberdef kind="variable" id="struct_tas_1a4eef4509b8e3561b694a66ac2578e4fc" prot="public" static="no" mutable="no">
        <type><ref refid="struct_evenement" kindref="compound">Evenement</ref> *</type>
        <definition>Evenement* valeurs</definition>
        <argsstring></argsstring>
        <name>valeurs</name>
        <briefdescription>
        </briefdescription>
        <detaileddescription>
<para>Un tableaux des differente valeurs </para>
        </detaileddescription>
        <inbodydescription>
        </inbodydescription>
        <location file="Cours/projet_final_algo/src/header/tas.h" line="45" column="15" bodyfile="Cours/projet_final_algo/src/header/tas.h" bodystart="45" bodyend="-1"/>
      </memberdef>
      </sectiondef>
    <briefdescription>
<para>Définie un tas avec. </para>
    </briefdescription>
    <detaileddescription>
    </detaileddescription>
    <collaborationgraph>
      <node id="3">
        <label>Coordonnees</label>
        <link refid="struct_coordonnees"/>
      </node>
      <node id="2">
        <label>Evenement</label>
        <link refid="struct_evenement"/>
        <childnode refid="3" relation="usage">
          <edgelabel>coo_obj</edgelabel>
        </childnode>
      </node>
      <node id="1">
        <label>Tas</label>
        <link refid="struct_tas"/>
        <childnode refid="2" relation="usage">
          <edgelabel>valeurs</edgelabel>
        </childnode>
      </node>
    </collaborationgraph>
    <location file="Cours/projet_final_algo/src/header/tas.h" line="39" column="1" bodyfile="Cours/projet_final_algo/src/header/tas.h" bodystart="39" bodyend="46"/>
    <listofallmembers>
      <member refid="struct_tas_1ac3e3c7196292bbc416a904d29ee638c8" prot="public" virt="non-virtual"><scope>Tas</scope><name>capacite</name></member>
      <member refid="struct_tas_1ae5b063c5388157c3c04a0937d52fbeed" prot="public" virt="non-virtual"><scope>Tas</scope><name>taille</name></member>
      <member refid="struct_tas_1a4eef4509b8e3561b694a66ac2578e4fc" prot="public" virt="non-virtual"><scope>Tas</scope><name>valeurs</name></member>
    </listofallmembers>
  </compounddef>
</doxygen>
