<?xml version='1.0' encoding='UTF-8' standalone='no'?>
<doxygen xmlns:xsi="http://www.w3.org/2001/XMLSchema-instance" xsi:noNamespaceSchemaLocation="compound.xsd" version="1.8.20" xml:lang="fr">
  <compounddef id="struct_objet" kind="struct" language="C++" prot="public">
    <compoundname>Objet</compoundname>
    <includes refid="objet_8h" local="no">objet.h</includes>
      <sectiondef kind="public-attrib">
      <memberdef kind="variable" id="struct_objet_1ad2ede1665c8f37de9d2be68e8b0da293" prot="public" static="no" mutable="no">
        <type><ref refid="objet_8h_1a7f600ba87e874afa41c988ce5c0975ee" kindref="member">TypeObjet</ref></type>
        <definition>TypeObjet type</definition>
        <argsstring></argsstring>
        <name>type</name>
        <briefdescription>
        </briefdescription>
        <detaileddescription>
<para>Type de l&apos;objet </para>
        </detaileddescription>
        <inbodydescription>
        </inbodydescription>
        <location file="Cours/projet_final_algo/src/header/objet.h" line="45" column="15" bodyfile="Cours/projet_final_algo/src/header/objet.h" bodystart="45" bodyend="-1"/>
      </memberdef>
      <memberdef kind="variable" id="struct_objet_1a0e1a9bacfc74dd710f07b7e6eab6837d" prot="public" static="no" mutable="no">
        <type>void *</type>
        <definition>void* donnee_suppl</definition>
        <argsstring></argsstring>
        <name>donnee_suppl</name>
        <briefdescription>
        </briefdescription>
        <detaileddescription>
<para>Donnee supplementaire: son type depend de <computeroutput>type</computeroutput> ci-dessus:<itemizedlist>
<listitem><para>Deplacement* si type == PROJECTILE</para>
</listitem><listitem><para>Generation* si type == LANCEUR</para>
</listitem><listitem><para>donnee_suppl vaut NULL pour les autres types. </para>
</listitem></itemizedlist>
</para>
        </detaileddescription>
        <inbodydescription>
        </inbodydescription>
        <location file="Cours/projet_final_algo/src/header/objet.h" line="53" column="10" bodyfile="Cours/projet_final_algo/src/header/objet.h" bodystart="53" bodyend="-1"/>
      </memberdef>
      </sectiondef>
    <briefdescription>
<para>Définie un objet du decord et lui ratache possiblement des donnée complementaire. </para>
    </briefdescription>
    <detaileddescription>
    </detaileddescription>
    <location file="Cours/projet_final_algo/src/header/objet.h" line="41" column="1" bodyfile="Cours/projet_final_algo/src/header/objet.h" bodystart="41" bodyend="54"/>
    <listofallmembers>
      <member refid="struct_objet_1a0e1a9bacfc74dd710f07b7e6eab6837d" prot="public" virt="non-virtual"><scope>Objet</scope><name>donnee_suppl</name></member>
      <member refid="struct_objet_1ad2ede1665c8f37de9d2be68e8b0da293" prot="public" virt="non-virtual"><scope>Objet</scope><name>type</name></member>
    </listofallmembers>
  </compounddef>
</doxygen>
