<?xml version='1.0' encoding='UTF-8' standalone='no'?>
<doxygen xmlns:xsi="http://www.w3.org/2001/XMLSchema-instance" xsi:noNamespaceSchemaLocation="compound.xsd" version="1.8.20" xml:lang="fr">
  <compounddef id="struct_niveau" kind="struct" language="C++" prot="public">
    <compoundname>Niveau</compoundname>
    <includes refid="niveau_8h" local="no">niveau.h</includes>
      <sectiondef kind="public-attrib">
      <memberdef kind="variable" id="struct_niveau_1af076646aa742df2ddb6ee9a55c4d1522" prot="public" static="no" mutable="no">
        <type><ref refid="struct_coordonnees" kindref="compound">Coordonnees</ref></type>
        <definition>Coordonnees taille</definition>
        <argsstring></argsstring>
        <name>taille</name>
        <briefdescription>
        </briefdescription>
        <detaileddescription>
<para>avec la taille du niveaux </para>
        </detaileddescription>
        <inbodydescription>
        </inbodydescription>
        <location file="Cours/projet_final_algo/src/header/niveau.h" line="30" column="17" bodyfile="Cours/projet_final_algo/src/header/niveau.h" bodystart="30" bodyend="-1"/>
      </memberdef>
      <memberdef kind="variable" id="struct_niveau_1aaf59e865ecf0b7be17e7fc514867c05e" prot="public" static="no" mutable="no">
        <type><ref refid="struct_objet" kindref="compound">Objet</ref> **</type>
        <definition>Objet** objets</definition>
        <argsstring></argsstring>
        <name>objets</name>
        <briefdescription>
        </briefdescription>
        <detaileddescription>
<para>un tableaux des objet du niveaux </para>
        </detaileddescription>
        <inbodydescription>
        </inbodydescription>
        <location file="Cours/projet_final_algo/src/header/niveau.h" line="32" column="11" bodyfile="Cours/projet_final_algo/src/header/niveau.h" bodystart="32" bodyend="-1"/>
      </memberdef>
      <memberdef kind="variable" id="struct_niveau_1aab01066cb85e03073d7e07434bacd75f" prot="public" static="no" mutable="no">
        <type><ref refid="struct_coordonnees" kindref="compound">Coordonnees</ref></type>
        <definition>Coordonnees coo_perso</definition>
        <argsstring></argsstring>
        <name>coo_perso</name>
        <briefdescription>
        </briefdescription>
        <detaileddescription>
<para>les coordonnee du personnage </para>
        </detaileddescription>
        <inbodydescription>
        </inbodydescription>
        <location file="Cours/projet_final_algo/src/header/niveau.h" line="34" column="17" bodyfile="Cours/projet_final_algo/src/header/niveau.h" bodystart="34" bodyend="-1"/>
      </memberdef>
      <memberdef kind="variable" id="struct_niveau_1aea8e77c4bd513c9eb638b43908658eb2" prot="public" static="no" mutable="no">
        <type>unsigned long</type>
        <definition>unsigned long allure_perso</definition>
        <argsstring></argsstring>
        <name>allure_perso</name>
        <briefdescription>
        </briefdescription>
        <detaileddescription>
<para>l&apos;allure du personnage </para>
        </detaileddescription>
        <inbodydescription>
        </inbodydescription>
        <location file="Cours/projet_final_algo/src/header/niveau.h" line="36" column="19" bodyfile="Cours/projet_final_algo/src/header/niveau.h" bodystart="36" bodyend="-1"/>
      </memberdef>
      <memberdef kind="variable" id="struct_niveau_1a749e23ff45e74ff70174d594d8cf8ff3" prot="public" static="no" mutable="no">
        <type>unsigned long</type>
        <definition>unsigned long avance</definition>
        <argsstring></argsstring>
        <name>avance</name>
        <briefdescription>
        </briefdescription>
        <detaileddescription>
<para>le dernier moment ou le personnage a bouger </para>
        </detaileddescription>
        <inbodydescription>
        </inbodydescription>
        <location file="Cours/projet_final_algo/src/header/niveau.h" line="38" column="19" bodyfile="Cours/projet_final_algo/src/header/niveau.h" bodystart="38" bodyend="-1"/>
      </memberdef>
      <memberdef kind="variable" id="struct_niveau_1aec8c561ff045897a3b7896096284b810" prot="public" static="no" mutable="no">
        <type>bool</type>
        <definition>bool depl_perso_autorise</definition>
        <argsstring></argsstring>
        <name>depl_perso_autorise</name>
        <briefdescription>
        </briefdescription>
        <detaileddescription>
<para>un boolein qui indique si le personnage peut se deplacer </para>
        </detaileddescription>
        <inbodydescription>
        </inbodydescription>
        <location file="Cours/projet_final_algo/src/header/niveau.h" line="40" column="10" bodyfile="Cours/projet_final_algo/src/header/niveau.h" bodystart="40" bodyend="-1"/>
      </memberdef>
      </sectiondef>
    <briefdescription>
<para>structure qui defini un niveaux </para>
    </briefdescription>
    <detaileddescription>
    </detaileddescription>
    <collaborationgraph>
      <node id="3">
        <label>Coordonnees</label>
        <link refid="struct_coordonnees"/>
      </node>
      <node id="1">
        <label>Niveau</label>
        <link refid="struct_niveau"/>
        <childnode refid="2" relation="usage">
          <edgelabel>objets</edgelabel>
        </childnode>
        <childnode refid="3" relation="usage">
          <edgelabel>coo_perso</edgelabel>
          <edgelabel>taille</edgelabel>
        </childnode>
      </node>
      <node id="2">
        <label>Objet</label>
        <link refid="struct_objet"/>
      </node>
    </collaborationgraph>
    <location file="Cours/projet_final_algo/src/header/niveau.h" line="28" column="1" bodyfile="Cours/projet_final_algo/src/header/niveau.h" bodystart="28" bodyend="41"/>
    <listofallmembers>
      <member refid="struct_niveau_1aea8e77c4bd513c9eb638b43908658eb2" prot="public" virt="non-virtual"><scope>Niveau</scope><name>allure_perso</name></member>
      <member refid="struct_niveau_1a749e23ff45e74ff70174d594d8cf8ff3" prot="public" virt="non-virtual"><scope>Niveau</scope><name>avance</name></member>
      <member refid="struct_niveau_1aab01066cb85e03073d7e07434bacd75f" prot="public" virt="non-virtual"><scope>Niveau</scope><name>coo_perso</name></member>
      <member refid="struct_niveau_1aec8c561ff045897a3b7896096284b810" prot="public" virt="non-virtual"><scope>Niveau</scope><name>depl_perso_autorise</name></member>
      <member refid="struct_niveau_1aaf59e865ecf0b7be17e7fc514867c05e" prot="public" virt="non-virtual"><scope>Niveau</scope><name>objets</name></member>
      <member refid="struct_niveau_1af076646aa742df2ddb6ee9a55c4d1522" prot="public" virt="non-virtual"><scope>Niveau</scope><name>taille</name></member>
    </listofallmembers>
  </compounddef>
</doxygen>
