<?xml version='1.0' encoding='UTF-8' standalone='no'?>
<doxygen xmlns:xsi="http://www.w3.org/2001/XMLSchema-instance" xsi:noNamespaceSchemaLocation="compound.xsd" version="1.8.20" xml:lang="fr">
  <compounddef id="struct_evenement" kind="struct" language="C++" prot="public">
    <compoundname>Evenement</compoundname>
    <includes refid="tas_8h" local="no">tas.h</includes>
      <sectiondef kind="public-attrib">
      <memberdef kind="variable" id="struct_evenement_1a2241ada66aba1dedd873b57f0ed7cadb" prot="public" static="no" mutable="no">
        <type>unsigned long</type>
        <definition>unsigned long moment</definition>
        <argsstring></argsstring>
        <name>moment</name>
        <briefdescription>
        </briefdescription>
        <detaileddescription>
<para>les coordonnes de l&apos;objet concerner </para>
        </detaileddescription>
        <inbodydescription>
        </inbodydescription>
        <location file="Cours/projet_final_algo/src/header/tas.h" line="29" column="19" bodyfile="Cours/projet_final_algo/src/header/tas.h" bodystart="29" bodyend="-1"/>
      </memberdef>
      <memberdef kind="variable" id="struct_evenement_1a1d1e399ad0fdc26aa938d76f1c416c7f" prot="public" static="no" mutable="no">
        <type><ref refid="struct_coordonnees" kindref="compound">Coordonnees</ref></type>
        <definition>Coordonnees coo_obj</definition>
        <argsstring></argsstring>
        <name>coo_obj</name>
        <briefdescription>
        </briefdescription>
        <detaileddescription>
<para>et le moment de l&apos;evenement </para>
        </detaileddescription>
        <inbodydescription>
        </inbodydescription>
        <location file="Cours/projet_final_algo/src/header/tas.h" line="31" column="17" bodyfile="Cours/projet_final_algo/src/header/tas.h" bodystart="31" bodyend="-1"/>
      </memberdef>
      </sectiondef>
    <briefdescription>
<para>Défini un type evenement. </para>
    </briefdescription>
    <detaileddescription>
    </detaileddescription>
    <collaborationgraph>
      <node id="2">
        <label>Coordonnees</label>
        <link refid="struct_coordonnees"/>
      </node>
      <node id="1">
        <label>Evenement</label>
        <link refid="struct_evenement"/>
        <childnode refid="2" relation="usage">
          <edgelabel>coo_obj</edgelabel>
        </childnode>
      </node>
    </collaborationgraph>
    <location file="Cours/projet_final_algo/src/header/tas.h" line="27" column="1" bodyfile="Cours/projet_final_algo/src/header/tas.h" bodystart="27" bodyend="32"/>
    <listofallmembers>
      <member refid="struct_evenement_1a1d1e399ad0fdc26aa938d76f1c416c7f" prot="public" virt="non-virtual"><scope>Evenement</scope><name>coo_obj</name></member>
      <member refid="struct_evenement_1a2241ada66aba1dedd873b57f0ed7cadb" prot="public" virt="non-virtual"><scope>Evenement</scope><name>moment</name></member>
    </listofallmembers>
  </compounddef>
</doxygen>
