<?xml version='1.0' encoding='UTF-8' standalone='no'?>
<doxygen xmlns:xsi="http://www.w3.org/2001/XMLSchema-instance" xsi:noNamespaceSchemaLocation="compound.xsd" version="1.8.20" xml:lang="fr">
  <compounddef id="tas_8h" kind="file" language="C++">
    <compoundname>tas.h</compoundname>
    <includes local="no">assert.h</includes>
    <includes local="no">stdlib.h</includes>
    <includes local="no">stdio.h</includes>
    <includes local="no">stdbool.h</includes>
    <includes refid="coordonne_8h" local="yes">coordonne.h</includes>
    <includes refid="temps_8h" local="yes">temps.h</includes>
    <includedby refid="niveau_8h" local="yes">Cours/projet_final_algo/src/header/niveau.h</includedby>
    <incdepgraph>
      <node id="5">
        <label>stdbool.h</label>
      </node>
      <node id="8">
        <label>sys/select.h</label>
      </node>
      <node id="7">
        <label>temps.h</label>
        <link refid="temps_8h"/>
        <childnode refid="2" relation="include">
        </childnode>
        <childnode refid="3" relation="include">
        </childnode>
        <childnode refid="4" relation="include">
        </childnode>
        <childnode refid="8" relation="include">
        </childnode>
        <childnode refid="9" relation="include">
        </childnode>
      </node>
      <node id="2">
        <label>assert.h</label>
      </node>
      <node id="3">
        <label>stdlib.h</label>
      </node>
      <node id="1">
        <label>Cours/projet_final_algo/src/header/tas.h</label>
        <link refid="tas_8h"/>
        <childnode refid="2" relation="include">
        </childnode>
        <childnode refid="3" relation="include">
        </childnode>
        <childnode refid="4" relation="include">
        </childnode>
        <childnode refid="5" relation="include">
        </childnode>
        <childnode refid="6" relation="include">
        </childnode>
        <childnode refid="7" relation="include">
        </childnode>
      </node>
      <node id="6">
        <label>coordonne.h</label>
        <link refid="coordonne_8h"/>
        <childnode refid="2" relation="include">
        </childnode>
        <childnode refid="3" relation="include">
        </childnode>
        <childnode refid="4" relation="include">
        </childnode>
      </node>
      <node id="9">
        <label>time.h</label>
      </node>
      <node id="4">
        <label>stdio.h</label>
      </node>
    </incdepgraph>
    <invincdepgraph>
      <node id="4">
        <label>Cours/projet_final_algo/src/header/moteur.h</label>
        <link refid="moteur_8h"/>
      </node>
      <node id="5">
        <label>Cours/projet_final_algo/src/header/fichier.h</label>
        <link refid="fichier_8h"/>
        <childnode refid="4" relation="include">
        </childnode>
      </node>
      <node id="1">
        <label>Cours/projet_final_algo/src/header/tas.h</label>
        <link refid="tas_8h"/>
        <childnode refid="2" relation="include">
        </childnode>
      </node>
      <node id="2">
        <label>Cours/projet_final_algo/src/header/niveau.h</label>
        <link refid="niveau_8h"/>
        <childnode refid="3" relation="include">
        </childnode>
        <childnode refid="5" relation="include">
        </childnode>
        <childnode refid="4" relation="include">
        </childnode>
      </node>
      <node id="3">
        <label>Cours/projet_final_algo/src/header/affiche.h</label>
        <link refid="affiche_8h"/>
        <childnode refid="4" relation="include">
        </childnode>
      </node>
    </invincdepgraph>
    <innerclass refid="struct_evenement" prot="public">Evenement</innerclass>
    <innerclass refid="struct_tas" prot="public">Tas</innerclass>
      <sectiondef kind="func">
      <memberdef kind="function" id="tas_8h_1a4ef81b45ca9f75baf882f4f00166a384" prot="public" static="no" const="no" explicit="no" inline="no" virt="non-virtual">
        <type><ref refid="struct_tas" kindref="compound">Tas</ref> *</type>
        <definition>Tas* malloc_Tas</definition>
        <argsstring>(unsigned capacite_initiale)</argsstring>
        <name>malloc_Tas</name>
        <param>
          <type>unsigned</type>
          <declname>capacite_initiale</declname>
        </param>
        <briefdescription>
        </briefdescription>
        <detaileddescription>
<para>Alloux un tas et l&apos;initialise </para>
        </detaileddescription>
        <inbodydescription>
        </inbodydescription>
        <location file="Cours/projet_final_algo/src/header/tas.h" line="52" column="5" declfile="Cours/projet_final_algo/src/header/tas.h" declline="52" declcolumn="5"/>
      </memberdef>
      <memberdef kind="function" id="tas_8h_1ae81ee00b701ea65c3b052729a9e875c8" prot="public" static="no" const="no" explicit="no" inline="no" virt="non-virtual">
        <type>void</type>
        <definition>void free_Tas</definition>
        <argsstring>(Tas *tas)</argsstring>
        <name>free_Tas</name>
        <param>
          <type><ref refid="struct_tas" kindref="compound">Tas</ref> *</type>
          <declname>tas</declname>
        </param>
        <briefdescription>
        </briefdescription>
        <detaileddescription>
<para>Libere la memoire du tas en parametre </para>
        </detaileddescription>
        <inbodydescription>
        </inbodydescription>
        <location file="Cours/projet_final_algo/src/header/tas.h" line="58" column="6" declfile="Cours/projet_final_algo/src/header/tas.h" declline="58" declcolumn="6"/>
      </memberdef>
      <memberdef kind="function" id="tas_8h_1a46e24071e97dcdafd2b42a4aa98630aa" prot="public" static="no" const="no" explicit="no" inline="no" virt="non-virtual">
        <type>bool</type>
        <definition>bool un_evenement_est_pret</definition>
        <argsstring>(Tas *tas)</argsstring>
        <name>un_evenement_est_pret</name>
        <param>
          <type><ref refid="struct_tas" kindref="compound">Tas</ref> *</type>
          <declname>tas</declname>
        </param>
        <briefdescription>
        </briefdescription>
        <detaileddescription>
<para>Teste si l&apos;evenement le plus petit est pres ou non </para>
        </detaileddescription>
        <inbodydescription>
        </inbodydescription>
        <location file="Cours/projet_final_algo/src/header/tas.h" line="64" column="6" declfile="Cours/projet_final_algo/src/header/tas.h" declline="64" declcolumn="6"/>
      </memberdef>
      <memberdef kind="function" id="tas_8h_1aae669175bc91f6abee9820888f8632f6" prot="public" static="no" const="no" explicit="no" inline="no" virt="non-virtual">
        <type>int</type>
        <definition>int ote_minimum</definition>
        <argsstring>(Tas *tas, Evenement *min)</argsstring>
        <name>ote_minimum</name>
        <param>
          <type><ref refid="struct_tas" kindref="compound">Tas</ref> *</type>
          <declname>tas</declname>
        </param>
        <param>
          <type><ref refid="struct_evenement" kindref="compound">Evenement</ref> *</type>
          <declname>min</declname>
        </param>
        <briefdescription>
        </briefdescription>
        <detaileddescription>
        </detaileddescription>
        <inbodydescription>
        </inbodydescription>
        <location file="Cours/projet_final_algo/src/header/tas.h" line="71" column="5" declfile="Cours/projet_final_algo/src/header/tas.h" declline="71" declcolumn="5"/>
      </memberdef>
      <memberdef kind="function" id="tas_8h_1a0c77209bc71bd722fb856e80524c85ee" prot="public" static="no" const="no" explicit="no" inline="no" virt="non-virtual">
        <type>int</type>
        <definition>int ajoute_evenement</definition>
        <argsstring>(Tas *tas, Evenement n)</argsstring>
        <name>ajoute_evenement</name>
        <param>
          <type><ref refid="struct_tas" kindref="compound">Tas</ref> *</type>
          <declname>tas</declname>
        </param>
        <param>
          <type><ref refid="struct_evenement" kindref="compound">Evenement</ref></type>
          <declname>n</declname>
        </param>
        <briefdescription>
        </briefdescription>
        <detaileddescription>
<para>Ajoute un <ref refid="struct_evenement" kindref="compound">Evenement</ref> a un <ref refid="struct_tas" kindref="compound">Tas</ref> </para>
        </detaileddescription>
        <inbodydescription>
        </inbodydescription>
        <location file="Cours/projet_final_algo/src/header/tas.h" line="78" column="5" declfile="Cours/projet_final_algo/src/header/tas.h" declline="78" declcolumn="5"/>
      </memberdef>
      <memberdef kind="function" id="tas_8h_1aca47f83c94cab54f9c1a0d7353c9738b" prot="public" static="no" const="no" explicit="no" inline="no" virt="non-virtual">
        <type>void</type>
        <definition>void affiche_Tas</definition>
        <argsstring>(Tas *tas)</argsstring>
        <name>affiche_Tas</name>
        <param>
          <type><ref refid="struct_tas" kindref="compound">Tas</ref> *</type>
          <declname>tas</declname>
        </param>
        <briefdescription>
        </briefdescription>
        <detaileddescription>
<para>Affiche au terminal un tas pour le debugage </para>
        </detaileddescription>
        <inbodydescription>
        </inbodydescription>
        <location file="Cours/projet_final_algo/src/header/tas.h" line="84" column="6" declfile="Cours/projet_final_algo/src/header/tas.h" declline="84" declcolumn="6"/>
      </memberdef>
      </sectiondef>
    <briefdescription>
<para>Projet final Algo des arbre Université Gustave Eiffel. </para>
    </briefdescription>
    <detaileddescription>
<para><simplesect kind="author"><para>Etienne Collet / Lyna Benaibouche</para>
</simplesect>
<simplesect kind="date"><para>4/04/2021 - 16/05/2021</para>
</simplesect>
Permet de gere les tas </para>
    </detaileddescription>
    <programlisting>
<codeline lineno="1"></codeline>
<codeline lineno="12"><highlight class="preprocessor">#ifndef<sp/>__TA__</highlight><highlight class="normal"></highlight></codeline>
<codeline lineno="13"><highlight class="normal"></highlight><highlight class="preprocessor">#define<sp/>__TA__</highlight><highlight class="normal"></highlight></codeline>
<codeline lineno="14"><highlight class="normal"></highlight></codeline>
<codeline lineno="15"><highlight class="normal"></highlight><highlight class="preprocessor">#include<sp/>&lt;assert.h&gt;</highlight><highlight class="normal"></highlight></codeline>
<codeline lineno="16"><highlight class="normal"></highlight><highlight class="preprocessor">#include<sp/>&lt;stdlib.h&gt;</highlight><highlight class="normal"></highlight></codeline>
<codeline lineno="17"><highlight class="normal"></highlight><highlight class="preprocessor">#include<sp/>&lt;stdio.h&gt;</highlight><highlight class="normal"></highlight></codeline>
<codeline lineno="18"><highlight class="normal"></highlight><highlight class="preprocessor">#include<sp/>&lt;stdbool.h&gt;</highlight><highlight class="normal"></highlight></codeline>
<codeline lineno="19"><highlight class="normal"></highlight><highlight class="preprocessor">#include<sp/>&quot;<ref refid="coordonne_8h" kindref="compound">coordonne.h</ref>&quot;</highlight><highlight class="normal"></highlight></codeline>
<codeline lineno="20"><highlight class="normal"></highlight><highlight class="preprocessor">#include<sp/>&quot;<ref refid="temps_8h" kindref="compound">temps.h</ref>&quot;</highlight><highlight class="normal"></highlight></codeline>
<codeline lineno="21"><highlight class="normal"></highlight></codeline>
<codeline lineno="22"><highlight class="normal"></highlight></codeline>
<codeline lineno="27" refid="struct_evenement" refkind="compound"><highlight class="keyword">typedef</highlight><highlight class="normal"><sp/></highlight><highlight class="keyword">struct<sp/></highlight><highlight class="normal">{</highlight></codeline>
<codeline lineno="29" refid="struct_evenement_1a2241ada66aba1dedd873b57f0ed7cadb" refkind="member"><highlight class="normal"><sp/><sp/><sp/><sp/></highlight><highlight class="keywordtype">unsigned</highlight><highlight class="normal"><sp/></highlight><highlight class="keywordtype">long</highlight><highlight class="normal"><sp/><ref refid="struct_evenement_1a2241ada66aba1dedd873b57f0ed7cadb" kindref="member">moment</ref>;</highlight></codeline>
<codeline lineno="31" refid="struct_evenement_1a1d1e399ad0fdc26aa938d76f1c416c7f" refkind="member"><highlight class="normal"><sp/><sp/><sp/><sp/><ref refid="struct_coordonnees" kindref="compound">Coordonnees</ref><sp/><ref refid="struct_evenement_1a1d1e399ad0fdc26aa938d76f1c416c7f" kindref="member">coo_obj</ref>;</highlight></codeline>
<codeline lineno="32"><highlight class="normal">}<sp/><ref refid="struct_evenement" kindref="compound">Evenement</ref>;</highlight></codeline>
<codeline lineno="33"><highlight class="normal"></highlight></codeline>
<codeline lineno="34"><highlight class="normal"></highlight></codeline>
<codeline lineno="39" refid="struct_tas" refkind="compound"><highlight class="keyword">typedef</highlight><highlight class="normal"><sp/></highlight><highlight class="keyword">struct<sp/></highlight><highlight class="normal">{</highlight></codeline>
<codeline lineno="41" refid="struct_tas_1ae5b063c5388157c3c04a0937d52fbeed" refkind="member"><highlight class="normal"><sp/><sp/><sp/><sp/></highlight><highlight class="keywordtype">unsigned</highlight><highlight class="normal"><sp/></highlight><highlight class="keywordtype">int</highlight><highlight class="normal"><sp/><ref refid="struct_tas_1ae5b063c5388157c3c04a0937d52fbeed" kindref="member">taille</ref>;</highlight></codeline>
<codeline lineno="43" refid="struct_tas_1ac3e3c7196292bbc416a904d29ee638c8" refkind="member"><highlight class="normal"><sp/><sp/><sp/><sp/></highlight><highlight class="keywordtype">unsigned</highlight><highlight class="normal"><sp/></highlight><highlight class="keywordtype">int</highlight><highlight class="normal"><sp/><ref refid="struct_tas_1ac3e3c7196292bbc416a904d29ee638c8" kindref="member">capacite</ref>;</highlight></codeline>
<codeline lineno="45" refid="struct_tas_1a4eef4509b8e3561b694a66ac2578e4fc" refkind="member"><highlight class="normal"><sp/><sp/><sp/><sp/><ref refid="struct_evenement" kindref="compound">Evenement</ref>*<sp/><ref refid="struct_tas_1a4eef4509b8e3561b694a66ac2578e4fc" kindref="member">valeurs</ref>;</highlight></codeline>
<codeline lineno="46"><highlight class="normal">}<sp/><ref refid="struct_tas" kindref="compound">Tas</ref>;</highlight></codeline>
<codeline lineno="47"><highlight class="normal"></highlight></codeline>
<codeline lineno="48"><highlight class="normal"></highlight></codeline>
<codeline lineno="52" refid="tas_8h_1a4ef81b45ca9f75baf882f4f00166a384" refkind="member"><highlight class="normal"><ref refid="struct_tas" kindref="compound">Tas</ref>*<sp/><ref refid="tas_8h_1a4ef81b45ca9f75baf882f4f00166a384" kindref="member">malloc_Tas</ref>(</highlight><highlight class="keywordtype">unsigned</highlight><highlight class="normal"><sp/>capacite_initiale);</highlight></codeline>
<codeline lineno="53"><highlight class="normal"></highlight></codeline>
<codeline lineno="54"><highlight class="normal"></highlight></codeline>
<codeline lineno="58" refid="tas_8h_1ae81ee00b701ea65c3b052729a9e875c8" refkind="member"><highlight class="keywordtype">void</highlight><highlight class="normal"><sp/><ref refid="tas_8h_1ae81ee00b701ea65c3b052729a9e875c8" kindref="member">free_Tas</ref>(<ref refid="struct_tas" kindref="compound">Tas</ref>*<sp/>tas);</highlight></codeline>
<codeline lineno="59"><highlight class="normal"></highlight></codeline>
<codeline lineno="60"><highlight class="normal"></highlight></codeline>
<codeline lineno="64" refid="tas_8h_1a46e24071e97dcdafd2b42a4aa98630aa" refkind="member"><highlight class="keywordtype">bool</highlight><highlight class="normal"><sp/><ref refid="tas_8h_1a46e24071e97dcdafd2b42a4aa98630aa" kindref="member">un_evenement_est_pret</ref>(<ref refid="struct_tas" kindref="compound">Tas</ref>*<sp/>tas);</highlight></codeline>
<codeline lineno="65"><highlight class="normal"></highlight></codeline>
<codeline lineno="66"><highlight class="normal"></highlight></codeline>
<codeline lineno="67"><highlight class="normal"></highlight><highlight class="comment">/*<sp/>Renvoie<sp/>et<sp/>retire<sp/>de<sp/>`tas`</highlight></codeline>
<codeline lineno="68"><highlight class="comment"><sp/>*<sp/>l&apos;Evenement<sp/>dont<sp/>le<sp/>`moment`<sp/>est</highlight></codeline>
<codeline lineno="69"><highlight class="comment"><sp/>*<sp/>le<sp/><sp/>plus<sp/>petit.</highlight></codeline>
<codeline lineno="70"><highlight class="comment"><sp/>*/</highlight><highlight class="normal"></highlight></codeline>
<codeline lineno="71"><highlight class="normal"></highlight><highlight class="keywordtype">int</highlight><highlight class="normal"><sp/>ote_minimum(<ref refid="struct_tas" kindref="compound">Tas</ref>*<sp/>tas,<sp/><ref refid="struct_evenement" kindref="compound">Evenement</ref><sp/>*<sp/>min);</highlight></codeline>
<codeline lineno="72"><highlight class="normal"></highlight></codeline>
<codeline lineno="73"><highlight class="normal"></highlight></codeline>
<codeline lineno="78" refid="tas_8h_1a0c77209bc71bd722fb856e80524c85ee" refkind="member"><highlight class="keywordtype">int</highlight><highlight class="normal"><sp/><ref refid="tas_8h_1a0c77209bc71bd722fb856e80524c85ee" kindref="member">ajoute_evenement</ref>(<ref refid="struct_tas" kindref="compound">Tas</ref>*<sp/>tas,<sp/><ref refid="struct_evenement" kindref="compound">Evenement</ref><sp/>n);</highlight></codeline>
<codeline lineno="79"><highlight class="normal"></highlight></codeline>
<codeline lineno="80"><highlight class="normal"></highlight></codeline>
<codeline lineno="84" refid="tas_8h_1aca47f83c94cab54f9c1a0d7353c9738b" refkind="member"><highlight class="keywordtype">void</highlight><highlight class="normal"><sp/><ref refid="tas_8h_1aca47f83c94cab54f9c1a0d7353c9738b" kindref="member">affiche_Tas</ref>(<ref refid="struct_tas" kindref="compound">Tas</ref>*<sp/>tas);</highlight></codeline>
<codeline lineno="85"><highlight class="normal"></highlight></codeline>
<codeline lineno="86"><highlight class="normal"></highlight></codeline>
<codeline lineno="87"><highlight class="normal"></highlight><highlight class="preprocessor">#endif</highlight></codeline>
    </programlisting>
    <location file="Cours/projet_final_algo/src/header/tas.h"/>
  </compounddef>
</doxygen>
