<?xml version='1.0' encoding='UTF-8' standalone='no'?>
<doxygen xmlns:xsi="http://www.w3.org/2001/XMLSchema-instance" xsi:noNamespaceSchemaLocation="compound.xsd" version="1.8.20" xml:lang="fr">
  <compounddef id="tas_8c" kind="file" language="C++">
    <compoundname>tas.c</compoundname>
    <includes local="yes">../header/tas.h</includes>
    <incdepgraph>
      <node id="2">
        <label>../header/tas.h</label>
      </node>
      <node id="1">
        <label>Cours/projet_final_algo/src/tas.c</label>
        <link refid="tas_8c"/>
        <childnode refid="2" relation="include">
        </childnode>
      </node>
    </incdepgraph>
      <sectiondef kind="func">
      <memberdef kind="function" id="tas_8c_1a4ef81b45ca9f75baf882f4f00166a384" prot="public" static="no" const="no" explicit="no" inline="no" virt="non-virtual">
        <type><ref refid="struct_tas" kindref="compound">Tas</ref> *</type>
        <definition>Tas* malloc_Tas</definition>
        <argsstring>(unsigned capacite_initiale)</argsstring>
        <name>malloc_Tas</name>
        <param>
          <type>unsigned</type>
          <declname>capacite_initiale</declname>
        </param>
        <briefdescription>
        </briefdescription>
        <detaileddescription>
<para><ref refid="tas_8c" kindref="compound">tas.c</ref> Etienne Collet / Lyna Benaibouche</para>
<para>commencer le : 4/04/2021 fini le : ??</para>
<para>Projet final Algo des arbre Université Gustave Eiffel</para>
<para>permet de gere les tas </para>
        </detaileddescription>
        <inbodydescription>
        </inbodydescription>
        <location file="Cours/projet_final_algo/src/tas.c" line="16" column="5" bodyfile="Cours/projet_final_algo/src/tas.c" bodystart="16" bodyend="29"/>
      </memberdef>
      <memberdef kind="function" id="tas_8c_1ae81ee00b701ea65c3b052729a9e875c8" prot="public" static="no" const="no" explicit="no" inline="no" virt="non-virtual">
        <type>void</type>
        <definition>void free_Tas</definition>
        <argsstring>(Tas *tas)</argsstring>
        <name>free_Tas</name>
        <param>
          <type><ref refid="struct_tas" kindref="compound">Tas</ref> *</type>
          <declname>tas</declname>
        </param>
        <briefdescription>
        </briefdescription>
        <detaileddescription>
<para>libere la memoire du tas en parametre </para>
        </detaileddescription>
        <inbodydescription>
        </inbodydescription>
        <location file="Cours/projet_final_algo/src/tas.c" line="32" column="6" bodyfile="Cours/projet_final_algo/src/tas.c" bodystart="32" bodyend="36"/>
      </memberdef>
      <memberdef kind="function" id="tas_8c_1a46e24071e97dcdafd2b42a4aa98630aa" prot="public" static="no" const="no" explicit="no" inline="no" virt="non-virtual">
        <type>bool</type>
        <definition>bool un_evenement_est_pret</definition>
        <argsstring>(Tas *tas)</argsstring>
        <name>un_evenement_est_pret</name>
        <param>
          <type><ref refid="struct_tas" kindref="compound">Tas</ref> *</type>
          <declname>tas</declname>
        </param>
        <briefdescription>
        </briefdescription>
        <detaileddescription>
<para>teste si l&apos;evenement le plus petit est pres ou non </para>
        </detaileddescription>
        <inbodydescription>
        </inbodydescription>
        <location file="Cours/projet_final_algo/src/tas.c" line="39" column="6" bodyfile="Cours/projet_final_algo/src/tas.c" bodystart="39" bodyend="46"/>
      </memberdef>
      <memberdef kind="function" id="tas_8c_1aca47f83c94cab54f9c1a0d7353c9738b" prot="public" static="no" const="no" explicit="no" inline="no" virt="non-virtual">
        <type>void</type>
        <definition>void affiche_Tas</definition>
        <argsstring>(Tas *tas)</argsstring>
        <name>affiche_Tas</name>
        <param>
          <type><ref refid="struct_tas" kindref="compound">Tas</ref> *</type>
          <declname>tas</declname>
        </param>
        <briefdescription>
        </briefdescription>
        <detaileddescription>
<para>affiche au terminal un tat pour le debugage </para>
        </detaileddescription>
        <inbodydescription>
        </inbodydescription>
        <location file="Cours/projet_final_algo/src/tas.c" line="49" column="6" bodyfile="Cours/projet_final_algo/src/tas.c" bodystart="49" bodyend="55"/>
      </memberdef>
      <memberdef kind="function" id="tas_8c_1a841a099508b7b2aabf79f427d537fe94" prot="public" static="yes" const="no" explicit="no" inline="no" virt="non-virtual">
        <type>void</type>
        <definition>static void copie_ev</definition>
        <argsstring>(Evenement *ev1, Evenement ev2)</argsstring>
        <name>copie_ev</name>
        <param>
          <type><ref refid="struct_evenement" kindref="compound">Evenement</ref> *</type>
          <declname>ev1</declname>
        </param>
        <param>
          <type><ref refid="struct_evenement" kindref="compound">Evenement</ref></type>
          <declname>ev2</declname>
        </param>
        <briefdescription>
        </briefdescription>
        <detaileddescription>
<para>copie un evenement ev2 dans ev1 </para>
        </detaileddescription>
        <inbodydescription>
        </inbodydescription>
        <location file="Cours/projet_final_algo/src/tas.c" line="61" column="13" bodyfile="Cours/projet_final_algo/src/tas.c" bodystart="61" bodyend="65"/>
      </memberdef>
      <memberdef kind="function" id="tas_8c_1a2b243607d546186c6ea71618d78f8342" prot="public" static="yes" const="no" explicit="no" inline="no" virt="non-virtual">
        <type>int</type>
        <definition>static int fils</definition>
        <argsstring>(Tas T, unsigned int indice)</argsstring>
        <name>fils</name>
        <param>
          <type><ref refid="struct_tas" kindref="compound">Tas</ref></type>
          <declname>T</declname>
        </param>
        <param>
          <type>unsigned int</type>
          <declname>indice</declname>
        </param>
        <briefdescription>
        </briefdescription>
        <detaileddescription>
<para>renvoie le plus grand fils possible qui a comme parent la valeur a l&apos;indice indice </para>
        </detaileddescription>
        <inbodydescription>
        </inbodydescription>
        <location file="Cours/projet_final_algo/src/tas.c" line="71" column="12" bodyfile="Cours/projet_final_algo/src/tas.c" bodystart="71" bodyend="84"/>
      </memberdef>
      <memberdef kind="function" id="tas_8c_1a025275f840ff8d5c673777f96880a5d4" prot="public" static="yes" const="no" explicit="no" inline="no" virt="non-virtual">
        <type>void</type>
        <definition>static void descente</definition>
        <argsstring>(Tas *T, unsigned int indice)</argsstring>
        <name>descente</name>
        <param>
          <type><ref refid="struct_tas" kindref="compound">Tas</ref> *</type>
          <declname>T</declname>
        </param>
        <param>
          <type>unsigned int</type>
          <declname>indice</declname>
        </param>
        <briefdescription>
        </briefdescription>
        <detaileddescription>
<para>permet de descendre un element dans le tas </para>
        </detaileddescription>
        <inbodydescription>
        </inbodydescription>
        <location file="Cours/projet_final_algo/src/tas.c" line="90" column="13" bodyfile="Cours/projet_final_algo/src/tas.c" bodystart="90" bodyend="108"/>
      </memberdef>
      <memberdef kind="function" id="tas_8c_1afa16296595385bfe59e303443f0f5317" prot="public" static="yes" const="no" explicit="no" inline="no" virt="non-virtual">
        <type>void</type>
        <definition>static void remontee</definition>
        <argsstring>(Tas *T, unsigned int indice)</argsstring>
        <name>remontee</name>
        <param>
          <type><ref refid="struct_tas" kindref="compound">Tas</ref> *</type>
          <declname>T</declname>
        </param>
        <param>
          <type>unsigned int</type>
          <declname>indice</declname>
        </param>
        <briefdescription>
        </briefdescription>
        <detaileddescription>
<para>permet de faire remonte un element dans le tas </para>
        </detaileddescription>
        <inbodydescription>
        </inbodydescription>
        <location file="Cours/projet_final_algo/src/tas.c" line="114" column="13" bodyfile="Cours/projet_final_algo/src/tas.c" bodystart="114" bodyend="133"/>
      </memberdef>
      <memberdef kind="function" id="tas_8c_1a73d47d45ac62fb59ea866d14b5f866d7" prot="public" static="yes" const="no" explicit="no" inline="no" virt="non-virtual">
        <type>void</type>
        <definition>static void change</definition>
        <argsstring>(Tas *T, unsigned int indice, Evenement valeur)</argsstring>
        <name>change</name>
        <param>
          <type><ref refid="struct_tas" kindref="compound">Tas</ref> *</type>
          <declname>T</declname>
        </param>
        <param>
          <type>unsigned int</type>
          <declname>indice</declname>
        </param>
        <param>
          <type><ref refid="struct_evenement" kindref="compound">Evenement</ref></type>
          <declname>valeur</declname>
        </param>
        <briefdescription>
        </briefdescription>
        <detaileddescription>
<para>change la valeur a l&apos;indice indice par l&apos;evenement valeur </para>
        </detaileddescription>
        <inbodydescription>
        </inbodydescription>
        <location file="Cours/projet_final_algo/src/tas.c" line="139" column="13" bodyfile="Cours/projet_final_algo/src/tas.c" bodystart="139" bodyend="161"/>
      </memberdef>
      <memberdef kind="function" id="tas_8c_1aae669175bc91f6abee9820888f8632f6" prot="public" static="no" const="no" explicit="no" inline="no" virt="non-virtual">
        <type>int</type>
        <definition>int ote_minimum</definition>
        <argsstring>(Tas *tas, Evenement *min)</argsstring>
        <name>ote_minimum</name>
        <param>
          <type><ref refid="struct_tas" kindref="compound">Tas</ref> *</type>
          <declname>tas</declname>
        </param>
        <param>
          <type><ref refid="struct_evenement" kindref="compound">Evenement</ref> *</type>
          <declname>min</declname>
        </param>
        <briefdescription>
        </briefdescription>
        <detaileddescription>
        </detaileddescription>
        <inbodydescription>
        </inbodydescription>
        <location file="Cours/projet_final_algo/src/tas.c" line="164" column="5" bodyfile="Cours/projet_final_algo/src/tas.c" bodystart="164" bodyend="172"/>
      </memberdef>
      <memberdef kind="function" id="tas_8c_1a0c77209bc71bd722fb856e80524c85ee" prot="public" static="no" const="no" explicit="no" inline="no" virt="non-virtual">
        <type>int</type>
        <definition>int ajoute_evenement</definition>
        <argsstring>(Tas *tas, Evenement n)</argsstring>
        <name>ajoute_evenement</name>
        <param>
          <type><ref refid="struct_tas" kindref="compound">Tas</ref> *</type>
          <declname>tas</declname>
        </param>
        <param>
          <type><ref refid="struct_evenement" kindref="compound">Evenement</ref></type>
          <declname>n</declname>
        </param>
        <briefdescription>
        </briefdescription>
        <detaileddescription>
<para>Ajoute un <ref refid="struct_evenement" kindref="compound">Evenement</ref> a un <ref refid="struct_tas" kindref="compound">Tas</ref> </para>
        </detaileddescription>
        <inbodydescription>
        </inbodydescription>
        <location file="Cours/projet_final_algo/src/tas.c" line="175" column="5" bodyfile="Cours/projet_final_algo/src/tas.c" bodystart="175" bodyend="187"/>
      </memberdef>
      </sectiondef>
    <briefdescription>
    </briefdescription>
    <detaileddescription>
    </detaileddescription>
    <programlisting>
<codeline lineno="1"></codeline>
<codeline lineno="13"><highlight class="preprocessor">#include<sp/>&quot;../header/tas.h&quot;</highlight><highlight class="normal"></highlight></codeline>
<codeline lineno="14"><highlight class="normal"></highlight></codeline>
<codeline lineno="15"><highlight class="normal"></highlight></codeline>
<codeline lineno="16" refid="tas_8c_1a4ef81b45ca9f75baf882f4f00166a384" refkind="member"><highlight class="normal"><ref refid="struct_tas" kindref="compound">Tas</ref>*<sp/><ref refid="tas_8c_1a4ef81b45ca9f75baf882f4f00166a384" kindref="member">malloc_Tas</ref>(</highlight><highlight class="keywordtype">unsigned</highlight><highlight class="normal"><sp/>capacite_initiale){</highlight></codeline>
<codeline lineno="17"><highlight class="normal"><sp/><sp/><sp/><sp/><ref refid="struct_tas" kindref="compound">Tas</ref><sp/>*<sp/>nouv;</highlight></codeline>
<codeline lineno="18"><highlight class="normal"><sp/><sp/><sp/><sp/>nouv<sp/>=<sp/>(<ref refid="struct_tas" kindref="compound">Tas</ref><sp/>*)malloc(</highlight><highlight class="keyword">sizeof</highlight><highlight class="normal">(<ref refid="struct_tas" kindref="compound">Tas</ref>));</highlight></codeline>
<codeline lineno="19"><highlight class="normal"><sp/><sp/><sp/><sp/></highlight><highlight class="keywordflow">if</highlight><highlight class="normal">(nouv<sp/>!=<sp/>NULL){</highlight></codeline>
<codeline lineno="20"><highlight class="normal"><sp/><sp/><sp/><sp/><sp/><sp/><sp/><sp/>nouv<sp/>-&gt;<sp/>taille<sp/>=<sp/>0;</highlight></codeline>
<codeline lineno="21"><highlight class="normal"><sp/><sp/><sp/><sp/><sp/><sp/><sp/><sp/>nouv<sp/>-&gt;<sp/>capacite<sp/>=<sp/>capacite_initiale;</highlight></codeline>
<codeline lineno="22"><highlight class="normal"><sp/><sp/><sp/><sp/><sp/><sp/><sp/><sp/>nouv<sp/>-&gt;<sp/>valeurs<sp/>=<sp/>(<ref refid="struct_evenement" kindref="compound">Evenement</ref>*)calloc(capacite_initiale,<sp/></highlight><highlight class="keyword">sizeof</highlight><highlight class="normal">(<ref refid="struct_evenement" kindref="compound">Evenement</ref>));</highlight></codeline>
<codeline lineno="23"><highlight class="normal"><sp/><sp/><sp/><sp/><sp/><sp/><sp/><sp/></highlight><highlight class="keywordflow">if</highlight><highlight class="normal">(nouv<sp/>-&gt;<sp/>valeurs<sp/>==<sp/>NULL){</highlight></codeline>
<codeline lineno="24"><highlight class="normal"><sp/><sp/><sp/><sp/><sp/><sp/><sp/><sp/><sp/><sp/><sp/><sp/>free(nouv);</highlight></codeline>
<codeline lineno="25"><highlight class="normal"><sp/><sp/><sp/><sp/><sp/><sp/><sp/><sp/><sp/><sp/><sp/><sp/>fprintf(stderr,<sp/></highlight><highlight class="stringliteral">&quot;erreur<sp/>d&apos;allocation<sp/>valeur\n&quot;</highlight><highlight class="normal">);</highlight></codeline>
<codeline lineno="26"><highlight class="normal"><sp/><sp/><sp/><sp/><sp/><sp/><sp/><sp/>}</highlight></codeline>
<codeline lineno="27"><highlight class="normal"><sp/><sp/><sp/><sp/>}</highlight></codeline>
<codeline lineno="28"><highlight class="normal"><sp/><sp/><sp/><sp/></highlight><highlight class="keywordflow">return</highlight><highlight class="normal"><sp/>nouv;</highlight></codeline>
<codeline lineno="29"><highlight class="normal">}</highlight></codeline>
<codeline lineno="30"><highlight class="normal"></highlight></codeline>
<codeline lineno="31"><highlight class="normal"></highlight></codeline>
<codeline lineno="32" refid="tas_8c_1ae81ee00b701ea65c3b052729a9e875c8" refkind="member"><highlight class="normal"></highlight><highlight class="keywordtype">void</highlight><highlight class="normal"><sp/><ref refid="tas_8c_1ae81ee00b701ea65c3b052729a9e875c8" kindref="member">free_Tas</ref>(<ref refid="struct_tas" kindref="compound">Tas</ref>*<sp/>tas){</highlight></codeline>
<codeline lineno="33"><highlight class="normal"><sp/><sp/><sp/><sp/>free(tas-&gt;<ref refid="struct_tas_1a4eef4509b8e3561b694a66ac2578e4fc" kindref="member">valeurs</ref>);</highlight></codeline>
<codeline lineno="34"><highlight class="normal"><sp/><sp/><sp/><sp/>free(tas);</highlight></codeline>
<codeline lineno="35"><highlight class="normal"><sp/><sp/><sp/><sp/>tas<sp/>=<sp/>NULL;</highlight></codeline>
<codeline lineno="36"><highlight class="normal">}</highlight></codeline>
<codeline lineno="37"><highlight class="normal"></highlight></codeline>
<codeline lineno="38"><highlight class="normal"></highlight></codeline>
<codeline lineno="39" refid="tas_8c_1a46e24071e97dcdafd2b42a4aa98630aa" refkind="member"><highlight class="normal"></highlight><highlight class="keywordtype">bool</highlight><highlight class="normal"><sp/><ref refid="tas_8c_1a46e24071e97dcdafd2b42a4aa98630aa" kindref="member">un_evenement_est_pret</ref>(<ref refid="struct_tas" kindref="compound">Tas</ref>*<sp/>tas){</highlight></codeline>
<codeline lineno="40"><highlight class="normal"><sp/><sp/><sp/><sp/></highlight><highlight class="keywordflow">if</highlight><highlight class="normal">(tas<sp/>-&gt;<sp/>taille<sp/>!=<sp/>0){</highlight></codeline>
<codeline lineno="41"><highlight class="normal"><sp/><sp/><sp/><sp/><sp/><sp/><sp/><sp/></highlight><highlight class="keywordflow">if</highlight><highlight class="normal">(tas<sp/>-&gt;<sp/>valeurs[0].moment<sp/>&lt;<sp/><ref refid="temps_8h_1aa033ba8d331041b1de05b2548c492e4f" kindref="member">maintenant</ref>()){</highlight></codeline>
<codeline lineno="42"><highlight class="normal"><sp/><sp/><sp/><sp/><sp/><sp/><sp/><sp/><sp/><sp/><sp/><sp/></highlight><highlight class="keywordflow">return</highlight><highlight class="normal"><sp/></highlight><highlight class="keyword">true</highlight><highlight class="normal">;</highlight></codeline>
<codeline lineno="43"><highlight class="normal"><sp/><sp/><sp/><sp/><sp/><sp/><sp/><sp/>}</highlight></codeline>
<codeline lineno="44"><highlight class="normal"><sp/><sp/><sp/><sp/>}</highlight></codeline>
<codeline lineno="45"><highlight class="normal"><sp/><sp/><sp/><sp/></highlight><highlight class="keywordflow">return</highlight><highlight class="normal"><sp/></highlight><highlight class="keyword">false</highlight><highlight class="normal">;</highlight></codeline>
<codeline lineno="46"><highlight class="normal">}</highlight></codeline>
<codeline lineno="47"><highlight class="normal"></highlight></codeline>
<codeline lineno="48"><highlight class="normal"></highlight></codeline>
<codeline lineno="49" refid="tas_8c_1aca47f83c94cab54f9c1a0d7353c9738b" refkind="member"><highlight class="normal"></highlight><highlight class="keywordtype">void</highlight><highlight class="normal"><sp/><ref refid="tas_8c_1aca47f83c94cab54f9c1a0d7353c9738b" kindref="member">affiche_Tas</ref>(<ref refid="struct_tas" kindref="compound">Tas</ref>*<sp/>tas){</highlight></codeline>
<codeline lineno="50"><highlight class="normal"><sp/><sp/><sp/><sp/></highlight><highlight class="keywordtype">unsigned</highlight><highlight class="normal"><sp/></highlight><highlight class="keywordtype">int</highlight><highlight class="normal"><sp/>i;</highlight></codeline>
<codeline lineno="51"><highlight class="normal"><sp/><sp/><sp/><sp/></highlight><highlight class="keywordflow">for</highlight><highlight class="normal">(i<sp/>=<sp/>0;<sp/>i<sp/>&lt;<sp/>tas-&gt;<ref refid="struct_tas_1ae5b063c5388157c3c04a0937d52fbeed" kindref="member">taille</ref>;<sp/>i++){</highlight></codeline>
<codeline lineno="52"><highlight class="normal"><sp/><sp/><sp/><sp/><sp/><sp/><sp/><sp/>fprintf(stderr,<sp/></highlight><highlight class="stringliteral">&quot;[%ld,<sp/>(%d,<sp/>%d)]<sp/>/&quot;</highlight><highlight class="normal">,<sp/>(tas<sp/>-&gt;<sp/>valeurs[i]).moment,<sp/>(tas<sp/>-&gt;<sp/>valeurs[i]).coo_obj.x,<sp/>(tas<sp/>-&gt;<sp/>valeurs[i]).coo_obj.y);</highlight></codeline>
<codeline lineno="53"><highlight class="normal"><sp/><sp/><sp/><sp/>}</highlight></codeline>
<codeline lineno="54"><highlight class="normal"><sp/><sp/><sp/><sp/>fprintf(stderr,<sp/></highlight><highlight class="stringliteral">&quot;\n&quot;</highlight><highlight class="normal">);</highlight></codeline>
<codeline lineno="55"><highlight class="normal">}</highlight></codeline>
<codeline lineno="56"><highlight class="normal"></highlight></codeline>
<codeline lineno="57"><highlight class="normal"></highlight></codeline>
<codeline lineno="61"><highlight class="keyword">static</highlight><highlight class="normal"><sp/></highlight><highlight class="keywordtype">void</highlight><highlight class="normal"><sp/>copie_ev(<ref refid="struct_evenement" kindref="compound">Evenement</ref><sp/>*ev1,<sp/><ref refid="struct_evenement" kindref="compound">Evenement</ref><sp/>ev2){</highlight></codeline>
<codeline lineno="62"><highlight class="normal"><sp/><sp/><sp/><sp/>ev1<sp/>-&gt;<sp/>moment<sp/>=<sp/>ev2.<ref refid="struct_evenement_1a2241ada66aba1dedd873b57f0ed7cadb" kindref="member">moment</ref>;</highlight></codeline>
<codeline lineno="63"><highlight class="normal"><sp/><sp/><sp/><sp/>ev1<sp/>-&gt;<sp/>coo_obj.x<sp/>=<sp/>ev2.<ref refid="struct_evenement_1a1d1e399ad0fdc26aa938d76f1c416c7f" kindref="member">coo_obj</ref>.<ref refid="struct_coordonnees_1a676e0da0ef83bbbdf42538e54b97506b" kindref="member">x</ref>;</highlight></codeline>
<codeline lineno="64"><highlight class="normal"><sp/><sp/><sp/><sp/>ev1<sp/>-&gt;<sp/>coo_obj.y<sp/>=<sp/>ev2.<ref refid="struct_evenement_1a1d1e399ad0fdc26aa938d76f1c416c7f" kindref="member">coo_obj</ref>.<ref refid="struct_coordonnees_1ac30de26db5f6d1c18c63913729adca7d" kindref="member">y</ref>;</highlight></codeline>
<codeline lineno="65"><highlight class="normal">}</highlight></codeline>
<codeline lineno="66"><highlight class="normal"></highlight></codeline>
<codeline lineno="67"><highlight class="normal"></highlight></codeline>
<codeline lineno="71"><highlight class="keyword">static</highlight><highlight class="normal"><sp/></highlight><highlight class="keywordtype">int</highlight><highlight class="normal"><sp/>fils(<ref refid="struct_tas" kindref="compound">Tas</ref><sp/>T,<sp/></highlight><highlight class="keywordtype">unsigned</highlight><highlight class="normal"><sp/></highlight><highlight class="keywordtype">int</highlight><highlight class="normal"><sp/>indice){</highlight></codeline>
<codeline lineno="72"><highlight class="normal"><sp/><sp/><sp/><sp/></highlight><highlight class="keywordflow">if</highlight><highlight class="normal"><sp/>(indice<sp/>*<sp/>2<sp/>+<sp/>1<sp/>&gt;=<sp/>T.<ref refid="struct_tas_1ae5b063c5388157c3c04a0937d52fbeed" kindref="member">taille</ref>){</highlight></codeline>
<codeline lineno="73"><highlight class="normal"><sp/><sp/><sp/><sp/><sp/><sp/><sp/><sp/></highlight><highlight class="keywordflow">return</highlight><highlight class="normal"><sp/>-1;</highlight></codeline>
<codeline lineno="74"><highlight class="normal"><sp/><sp/><sp/><sp/>}</highlight></codeline>
<codeline lineno="75"><highlight class="normal"></highlight></codeline>
<codeline lineno="76"><highlight class="normal"><sp/><sp/><sp/><sp/></highlight><highlight class="keywordflow">if</highlight><highlight class="normal"><sp/>(indice<sp/>*<sp/>2<sp/>+<sp/>2<sp/>&gt;=<sp/>T.<ref refid="struct_tas_1ae5b063c5388157c3c04a0937d52fbeed" kindref="member">taille</ref>){</highlight></codeline>
<codeline lineno="77"><highlight class="normal"><sp/><sp/><sp/><sp/><sp/><sp/><sp/><sp/></highlight><highlight class="keywordflow">return</highlight><highlight class="normal"><sp/>indice<sp/>*<sp/>2<sp/>+<sp/>1;</highlight></codeline>
<codeline lineno="78"><highlight class="normal"><sp/><sp/><sp/><sp/>}</highlight></codeline>
<codeline lineno="79"><highlight class="normal"></highlight></codeline>
<codeline lineno="80"><highlight class="normal"><sp/><sp/><sp/><sp/></highlight><highlight class="keywordflow">if</highlight><highlight class="normal">(T.<ref refid="struct_tas_1a4eef4509b8e3561b694a66ac2578e4fc" kindref="member">valeurs</ref>[indice<sp/>*<sp/>2<sp/>+<sp/>1].<ref refid="struct_evenement_1a2241ada66aba1dedd873b57f0ed7cadb" kindref="member">moment</ref><sp/>&lt;<sp/>T.<ref refid="struct_tas_1a4eef4509b8e3561b694a66ac2578e4fc" kindref="member">valeurs</ref>[indice<sp/>*<sp/>2<sp/>+<sp/>2].<ref refid="struct_evenement_1a2241ada66aba1dedd873b57f0ed7cadb" kindref="member">moment</ref>){</highlight></codeline>
<codeline lineno="81"><highlight class="normal"><sp/><sp/><sp/><sp/><sp/><sp/><sp/><sp/></highlight><highlight class="keywordflow">return</highlight><highlight class="normal"><sp/>indice<sp/>*<sp/>2<sp/>+<sp/>1;</highlight></codeline>
<codeline lineno="82"><highlight class="normal"><sp/><sp/><sp/><sp/>}</highlight></codeline>
<codeline lineno="83"><highlight class="normal"><sp/><sp/><sp/><sp/></highlight><highlight class="keywordflow">return</highlight><highlight class="normal"><sp/>indice<sp/>*<sp/>2<sp/>+<sp/>2;</highlight></codeline>
<codeline lineno="84"><highlight class="normal">}</highlight></codeline>
<codeline lineno="85"><highlight class="normal"></highlight></codeline>
<codeline lineno="86"><highlight class="normal"></highlight></codeline>
<codeline lineno="90"><highlight class="keyword">static</highlight><highlight class="normal"><sp/></highlight><highlight class="keywordtype">void</highlight><highlight class="normal"><sp/>descente(<ref refid="struct_tas" kindref="compound">Tas</ref><sp/>*<sp/>T,<sp/></highlight><highlight class="keywordtype">unsigned</highlight><highlight class="normal"><sp/></highlight><highlight class="keywordtype">int</highlight><highlight class="normal"><sp/>indice){</highlight></codeline>
<codeline lineno="91"><highlight class="normal"><sp/><sp/><sp/><sp/></highlight><highlight class="keywordtype">int</highlight><highlight class="normal"><sp/>enfant,<sp/>parent;</highlight></codeline>
<codeline lineno="92"><highlight class="normal"><sp/><sp/><sp/><sp/><ref refid="struct_evenement" kindref="compound">Evenement</ref><sp/>tmp;</highlight></codeline>
<codeline lineno="93"><highlight class="normal"></highlight></codeline>
<codeline lineno="94"><highlight class="normal"><sp/><sp/><sp/><sp/></highlight><highlight class="keywordflow">if</highlight><highlight class="normal"><sp/>(NULL<sp/>==<sp/>T<sp/>||<sp/>indice<sp/>&gt;=<sp/>T-&gt;<ref refid="struct_tas_1ae5b063c5388157c3c04a0937d52fbeed" kindref="member">taille</ref>)</highlight></codeline>
<codeline lineno="95"><highlight class="normal"><sp/><sp/><sp/><sp/><sp/><sp/><sp/><sp/></highlight><highlight class="keywordflow">return</highlight><highlight class="normal">;</highlight></codeline>
<codeline lineno="96"><highlight class="normal"></highlight></codeline>
<codeline lineno="97"><highlight class="normal"><sp/><sp/><sp/><sp/>enfant<sp/>=<sp/>fils(*T,<sp/>indice);</highlight></codeline>
<codeline lineno="98"><highlight class="normal"><sp/><sp/><sp/><sp/>parent<sp/>=<sp/>indice;</highlight></codeline>
<codeline lineno="99"><highlight class="normal"></highlight></codeline>
<codeline lineno="100"><highlight class="normal"><sp/><sp/><sp/><sp/></highlight><highlight class="keywordflow">while</highlight><highlight class="normal"><sp/>(enfant<sp/>&gt;<sp/>-1<sp/>&amp;&amp;<sp/>T<sp/>-&gt;<sp/>valeurs[enfant].moment<sp/>&lt;<sp/>T<sp/>-&gt;<sp/>valeurs[parent].moment){</highlight></codeline>
<codeline lineno="101"><highlight class="normal"><sp/><sp/><sp/><sp/><sp/><sp/><sp/><sp/>copie_ev(&amp;tmp,<sp/>T<sp/>-&gt;<sp/>valeurs[enfant]);</highlight></codeline>
<codeline lineno="102"><highlight class="normal"><sp/><sp/><sp/><sp/><sp/><sp/><sp/><sp/>copie_ev(&amp;(T<sp/>-&gt;<sp/>valeurs[enfant]),<sp/>T<sp/>-&gt;<sp/>valeurs[parent]);</highlight></codeline>
<codeline lineno="103"><highlight class="normal"><sp/><sp/><sp/><sp/><sp/><sp/><sp/><sp/>copie_ev(&amp;(T<sp/>-&gt;<sp/>valeurs[parent]),<sp/>tmp);</highlight></codeline>
<codeline lineno="104"><highlight class="normal"></highlight></codeline>
<codeline lineno="105"><highlight class="normal"><sp/><sp/><sp/><sp/><sp/><sp/><sp/><sp/>parent<sp/>=<sp/>enfant;</highlight></codeline>
<codeline lineno="106"><highlight class="normal"><sp/><sp/><sp/><sp/><sp/><sp/><sp/><sp/>enfant<sp/>=<sp/>fils(*T,<sp/>parent);</highlight></codeline>
<codeline lineno="107"><highlight class="normal"><sp/><sp/><sp/><sp/>}</highlight></codeline>
<codeline lineno="108"><highlight class="normal">}</highlight></codeline>
<codeline lineno="109"><highlight class="normal"></highlight></codeline>
<codeline lineno="110"><highlight class="normal"></highlight></codeline>
<codeline lineno="114"><highlight class="keyword">static</highlight><highlight class="normal"><sp/></highlight><highlight class="keywordtype">void</highlight><highlight class="normal"><sp/>remontee(<ref refid="struct_tas" kindref="compound">Tas</ref><sp/>*<sp/>T,<sp/></highlight><highlight class="keywordtype">unsigned</highlight><highlight class="normal"><sp/></highlight><highlight class="keywordtype">int</highlight><highlight class="normal"><sp/>indice){</highlight></codeline>
<codeline lineno="115"><highlight class="normal"><sp/><sp/><sp/><sp/></highlight><highlight class="keywordtype">int</highlight><highlight class="normal"><sp/>enfant,<sp/>parent;</highlight></codeline>
<codeline lineno="116"><highlight class="normal"><sp/><sp/><sp/><sp/><ref refid="struct_evenement" kindref="compound">Evenement</ref><sp/>tmp;</highlight></codeline>
<codeline lineno="117"><highlight class="normal"></highlight></codeline>
<codeline lineno="118"><highlight class="normal"><sp/><sp/><sp/><sp/></highlight><highlight class="keywordflow">if</highlight><highlight class="normal"><sp/>(NULL<sp/>==<sp/>T<sp/>-&gt;<sp/>valeurs<sp/>||<sp/>indice<sp/>&gt;=<sp/>T-&gt;<ref refid="struct_tas_1ae5b063c5388157c3c04a0937d52fbeed" kindref="member">taille</ref>)</highlight></codeline>
<codeline lineno="119"><highlight class="normal"><sp/><sp/><sp/><sp/><sp/><sp/><sp/><sp/></highlight><highlight class="keywordflow">return</highlight><highlight class="normal">;</highlight></codeline>
<codeline lineno="120"><highlight class="normal"></highlight></codeline>
<codeline lineno="121"><highlight class="normal"><sp/><sp/><sp/><sp/>enfant<sp/>=<sp/>indice;</highlight></codeline>
<codeline lineno="122"><highlight class="normal"><sp/><sp/><sp/><sp/>parent<sp/>=<sp/>(indice<sp/>-<sp/>1)<sp/>/<sp/>2;</highlight></codeline>
<codeline lineno="123"><highlight class="normal"></highlight></codeline>
<codeline lineno="124"><highlight class="normal"><sp/><sp/><sp/><sp/></highlight><highlight class="keywordflow">while</highlight><highlight class="normal"><sp/>(enfant<sp/>&gt;<sp/>0<sp/>&amp;&amp;<sp/>T<sp/>-&gt;<sp/>valeurs[enfant].moment<sp/>&lt;<sp/>T<sp/>-&gt;<sp/>valeurs[parent].moment){</highlight></codeline>
<codeline lineno="125"><highlight class="normal"></highlight></codeline>
<codeline lineno="126"><highlight class="normal"><sp/><sp/><sp/><sp/><sp/><sp/><sp/><sp/>copie_ev(&amp;tmp,<sp/>T<sp/>-&gt;<sp/>valeurs[enfant]);</highlight></codeline>
<codeline lineno="127"><highlight class="normal"><sp/><sp/><sp/><sp/><sp/><sp/><sp/><sp/>copie_ev(&amp;(T<sp/>-&gt;<sp/>valeurs[enfant]),<sp/>T<sp/>-&gt;<sp/>valeurs[parent]);</highlight></codeline>
<codeline lineno="128"><highlight class="normal"><sp/><sp/><sp/><sp/><sp/><sp/><sp/><sp/>copie_ev(&amp;(T<sp/>-&gt;<sp/>valeurs[parent]),<sp/>tmp);</highlight></codeline>
<codeline lineno="129"><highlight class="normal"></highlight></codeline>
<codeline lineno="130"><highlight class="normal"><sp/><sp/><sp/><sp/><sp/><sp/><sp/><sp/>enfant<sp/>=<sp/>parent;</highlight></codeline>
<codeline lineno="131"><highlight class="normal"><sp/><sp/><sp/><sp/><sp/><sp/><sp/><sp/>parent<sp/>=<sp/>(enfant<sp/>-<sp/>1)<sp/>/<sp/>2;</highlight></codeline>
<codeline lineno="132"><highlight class="normal"><sp/><sp/><sp/><sp/>}</highlight></codeline>
<codeline lineno="133"><highlight class="normal">}</highlight></codeline>
<codeline lineno="134"><highlight class="normal"></highlight></codeline>
<codeline lineno="135"><highlight class="normal"></highlight></codeline>
<codeline lineno="139"><highlight class="keyword">static</highlight><highlight class="normal"><sp/></highlight><highlight class="keywordtype">void</highlight><highlight class="normal"><sp/>change(<ref refid="struct_tas" kindref="compound">Tas</ref><sp/>*<sp/>T,<sp/></highlight><highlight class="keywordtype">unsigned</highlight><highlight class="normal"><sp/></highlight><highlight class="keywordtype">int</highlight><highlight class="normal"><sp/>indice,<sp/><ref refid="struct_evenement" kindref="compound">Evenement</ref><sp/>valeur){</highlight></codeline>
<codeline lineno="140"><highlight class="normal"><sp/><sp/><sp/><sp/></highlight><highlight class="keywordtype">int</highlight><highlight class="normal"><sp/>enfant<sp/>=<sp/>fils(*T,<sp/>indice),<sp/>parent<sp/>=<sp/>(((int)indice)<sp/>-<sp/>1)<sp/>/<sp/>2;</highlight></codeline>
<codeline lineno="141"><highlight class="normal"><sp/><sp/><sp/><sp/></highlight><highlight class="comment">/*fprintf(stderr,<sp/>&quot;%d\n&quot;,<sp/>parent);*/</highlight><highlight class="normal"></highlight></codeline>
<codeline lineno="142"><highlight class="normal"><sp/><sp/><sp/><sp/></highlight><highlight class="keywordflow">if</highlight><highlight class="normal">(indice<sp/>&gt;<sp/>T<sp/>-&gt;<sp/>taille){</highlight></codeline>
<codeline lineno="143"><highlight class="normal"><sp/><sp/><sp/><sp/><sp/><sp/><sp/><sp/></highlight><highlight class="keywordflow">return</highlight><highlight class="normal">;</highlight></codeline>
<codeline lineno="144"><highlight class="normal"><sp/><sp/><sp/><sp/>}</highlight></codeline>
<codeline lineno="145"><highlight class="normal"><sp/><sp/><sp/><sp/></highlight><highlight class="keywordflow">if</highlight><highlight class="normal">(parent<sp/>&lt;<sp/>0){</highlight></codeline>
<codeline lineno="146"><highlight class="normal"><sp/><sp/><sp/><sp/><sp/><sp/><sp/><sp/>parent<sp/>=<sp/>0;</highlight></codeline>
<codeline lineno="147"><highlight class="normal"><sp/><sp/><sp/><sp/>}</highlight></codeline>
<codeline lineno="148"><highlight class="normal"><sp/><sp/><sp/><sp/></highlight><highlight class="comment">/*fprintf(stderr,<sp/>&quot;ok<sp/>3\n&quot;);*/</highlight><highlight class="normal"></highlight></codeline>
<codeline lineno="149"><highlight class="normal"><sp/><sp/><sp/><sp/>copie_ev(&amp;(T-&gt;<ref refid="struct_tas_1a4eef4509b8e3561b694a66ac2578e4fc" kindref="member">valeurs</ref>[indice]),<sp/>valeur);</highlight></codeline>
<codeline lineno="150"><highlight class="normal"><sp/><sp/><sp/><sp/>T<sp/>-&gt;<sp/>taille<sp/>-=<sp/>1;</highlight></codeline>
<codeline lineno="151"><highlight class="normal"><sp/><sp/><sp/><sp/></highlight><highlight class="comment">/*fprintf(stderr,<sp/>&quot;ok<sp/>3\n%d<sp/>|<sp/>%d\n&quot;,<sp/>indice,<sp/>parent);*/</highlight><highlight class="normal"></highlight></codeline>
<codeline lineno="152"><highlight class="normal"><sp/><sp/><sp/><sp/></highlight><highlight class="keywordflow">if</highlight><highlight class="normal"><sp/>(T-&gt;<ref refid="struct_tas_1a4eef4509b8e3561b694a66ac2578e4fc" kindref="member">valeurs</ref>[indice].<ref refid="struct_evenement_1a2241ada66aba1dedd873b57f0ed7cadb" kindref="member">moment</ref><sp/>&lt;<sp/>T-&gt;<ref refid="struct_tas_1a4eef4509b8e3561b694a66ac2578e4fc" kindref="member">valeurs</ref>[parent].<ref refid="struct_evenement_1a2241ada66aba1dedd873b57f0ed7cadb" kindref="member">moment</ref>){</highlight></codeline>
<codeline lineno="153"><highlight class="normal"><sp/><sp/><sp/><sp/><sp/><sp/><sp/><sp/></highlight><highlight class="comment">/*fprintf(stderr,<sp/>&quot;monte\n&quot;);*/</highlight><highlight class="normal"></highlight></codeline>
<codeline lineno="154"><highlight class="normal"><sp/><sp/><sp/><sp/><sp/><sp/><sp/><sp/>remontee(T,<sp/>indice);</highlight></codeline>
<codeline lineno="155"><highlight class="normal"><sp/><sp/><sp/><sp/>}</highlight></codeline>
<codeline lineno="156"><highlight class="normal"><sp/><sp/><sp/><sp/></highlight><highlight class="keywordflow">else</highlight><highlight class="normal"><sp/></highlight><highlight class="keywordflow">if</highlight><highlight class="normal"><sp/>(T-&gt;<ref refid="struct_tas_1a4eef4509b8e3561b694a66ac2578e4fc" kindref="member">valeurs</ref>[indice].<ref refid="struct_evenement_1a2241ada66aba1dedd873b57f0ed7cadb" kindref="member">moment</ref><sp/>&gt;<sp/>T-&gt;<ref refid="struct_tas_1a4eef4509b8e3561b694a66ac2578e4fc" kindref="member">valeurs</ref>[enfant].<ref refid="struct_evenement_1a2241ada66aba1dedd873b57f0ed7cadb" kindref="member">moment</ref>){</highlight></codeline>
<codeline lineno="157"><highlight class="normal"><sp/><sp/><sp/><sp/><sp/><sp/><sp/><sp/></highlight><highlight class="comment">/*fprintf(stderr,<sp/>&quot;descend\n&quot;);*/</highlight><highlight class="normal"></highlight></codeline>
<codeline lineno="158"><highlight class="normal"><sp/><sp/><sp/><sp/><sp/><sp/><sp/><sp/>descente(T,<sp/>indice);</highlight></codeline>
<codeline lineno="159"><highlight class="normal"><sp/><sp/><sp/><sp/>}</highlight></codeline>
<codeline lineno="160"><highlight class="normal"><sp/><sp/><sp/><sp/></highlight><highlight class="comment">/*fprintf(stderr,<sp/>&quot;ok<sp/>3\n&quot;);*/</highlight><highlight class="normal"></highlight></codeline>
<codeline lineno="161"><highlight class="normal">}</highlight></codeline>
<codeline lineno="162"><highlight class="normal"></highlight></codeline>
<codeline lineno="163"><highlight class="normal"></highlight></codeline>
<codeline lineno="164" refid="tas_8c_1aae669175bc91f6abee9820888f8632f6" refkind="member"><highlight class="normal"></highlight><highlight class="keywordtype">int</highlight><highlight class="normal"><sp/><ref refid="tas_8c_1aae669175bc91f6abee9820888f8632f6" kindref="member">ote_minimum</ref>(<ref refid="struct_tas" kindref="compound">Tas</ref>*<sp/>tas,<sp/><ref refid="struct_evenement" kindref="compound">Evenement</ref><sp/>*<sp/>min){</highlight></codeline>
<codeline lineno="165"><highlight class="normal"></highlight></codeline>
<codeline lineno="166"><highlight class="normal"><sp/><sp/><sp/><sp/></highlight><highlight class="keywordflow">if</highlight><highlight class="normal"><sp/>((NULL<sp/>==<sp/>tas<sp/>&amp;&amp;<sp/>tas<sp/>-&gt;<sp/>taille<sp/>&gt;<sp/>0)<sp/>||<sp/>min<sp/>==<sp/>NULL){</highlight></codeline>
<codeline lineno="167"><highlight class="normal"><sp/><sp/><sp/><sp/><sp/><sp/><sp/><sp/></highlight><highlight class="keywordflow">return</highlight><highlight class="normal"><sp/>0;</highlight></codeline>
<codeline lineno="168"><highlight class="normal"><sp/><sp/><sp/><sp/>}</highlight></codeline>
<codeline lineno="169"><highlight class="normal"><sp/><sp/><sp/><sp/>copie_ev(min,<sp/>tas<sp/>-&gt;<sp/>valeurs[0]);</highlight></codeline>
<codeline lineno="170"><highlight class="normal"><sp/><sp/><sp/><sp/>change(tas,<sp/>0,<sp/>tas<sp/>-&gt;<sp/>valeurs[(tas<sp/>-&gt;<sp/>taille)<sp/>-<sp/>1]);</highlight></codeline>
<codeline lineno="171"><highlight class="normal"><sp/><sp/><sp/><sp/></highlight><highlight class="keywordflow">return</highlight><highlight class="normal"><sp/>1;</highlight></codeline>
<codeline lineno="172"><highlight class="normal">}</highlight></codeline>
<codeline lineno="173"><highlight class="normal"></highlight></codeline>
<codeline lineno="174"><highlight class="normal"></highlight></codeline>
<codeline lineno="175" refid="tas_8c_1a0c77209bc71bd722fb856e80524c85ee" refkind="member"><highlight class="normal"></highlight><highlight class="keywordtype">int</highlight><highlight class="normal"><sp/><ref refid="tas_8c_1a0c77209bc71bd722fb856e80524c85ee" kindref="member">ajoute_evenement</ref>(<ref refid="struct_tas" kindref="compound">Tas</ref>*<sp/>tas,<sp/><ref refid="struct_evenement" kindref="compound">Evenement</ref><sp/>n){</highlight></codeline>
<codeline lineno="176"><highlight class="normal"><sp/><sp/><sp/><sp/></highlight><highlight class="keywordtype">int</highlight><highlight class="normal"><sp/>indice;</highlight></codeline>
<codeline lineno="177"><highlight class="normal"></highlight></codeline>
<codeline lineno="178"><highlight class="normal"><sp/><sp/><sp/><sp/></highlight><highlight class="keywordflow">if</highlight><highlight class="normal"><sp/>(NULL<sp/>==<sp/>tas<sp/>||<sp/>tas<sp/>-&gt;<sp/>taille<sp/>&gt;=<sp/>tas<sp/>-&gt;<sp/>capacite){</highlight></codeline>
<codeline lineno="179"><highlight class="normal"><sp/><sp/><sp/><sp/><sp/><sp/><sp/><sp/></highlight><highlight class="keywordflow">return</highlight><highlight class="normal"><sp/>0;</highlight></codeline>
<codeline lineno="180"><highlight class="normal"><sp/><sp/><sp/><sp/>}</highlight></codeline>
<codeline lineno="181"><highlight class="normal"></highlight></codeline>
<codeline lineno="182"><highlight class="normal"><sp/><sp/><sp/><sp/>indice<sp/>=<sp/>tas<sp/>-&gt;<sp/>taille<sp/>++<sp/>;</highlight></codeline>
<codeline lineno="183"><highlight class="normal"><sp/><sp/><sp/><sp/>copie_ev(&amp;(tas<sp/>-&gt;<sp/>valeurs[indice]),<sp/>n);</highlight></codeline>
<codeline lineno="184"><highlight class="normal"><sp/><sp/><sp/><sp/>remontee(tas,<sp/>indice);</highlight></codeline>
<codeline lineno="185"><highlight class="normal"></highlight></codeline>
<codeline lineno="186"><highlight class="normal"><sp/><sp/><sp/><sp/></highlight><highlight class="keywordflow">return</highlight><highlight class="normal"><sp/>1;</highlight></codeline>
<codeline lineno="187"><highlight class="normal">}</highlight></codeline>
    </programlisting>
    <location file="Cours/projet_final_algo/src/tas.c"/>
  </compounddef>
</doxygen>
