<?xml version='1.0' encoding='UTF-8' standalone='no'?>
<doxygen xmlns:xsi="http://www.w3.org/2001/XMLSchema-instance" xsi:noNamespaceSchemaLocation="compound.xsd" version="1.8.20" xml:lang="fr">
  <compounddef id="temps_8c" kind="file" language="C++">
    <compoundname>temps.c</compoundname>
    <includes local="yes">../header/temps.h</includes>
    <incdepgraph>
      <node id="1">
        <label>Cours/projet_final_algo/src/temps.c</label>
        <link refid="temps_8c"/>
        <childnode refid="2" relation="include">
        </childnode>
      </node>
      <node id="2">
        <label>../header/temps.h</label>
      </node>
    </incdepgraph>
      <sectiondef kind="func">
      <memberdef kind="function" id="temps_8c_1aa033ba8d331041b1de05b2548c492e4f" prot="public" static="no" const="no" explicit="no" inline="no" virt="non-virtual">
        <type>long unsigned</type>
        <definition>long unsigned maintenant</definition>
        <argsstring>()</argsstring>
        <name>maintenant</name>
        <briefdescription>
        </briefdescription>
        <detaileddescription>
<para><ref refid="temps_8c" kindref="compound">temps.c</ref> Etienne Collet / Lyna Benaibouche</para>
<para>commencer le : 4/04/2021 fini le : ??</para>
<para>Projet final Algo des arbre Université Gustave Eiffel</para>
<para>permet de gere le temps </para>
        </detaileddescription>
        <inbodydescription>
        </inbodydescription>
        <location file="Cours/projet_final_algo/src/temps.c" line="16" column="15" bodyfile="Cours/projet_final_algo/src/temps.c" bodystart="16" bodyend="18"/>
      </memberdef>
      <memberdef kind="function" id="temps_8c_1a38c5c4c1cfef97316094139ff4187e3a" prot="public" static="no" const="no" explicit="no" inline="no" virt="non-virtual">
        <type>void</type>
        <definition>void millisleep</definition>
        <argsstring>(unsigned long i)</argsstring>
        <name>millisleep</name>
        <param>
          <type>unsigned long</type>
          <declname>i</declname>
        </param>
        <briefdescription>
        </briefdescription>
        <detaileddescription>
        </detaileddescription>
        <inbodydescription>
        </inbodydescription>
        <location file="Cours/projet_final_algo/src/temps.c" line="21" column="6" bodyfile="Cours/projet_final_algo/src/temps.c" bodystart="21" bodyend="26"/>
      </memberdef>
      </sectiondef>
    <briefdescription>
    </briefdescription>
    <detaileddescription>
    </detaileddescription>
    <programlisting>
<codeline lineno="1"></codeline>
<codeline lineno="13"><highlight class="preprocessor">#include<sp/>&quot;../header/temps.h&quot;</highlight><highlight class="normal"></highlight></codeline>
<codeline lineno="14"><highlight class="normal"></highlight></codeline>
<codeline lineno="15"><highlight class="normal"></highlight></codeline>
<codeline lineno="16" refid="temps_8c_1aa033ba8d331041b1de05b2548c492e4f" refkind="member"><highlight class="normal"></highlight><highlight class="keywordtype">long</highlight><highlight class="normal"><sp/></highlight><highlight class="keywordtype">unsigned</highlight><highlight class="normal"><sp/><ref refid="temps_8c_1aa033ba8d331041b1de05b2548c492e4f" kindref="member">maintenant</ref>(){</highlight></codeline>
<codeline lineno="17"><highlight class="normal"><sp/><sp/><sp/><sp/></highlight><highlight class="keywordflow">return</highlight><highlight class="normal"><sp/>clock();</highlight></codeline>
<codeline lineno="18"><highlight class="normal">}</highlight></codeline>
<codeline lineno="19"><highlight class="normal"></highlight></codeline>
<codeline lineno="20"><highlight class="normal"></highlight></codeline>
<codeline lineno="21" refid="temps_8c_1a38c5c4c1cfef97316094139ff4187e3a" refkind="member"><highlight class="normal"></highlight><highlight class="keywordtype">void</highlight><highlight class="normal"><sp/><ref refid="temps_8c_1a38c5c4c1cfef97316094139ff4187e3a" kindref="member">millisleep</ref>(</highlight><highlight class="keywordtype">unsigned</highlight><highlight class="normal"><sp/></highlight><highlight class="keywordtype">long</highlight><highlight class="normal"><sp/>i){</highlight></codeline>
<codeline lineno="22"><highlight class="normal"><sp/><sp/><sp/><sp/></highlight><highlight class="keyword">struct<sp/></highlight><highlight class="normal">timeval<sp/>tim;</highlight></codeline>
<codeline lineno="23"><highlight class="normal"><sp/><sp/><sp/><sp/>tim.tv_sec<sp/>=<sp/>0;</highlight></codeline>
<codeline lineno="24"><highlight class="normal"><sp/><sp/><sp/><sp/>tim.tv_usec<sp/>=<sp/><sp/>i<sp/>*<sp/>1000;</highlight></codeline>
<codeline lineno="25"><highlight class="normal"><sp/><sp/><sp/><sp/>select(0,<sp/>NULL,<sp/>NULL,<sp/>NULL,<sp/>&amp;tim);</highlight></codeline>
<codeline lineno="26"><highlight class="normal">}</highlight></codeline>
    </programlisting>
    <location file="Cours/projet_final_algo/src/temps.c"/>
  </compounddef>
</doxygen>
