<?xml version='1.0' encoding='UTF-8' standalone='no'?>
<doxygen xmlns:xsi="http://www.w3.org/2001/XMLSchema-instance" xsi:noNamespaceSchemaLocation="compound.xsd" version="1.8.20" xml:lang="fr">
  <compounddef id="temps_8h" kind="file" language="C++">
    <compoundname>temps.h</compoundname>
    <includes local="no">assert.h</includes>
    <includes local="no">stdlib.h</includes>
    <includes local="no">stdio.h</includes>
    <includes local="no">sys/select.h</includes>
    <includes local="no">time.h</includes>
    <includedby refid="moteur_8h" local="yes">Cours/projet_final_algo/src/header/moteur.h</includedby>
    <includedby refid="niveau_8h" local="yes">Cours/projet_final_algo/src/header/niveau.h</includedby>
    <includedby refid="objet_8h" local="yes">Cours/projet_final_algo/src/header/objet.h</includedby>
    <includedby refid="tas_8h" local="yes">Cours/projet_final_algo/src/header/tas.h</includedby>
    <incdepgraph>
      <node id="5">
        <label>sys/select.h</label>
      </node>
      <node id="1">
        <label>Cours/projet_final_algo/src/header/temps.h</label>
        <link refid="temps_8h"/>
        <childnode refid="2" relation="include">
        </childnode>
        <childnode refid="3" relation="include">
        </childnode>
        <childnode refid="4" relation="include">
        </childnode>
        <childnode refid="5" relation="include">
        </childnode>
        <childnode refid="6" relation="include">
        </childnode>
      </node>
      <node id="2">
        <label>assert.h</label>
      </node>
      <node id="3">
        <label>stdlib.h</label>
      </node>
      <node id="6">
        <label>time.h</label>
      </node>
      <node id="4">
        <label>stdio.h</label>
      </node>
    </incdepgraph>
    <invincdepgraph>
      <node id="1">
        <label>Cours/projet_final_algo/src/header/temps.h</label>
        <link refid="temps_8h"/>
        <childnode refid="2" relation="include">
        </childnode>
        <childnode refid="3" relation="include">
        </childnode>
        <childnode refid="6" relation="include">
        </childnode>
        <childnode refid="7" relation="include">
        </childnode>
      </node>
      <node id="2">
        <label>Cours/projet_final_algo/src/header/moteur.h</label>
        <link refid="moteur_8h"/>
      </node>
      <node id="5">
        <label>Cours/projet_final_algo/src/header/fichier.h</label>
        <link refid="fichier_8h"/>
        <childnode refid="2" relation="include">
        </childnode>
      </node>
      <node id="6">
        <label>Cours/projet_final_algo/src/header/objet.h</label>
        <link refid="objet_8h"/>
        <childnode refid="2" relation="include">
        </childnode>
        <childnode refid="3" relation="include">
        </childnode>
      </node>
      <node id="7">
        <label>Cours/projet_final_algo/src/header/tas.h</label>
        <link refid="tas_8h"/>
        <childnode refid="3" relation="include">
        </childnode>
      </node>
      <node id="3">
        <label>Cours/projet_final_algo/src/header/niveau.h</label>
        <link refid="niveau_8h"/>
        <childnode refid="4" relation="include">
        </childnode>
        <childnode refid="5" relation="include">
        </childnode>
        <childnode refid="2" relation="include">
        </childnode>
      </node>
      <node id="4">
        <label>Cours/projet_final_algo/src/header/affiche.h</label>
        <link refid="affiche_8h"/>
        <childnode refid="2" relation="include">
        </childnode>
      </node>
    </invincdepgraph>
      <sectiondef kind="var">
      <memberdef kind="variable" id="temps_8h_1a067fbeddfae6eae6e942a1b9ddd35523" prot="public" static="yes" mutable="no">
        <type>const long unsigned</type>
        <definition>const long unsigned une_seconde</definition>
        <argsstring></argsstring>
        <name>une_seconde</name>
        <initializer>= CLOCKS_PER_SEC</initializer>
        <briefdescription>
        </briefdescription>
        <detaileddescription>
        </detaileddescription>
        <inbodydescription>
        </inbodydescription>
        <location file="Cours/projet_final_algo/src/header/temps.h" line="25" column="28" bodyfile="Cours/projet_final_algo/src/header/temps.h" bodystart="25" bodyend="-1"/>
      </memberdef>
      <memberdef kind="variable" id="temps_8h_1a89a7b8ecca0f07abc0b4ab3bfda410bd" prot="public" static="yes" mutable="no">
        <type>const long unsigned</type>
        <definition>const long unsigned une_milliseconde</definition>
        <argsstring></argsstring>
        <name>une_milliseconde</name>
        <initializer>= une_seconde/1000</initializer>
        <briefdescription>
        </briefdescription>
        <detaileddescription>
        </detaileddescription>
        <inbodydescription>
        </inbodydescription>
        <location file="Cours/projet_final_algo/src/header/temps.h" line="32" column="28" bodyfile="Cours/projet_final_algo/src/header/temps.h" bodystart="32" bodyend="-1"/>
      </memberdef>
      </sectiondef>
      <sectiondef kind="func">
      <memberdef kind="function" id="temps_8h_1aa033ba8d331041b1de05b2548c492e4f" prot="public" static="no" const="no" explicit="no" inline="no" virt="non-virtual">
        <type>long unsigned</type>
        <definition>long unsigned maintenant</definition>
        <argsstring>()</argsstring>
        <name>maintenant</name>
        <briefdescription>
        </briefdescription>
        <detaileddescription>
<para>La fonction <computeroutput><ref refid="temps_8h_1aa033ba8d331041b1de05b2548c492e4f" kindref="member">maintenant()</ref></computeroutput> renvoie le nombre de &quot;tick&quot; du processeur depuis le lancement du programme. </para>
        </detaileddescription>
        <inbodydescription>
        </inbodydescription>
        <location file="Cours/projet_final_algo/src/header/temps.h" line="38" column="15" declfile="Cours/projet_final_algo/src/header/temps.h" declline="38" declcolumn="15"/>
      </memberdef>
      <memberdef kind="function" id="temps_8h_1a38c5c4c1cfef97316094139ff4187e3a" prot="public" static="no" const="no" explicit="no" inline="no" virt="non-virtual">
        <type>void</type>
        <definition>void millisleep</definition>
        <argsstring>(unsigned long i)</argsstring>
        <name>millisleep</name>
        <param>
          <type>unsigned long</type>
          <declname>i</declname>
        </param>
        <briefdescription>
        </briefdescription>
        <detaileddescription>
<para>La fonction <computeroutput>millisleep(i)</computeroutput> fait en sorte que le programme attende i millisecondes avant de continuer a s&apos;executer. </para>
        </detaileddescription>
        <inbodydescription>
        </inbodydescription>
        <location file="Cours/projet_final_algo/src/header/temps.h" line="45" column="6" declfile="Cours/projet_final_algo/src/header/temps.h" declline="45" declcolumn="6"/>
      </memberdef>
      </sectiondef>
    <briefdescription>
<para>Projet final Algo des arbre Université Gustave Eiffel. </para>
    </briefdescription>
    <detaileddescription>
<para><simplesect kind="author"><para>Etienne Collet / Lyna Benaibouche</para>
</simplesect>
<simplesect kind="date"><para>4/04/2021 - 16/05/2021</para>
</simplesect>
Permet de gere le temps </para>
    </detaileddescription>
    <programlisting>
<codeline lineno="1"></codeline>
<codeline lineno="12"><highlight class="preprocessor">#ifndef<sp/>__TE__</highlight><highlight class="normal"></highlight></codeline>
<codeline lineno="13"><highlight class="normal"></highlight><highlight class="preprocessor">#define<sp/>__TE__</highlight><highlight class="normal"></highlight></codeline>
<codeline lineno="14"><highlight class="normal"></highlight></codeline>
<codeline lineno="15"><highlight class="normal"></highlight><highlight class="preprocessor">#include<sp/>&lt;assert.h&gt;</highlight><highlight class="normal"></highlight></codeline>
<codeline lineno="16"><highlight class="normal"></highlight><highlight class="preprocessor">#include<sp/>&lt;stdlib.h&gt;</highlight><highlight class="normal"></highlight></codeline>
<codeline lineno="17"><highlight class="normal"></highlight><highlight class="preprocessor">#include<sp/>&lt;stdio.h&gt;</highlight><highlight class="normal"></highlight></codeline>
<codeline lineno="18"><highlight class="normal"></highlight><highlight class="preprocessor">#include<sp/>&lt;sys/select.h&gt;</highlight><highlight class="normal"></highlight></codeline>
<codeline lineno="19"><highlight class="normal"></highlight><highlight class="preprocessor">#include<sp/>&lt;time.h&gt;</highlight><highlight class="normal"></highlight></codeline>
<codeline lineno="20"><highlight class="normal"></highlight></codeline>
<codeline lineno="25"><highlight class="keyword">static</highlight><highlight class="normal"><sp/></highlight><highlight class="keyword">const</highlight><highlight class="normal"><sp/></highlight><highlight class="keywordtype">long</highlight><highlight class="normal"><sp/></highlight><highlight class="keywordtype">unsigned</highlight><highlight class="normal"><sp/>une_seconde<sp/>=<sp/>CLOCKS_PER_SEC;</highlight></codeline>
<codeline lineno="26"><highlight class="normal"></highlight></codeline>
<codeline lineno="27"><highlight class="normal"></highlight></codeline>
<codeline lineno="32"><highlight class="keyword">static</highlight><highlight class="normal"><sp/></highlight><highlight class="keyword">const</highlight><highlight class="normal"><sp/></highlight><highlight class="keywordtype">long</highlight><highlight class="normal"><sp/></highlight><highlight class="keywordtype">unsigned</highlight><highlight class="normal"><sp/>une_milliseconde<sp/>=<sp/>une_seconde/1000;</highlight></codeline>
<codeline lineno="33"><highlight class="normal"></highlight></codeline>
<codeline lineno="38" refid="temps_8h_1aa033ba8d331041b1de05b2548c492e4f" refkind="member"><highlight class="keywordtype">long</highlight><highlight class="normal"><sp/></highlight><highlight class="keywordtype">unsigned</highlight><highlight class="normal"><sp/><ref refid="temps_8h_1aa033ba8d331041b1de05b2548c492e4f" kindref="member">maintenant</ref>();</highlight></codeline>
<codeline lineno="39"><highlight class="normal"></highlight></codeline>
<codeline lineno="40"><highlight class="normal"></highlight></codeline>
<codeline lineno="45" refid="temps_8h_1a38c5c4c1cfef97316094139ff4187e3a" refkind="member"><highlight class="keywordtype">void</highlight><highlight class="normal"><sp/><ref refid="temps_8h_1a38c5c4c1cfef97316094139ff4187e3a" kindref="member">millisleep</ref>(</highlight><highlight class="keywordtype">unsigned</highlight><highlight class="normal"><sp/></highlight><highlight class="keywordtype">long</highlight><highlight class="normal"><sp/>i);</highlight></codeline>
<codeline lineno="46"><highlight class="normal"></highlight></codeline>
<codeline lineno="47"><highlight class="normal"></highlight><highlight class="preprocessor">#endif</highlight></codeline>
    </programlisting>
    <location file="Cours/projet_final_algo/src/header/temps.h"/>
  </compounddef>
</doxygen>
